algorithm,seed,episode,reward,episode_length,success,skill_gap_initial,skill_gap_final,skill_gap_reduction,skill_gap_reduction_pct,quiz_initial,quiz_final,quiz_improvement,avg_quiz_score,course_completion,video_completion,learning_progress_initial,learning_progress_final,learning_progress_improvement,target_skill_coverage,recommendation_success,steps_to_skill_goal,average_q_value,std_q_value
Double DQN,42,1,5.453192573949125,12,1,0.836741839603006,0.8418065676017275,-0.0050647279987214855,-0.6052915916245395,94.13268090399085,87.59878314599982,-6.533897757991028,80.96380398142094,0.0,100.0,0.16709114078853082,0.12415284044307377,-0.04293830034545705,0.0,91.66666666666666,12,2.5956756826507523,1.3525735597537438
Double DQN,42,2,5.435176750326605,12,1,0.882346933909034,0.7797633253573965,0.1025836085516375,11.62622145658336,94.32669333087262,92.2006893120995,-2.1260040187731164,84.68497049871367,0.0,100.0,0.13737049436549997,0.20716172652297093,0.06979123215747096,0.0,91.66666666666666,12,2.4615152117780212,1.2328421554051823
Double DQN,42,3,5.524995362599794,12,1,0.8156981525350622,0.8603398135516738,-0.0446416610166116,-5.47281624677858,91.62844359290894,97.91003159018,6.28158799727106,88.54865673218245,0.0,100.0,0.17760877139346917,0.14425678172305928,-0.03335198967040989,0.0,100.0,12,2.6236963134287485,1.23386247518297
Double DQN,42,4,5.4651783403707626,12,1,0.8653123989448804,0.9029648320907121,-0.037652433145831665,-4.351310947554109,76.79608012845827,61.7754711152766,-15.02060901318167,85.25028589453719,0.0,100.0,0.1645176842131023,0.10228534291991084,-0.06223234129319147,0.0,100.0,12,2.7158766982306646,1.2147278292003967
Double DQN,42,5,5.354349420624791,12,1,0.8047662172797866,0.8461938568835015,-0.04142763960371487,-5.147785619498993,67.93919306268612,90.84648880715471,22.9072957444686,83.4461937576258,0.0,100.0,0.1939299514855927,0.16451129312433477,-0.029418658361257927,0.0,91.66666666666666,12,2.6910952446366934,1.2967212446535574
Double DQN,42,6,5.48085418613114,12,1,0.8409198939609533,0.8450778361222367,-0.004157942161283401,-0.4944516345901156,93.50629642923776,74.57937406501019,-18.92692236422758,86.97453933875373,0.0,100.0,0.17922771643894786,0.16665735283591732,-0.012570363603030543,0.0,100.0,12,2.599902328867904,1.2406844142107472
Double DQN,42,7,5.353022464117443,12,1,0.8317208413428094,0.842064810801382,-0.010343969458572522,-1.2436828493887724,88.37263930012182,97.91116714982506,9.538527849703243,84.45854712225123,0.0,100.0,0.1794881863676029,0.15780330383111393,-0.021684882536488953,0.0,91.66666666666666,12,2.628189391161071,1.2615775183824445
Double DQN,42,8,5.465542527599421,12,1,0.9401517498552632,0.8358385533134893,0.10431319654177384,11.095357377979981,75.63741646022784,82.15736387449186,6.519947414264024,82.68659160782539,0.0,100.0,0.11019857041216338,0.17044978044833065,0.06025121003616726,0.0,100.0,12,2.4799668690177694,1.2212078049009853
Double DQN,42,9,5.459930377947997,12,1,0.8461571763480773,0.8879324173198958,-0.041775240971818506,-4.937054502346233,68.68089686567451,70.7843941554038,2.1034972897292903,85.25445322984935,0.0,100.0,0.13513155853697048,0.1112242230381285,-0.023907335498841983,0.0,100.0,12,2.4878637847282294,1.1784251064651803
Double DQN,42,10,5.416526514327995,12,1,0.8779162317143749,0.8938689183472501,-0.01595268663287519,-1.8171080630008565,84.77124094465213,81.62266971517037,-3.1485712294817603,84.52902589977181,0.0,100.0,0.1639521821281572,0.1263492780405253,-0.03760290408763192,0.0,100.0,12,2.572738738442616,1.2880575672721852
Double DQN,42,11,5.37486803849051,12,1,0.8762947839817304,0.8997489794537286,-0.02345419547199812,-2.6765188953226846,100.0,83.12966088061673,-16.870339119383274,82.81353575677484,0.0,100.0,0.12570532206455146,0.1480876930613906,0.02238237099683915,0.0,100.0,12,2.451869894121883,1.2348568835704887
Double DQN,42,12,5.430667617183387,12,1,0.9210636107448655,0.8876373539875029,0.03342625675736266,3.629093188290307,64.05666434102487,87.41191263693415,23.355248295909277,80.63478642090345,0.0,100.0,0.08863090215600233,0.13767635054932778,0.04904544839332545,0.0,100.0,12,2.289851016307414,1.0899246873849198
Double DQN,42,13,5.576813728749967,12,1,0.8363369854152507,0.9089097780218436,-0.07257279260659288,-8.677458234202051,90.65571700832858,81.1490527378982,-9.506664270430377,88.4790752472555,0.0,100.0,0.17365353928233296,0.09033951377724299,-0.08331402550508997,0.0,100.0,12,2.5820331137618147,1.242434389897246
Double DQN,42,14,5.669946222796642,12,1,0.8744996584293283,0.8164787958246148,0.05802086260471351,6.634749601723532,80.60706198190954,78.75095123492314,-1.8561107469864027,86.7339491387307,0.0,100.0,0.138576060894879,0.1686473766997012,0.030071315804822196,0.0,100.0,12,2.553823617171013,1.2537599194225226
Double DQN,42,15,5.663234232414808,12,1,0.8134461000514632,0.8413418212751662,-0.027895721223702985,-3.429326321920794,97.48828212189264,77.89322980908443,-19.595052312808207,91.0180449461951,0.0,100.0,0.17127119983970776,0.15677459928682133,-0.01449660055288643,0.0,100.0,12,2.6208298103587198,1.2780688321636016
Double DQN,42,16,4.9564193569390875,12,1,0.8819621007927732,0.904051204277663,-0.022089103484889794,-2.504541120875201,100.0,93.51189158314386,-6.488108416856136,79.99988715969954,0.0,100.0,0.15958280673170114,0.11386071743401745,-0.04572208929768369,0.0,83.33333333333334,12,2.667233112535971,1.315435982559867
Double DQN,42,17,5.332826718453193,12,1,0.8906735078259477,0.8602841401726653,0.030389367653282373,3.411953694172406,94.39873477310663,100.0,5.601265226893375,85.75234822629278,0.0,100.0,0.1370431970823981,0.1794175910909379,0.04237439400853982,0.0,100.0,12,2.509075034324925,1.2875270220163308
Double DQN,42,18,5.561697678799094,12,1,0.8392312858507396,0.8282865437479359,0.010944742102803717,1.3041389527928395,87.70585654592334,66.4296557664978,-21.276200779425537,82.84195856538194,0.0,100.0,0.14228311431680782,0.16452333723955337,0.02224022292274555,0.0,100.0,12,2.4705610359351264,1.2521311860114421
Double DQN,42,19,5.294242253886197,12,1,0.8570001252875423,0.8139616787753509,0.043038446512191464,5.02198835709051,75.4404948226935,100.0,24.559505177306505,84.80920906757595,0.0,100.0,0.1613854632821814,0.16403023196970967,0.002644768687528276,0.0,100.0,12,2.5764333132520387,1.3208604338724317
Double DQN,42,20,5.3879826217143245,12,1,0.8026591985359588,0.8488259963282146,-0.046166797792255854,-5.7517309807778405,97.08774611446925,96.20125871536473,-0.8864873991045243,82.75107248412533,0.0,100.0,0.17895626410072626,0.11895016966990675,-0.060006094430819515,0.0,100.0,12,2.6018851757958728,1.3178374306314453
Double DQN,42,21,5.428853057270702,12,1,0.762180467431069,0.8192610126218624,-0.05708054519079331,-7.489111520160496,72.1968838881682,97.28990120012443,25.09301731195623,84.93012907508371,0.0,100.0,0.18969816121819247,0.17416090091035874,-0.015537260307833728,0.0,100.0,12,2.572549940869013,1.3065208818084033
Double DQN,42,22,5.587975485162119,12,1,0.8497215027656517,0.8698709840561275,-0.02014948129047578,-2.3713041537602337,72.46593491600824,79.60459777981082,7.13866286380258,85.84115047557906,0.0,100.0,0.15224774713655542,0.14874059014923213,-0.00350715698732329,0.0,100.0,12,2.5559130084980355,1.1797139812525181
Double DQN,42,23,5.2757634771138155,12,1,0.8110748379595101,0.8137982099672977,-0.0027233720077876056,-0.33577320862758164,76.92772016306864,63.76905429896864,-13.158665864100001,81.9070740714971,0.0,100.0,0.1860854085434913,0.15681482126674962,-0.029270587276741672,0.0,100.0,12,2.6358109820418343,1.2747170686895148
Double DQN,42,24,5.42999827348369,12,1,0.8684174208328106,0.8109287750256506,0.057488645807159955,6.619932353732431,75.29126897516568,97.04130837350704,21.750039398341357,85.72052574878059,0.0,100.0,0.17089499179185644,0.1656557292870745,-0.005239262504781933,0.0,100.0,12,2.6669276584232606,1.2699777857952121
Double DQN,42,25,5.62518703692647,12,1,0.8564599439042814,0.8073840710532652,0.04907587285101622,5.730083841083989,100.0,100.0,0.0,88.54111510846666,0.0,100.0,0.14518675536096673,0.19337910190626345,0.04819234654529672,0.0,100.0,12,2.5520626292358086,1.2580074027798083
Double DQN,42,26,5.591899597614122,12,1,0.9115318148882888,0.824144675615271,0.08738713927301778,9.58684467680674,74.38823769425835,94.1314164027656,19.743178708507244,84.94228353785768,0.0,100.0,0.0904642231843808,0.15281634658597654,0.06235212340159574,0.0,100.0,12,2.361649691438601,1.144426683316374
Double DQN,42,27,5.538871240123761,12,1,0.8508280148951736,0.7895895306070523,0.061238484288121287,7.197516209626241,94.06123994151143,100.0,5.938760058488569,88.87487910715437,0.0,100.0,0.15499592227559458,0.1935238436162957,0.03852792134070113,0.0,100.0,12,2.5965463410325023,1.289068292289968
Double DQN,42,28,5.39586744694533,12,1,0.8641061560767316,0.8671358969933461,-0.003029740916614565,-0.3506213785549663,97.68451017969659,100.0,2.315489820303412,83.93125172411753,0.0,100.0,0.15344584527471145,0.1587093473428468,0.005263502068135362,0.0,100.0,12,2.6515483659492456,1.3355991405701408
Double DQN,42,29,5.602242228764403,12,1,0.8872871140441424,0.8879465709171755,-0.0006594568730331485,-0.07432282770651627,84.15995965731851,100.0,15.84004034268149,86.09887351541556,0.0,100.0,0.09453817460379714,0.14397405115741602,0.04943587655361888,0.0,100.0,12,2.349063269194939,1.2116962019190967
Double DQN,42,30,5.371114786956342,12,1,0.8237739025019252,0.8577782733987711,-0.03400437089684594,-4.12787668965593,89.99711068064566,87.58528152071888,-2.411829159926782,83.22596141924127,0.0,100.0,0.1415521854660643,0.1098174078684855,-0.0317347775975788,0.0,100.0,12,2.4287641167670855,1.307333970477693
Double DQN,42,31,5.435449526828701,12,1,0.8911314543781254,0.8288749534742375,0.0622565009038879,6.986230886366086,96.65947386873331,77.63982336193567,-19.019650506797646,81.3160170284021,0.0,100.0,0.10210185032241988,0.14086588363447994,0.03876403331206006,0.0,91.66666666666666,12,2.5155108116474847,1.2126580183353535
Double DQN,42,32,4.998868651279015,12,1,0.8337213882252209,0.7946438999349571,0.03907748829026381,4.6871159648968295,69.7953358459446,62.95292145324163,-6.8424143927029775,77.98599528577287,0.0,100.0,0.158078790523272,0.2154536738365966,0.057374883313324604,0.0,100.0,12,2.4973424445181345,1.2473717389821817
Double DQN,42,33,5.34721882793449,12,1,0.8224682872433651,0.8593546257802588,-0.036886338536893715,-4.484834139991491,73.6161722525768,95.42842387152564,21.812251618948835,83.01492068501439,0.0,100.0,0.15662456684889436,0.12525106748189452,-0.031373499366999846,0.0,91.66666666666666,12,2.569268110455614,1.1650860151710452
Double DQN,42,34,5.356526074289075,12,1,0.8243698004064184,0.8536543961525069,-0.02928459574608855,-3.552361541100984,96.62092043097303,81.35883107179286,-15.262089359180166,87.03025132132065,0.0,100.0,0.18960030737244402,0.12123576923220572,-0.0683645381402383,0.0,100.0,12,2.730886994718519,1.204295203969952
Double DQN,42,35,5.51100851837651,12,1,0.8957625338377495,0.8259605512462225,0.06980198259152703,7.792465073580577,68.67240013134251,76.36069615346256,7.688296022120042,86.1948460249895,0.0,100.0,0.10737318842325849,0.17602803213330281,0.06865484371004432,0.0,100.0,12,2.4981284785295244,1.1373022287983041
Double DQN,42,36,5.164779090906541,12,1,0.7947803816283823,0.9066989867858697,-0.11191860515748742,-14.081702032979662,90.94662271463643,77.5257684334435,-13.42085428119293,81.49326799416762,0.0,100.0,0.17865931744223967,0.13358532313934182,-0.04507399430289785,0.0,100.0,12,2.6136358196535827,1.291412878361132
Double DQN,42,37,5.435616069695152,12,1,0.8773721454917902,0.8911942782352436,-0.013822132743453341,-1.5754013635463286,79.57496619481958,65.79577745336402,-13.779188741455556,81.72675002859371,0.0,100.0,0.10615160538857465,0.12528818951916076,0.01913658413058611,0.0,91.66666666666666,12,2.4872839770525164,1.2146603612065667
Double DQN,42,38,5.615583074150279,12,1,0.8198647009297302,0.8280082117760609,-0.008143510846330693,-0.9932749680643544,78.7169326431124,92.40175806209447,13.684825418982072,87.06616600292438,0.0,100.0,0.18031698413847297,0.1388833700103238,-0.041433614128149165,0.0,100.0,12,2.609735253118123,1.2739701464718953
Double DQN,42,39,5.5622413546267016,12,1,0.8529032412431107,0.8784733119132468,-0.02557007067013617,-2.9980036929942564,100.0,88.36811970282639,-11.631880297173609,88.92974797488777,0.0,100.0,0.14754172522635634,0.1328333040916243,-0.01470842113473203,0.0,100.0,12,2.5330677754492723,1.266137550150421
Double DQN,42,40,5.39465617504506,12,1,0.8411093611854691,0.7854084809135645,0.05570088027190456,6.6223113000905265,79.6492936737773,87.09524356137936,7.445949887602069,85.41144818481133,0.0,100.0,0.14277149164114608,0.1755085230644757,0.03273703142332962,0.0,100.0,12,2.5885565180339145,1.2111699076362428
Double DQN,42,41,5.302382135621048,12,1,0.8152393381499785,0.845212697395515,-0.029973359245536457,-3.6766330871072737,78.60812971332287,80.2184085496315,1.6102788363086376,79.14196904092262,0.0,100.0,0.15969489970506423,0.1485404493633028,-0.011154450341761435,0.0,100.0,12,2.552960753160079,1.2970853962462154
Double DQN,42,42,5.4881436297009785,12,1,0.8977746493548464,0.8473817431712625,0.05039290618358394,5.6130907928617715,78.23591762297536,63.4287377931343,-14.807179829841061,81.44685212001012,0.0,100.0,0.09661721573992062,0.14963444768807313,0.05301723194815251,0.0,91.66666666666666,12,2.348268844342248,1.1473055721925571
Double DQN,42,43,5.612531622988918,12,1,0.8301872275696576,0.8912235753525481,-0.061036347782890576,-7.352118384376044,93.43311628575948,91.1390226997031,-2.294093586056377,90.66559686753385,0.0,100.0,0.1721255127274757,0.15493297570585718,-0.01719253702161852,0.0,100.0,12,2.7075337063369833,1.2856442644519233
Double DQN,42,44,5.346753454693019,12,1,0.8375765399612755,0.8648846690773716,-0.027308129116096147,-3.2603741644147184,96.9677813642127,76.32748738424556,-20.64029397996714,82.33896576914164,0.0,100.0,0.1627962746552802,0.14516329132052397,-0.01763298333475624,0.0,100.0,12,2.495706421208616,1.3267897265011992
Double DQN,42,45,5.55013652226739,12,1,0.8897209867027295,0.8818690839597265,0.007851902743002959,0.8825129293737127,89.04144008872672,83.41565492149554,-5.625785167231172,83.34164642635737,0.0,100.0,0.10469848069953626,0.12772394778655322,0.023025467087016957,0.0,91.66666666666666,12,2.4413799424136267,1.1597639015433743
Double DQN,42,46,4.934061120000376,12,1,0.7731270929710347,0.8237152658911521,-0.050588172920117414,-6.5433191230840375,93.92478500442785,78.85711150439828,-15.06767350002957,78.66874015261406,0.0,100.0,0.20615385583318638,0.13348880589026735,-0.07266504994291903,0.0,100.0,12,2.611625744937807,1.2801578844305774
Double DQN,42,47,5.562740351531457,12,1,0.8456858104262993,0.8644519042390817,-0.01876609381278238,-2.2190385106878683,63.33738734095433,77.78090036797126,14.443513027016927,83.32975054560417,0.0,100.0,0.10689502608832686,0.18455685269635314,0.07766182660802627,0.0,100.0,12,2.2825269686531375,1.2350322374750815
Double DQN,42,48,5.455120033047028,12,1,0.8765775234244426,0.757863317381999,0.11871420604244365,13.542921518073388,100.0,85.47295873694173,-14.527041263058265,81.78731758618501,0.0,100.0,0.13893154519907375,0.20183705577869704,0.06290551057962329,0.0,91.66666666666666,12,2.4813250798739626,1.304003092404712
Double DQN,42,49,5.564182223938949,12,1,0.9022682864389967,0.9171999234303507,-0.014931636991354025,-1.6548999023655218,69.06144111858067,89.65436362873162,20.59292251015094,85.38253184160531,0.0,100.0,0.12588528530017895,0.14005939734901757,0.014174112048838616,0.0,100.0,12,2.4514167840406462,1.2223370567506446
Double DQN,42,50,5.464973298945533,12,1,0.8683667846372891,0.8355149561725324,0.03285182846475676,3.7831742353524893,87.89933276475931,87.9327276834343,0.03339491867498623,86.41002646213728,0.0,100.0,0.148420022632632,0.14606769936953834,-0.0023523232630936475,0.0,100.0,12,2.49072002812934,1.2379047935975585
Double DQN,42,51,5.538962218516685,12,1,0.9199744405144508,0.8836858329207476,0.036288607593703115,3.9445234558267166,100.0,91.92231538885761,-8.077684611142388,86.70436603741354,0.0,100.0,0.10977181924170368,0.12684190701261386,0.01707008777091018,0.0,100.0,12,2.4342913126709824,1.1513307225400788
Double DQN,42,52,5.595049002681001,12,1,0.8525992492642924,0.8098174025154554,0.042781846748837005,5.017814264527378,88.5582104900726,100.0,11.441789509927403,87.54780104805495,0.0,100.0,0.1461105741902487,0.18199976820932676,0.03588919401907806,0.0,100.0,12,2.5085255083322084,1.2203408062061192
Double DQN,42,53,5.533524528960847,12,1,0.8248458643276448,0.8665637862519029,-0.04171792192425805,-5.057662737784774,90.86374323635641,79.77136552662309,-11.092377709733327,88.73965446170985,0.0,100.0,0.18455938776001324,0.12367023377332312,-0.06088915398669012,0.0,100.0,12,2.672407459734059,1.2531919795767321
Double DQN,42,54,5.247800747012191,12,1,0.839496955318302,0.8130787321652697,0.026418223153032327,3.1469111335866184,99.36353712232608,84.74919929648581,-14.614337825840266,87.16679586142561,0.0,100.0,0.17138873211684583,0.17691228368857312,0.005523551571727292,0.0,100.0,12,2.6403745021478593,1.3192321992605638
Double DQN,42,55,5.56411680750507,12,1,0.8811858280510517,0.8279157333402013,0.053270094710850424,6.045273654555893,64.28141646970036,97.44140853473627,33.15999206503591,85.45205051971931,0.0,100.0,0.10220068056346131,0.14547159747073027,0.04327091690726896,0.0,100.0,12,2.3649886759793586,1.191738365894312
Double DQN,42,56,5.6133781887146466,12,1,0.8906434040874714,0.868025698385136,0.022617705702335456,2.539479391924418,88.07610024100481,98.31681508275597,10.240714841751156,87.54752323280427,0.0,100.0,0.13640798750610936,0.14681861292686837,0.010410625420759018,0.0,100.0,12,2.529498346653404,1.228114970303202
Double DQN,42,57,5.490418523802656,12,1,0.8667243940897709,0.7809650195650384,0.08575937452473248,9.89465337649767,98.13467694523933,83.75448728867269,-14.380189656566642,87.68994054785321,0.0,100.0,0.15647825233743387,0.1947151855553611,0.03823693321792723,0.0,100.0,12,2.670253666740511,1.2428660237351317
Double DQN,42,58,5.038499936886931,12,1,0.7893467175153984,0.8103551533303545,-0.02100843581495604,-2.6614965703643674,73.03447954428084,97.0986940998582,24.064214555577365,78.95383561374139,0.0,100.0,0.1897887719546252,0.16666420246539823,-0.023124569489226976,0.0,100.0,12,2.690284545027346,1.25999038220647
Double DQN,42,59,5.574613087563206,12,1,0.856698544825792,0.807201248056639,0.04949729676915304,5.777679566295776,86.24743004620237,87.58868467121394,1.3412546250115724,85.88790071694062,0.0,100.0,0.11635534900914148,0.166967378374656,0.050612029365514524,0.0,91.66666666666666,12,2.4429743758805187,1.1788418678612063
Double DQN,42,60,5.065556853077315,12,1,0.8837584890180039,0.8684396139325876,0.015318875085416295,1.7333779845711015,94.42769157172344,81.57413387132063,-12.853557700402817,77.69512594944666,0.0,100.0,0.11489937810828645,0.12595607600784603,0.011056697899559584,0.0,91.66666666666666,12,2.551103876920812,1.1757054766504098
Double DQN,42,61,5.605141945860227,12,1,0.8866371302599984,0.8623953333901389,0.0242417968698595,2.7341283195246753,92.57680213510457,77.07829325487502,-15.49850888022955,83.50672601001064,0.0,100.0,0.0949181161779419,0.16469382497088383,0.06977570879294194,0.0,100.0,12,2.360363734215061,1.2014699159808855
Double DQN,42,62,5.298470205209203,12,1,0.8523137585874313,0.882463463022481,-0.030149704435049718,-3.5373950181231204,85.2930365914994,69.91981795952461,-15.373218631974794,83.83640906268002,0.0,100.0,0.15453760639014494,0.13506361662331465,-0.01947398976683029,0.0,100.0,12,2.6808247075167944,1.2163086160923882
Double DQN,42,63,3.9498354945611776,12,1,0.8292210903332432,0.820320873585971,0.00890021674727215,1.0733225253225742,72.04023905259498,41.49357475006353,-30.546664302531454,61.987054618682315,0.0,100.0,0.14431923080694978,0.21440092685973544,0.07008169605278566,0.0,58.333333333333336,12,2.4878448821467036,1.2524643766458317
Double DQN,42,64,5.497914520904532,12,1,0.839411323573638,0.8428157349893306,-0.0034044114156925875,-0.40557129980078627,81.84706494774802,96.51955372813296,14.672488780384938,84.76642746626977,0.0,100.0,0.13765117966188545,0.15055756027219439,0.012906380610308937,0.0,100.0,12,2.5163391543509577,1.2341270213814608
Double DQN,42,65,5.5472062401570925,12,1,0.8045817338748972,0.8840182167155712,-0.07943648284067406,-9.873015940606164,92.47621690186357,73.16095921147543,-19.315257690388137,89.38957891296833,0.0,100.0,0.17440489698362036,0.09815401663849962,-0.07625088034512073,0.0,100.0,12,2.6492743221235875,1.257890106332693
Double DQN,42,66,5.29719679810192,12,1,0.8056136933065279,0.8814089338975533,-0.07579524059102538,-9.40838533664125,90.51241753545851,68.11882841201576,-22.39358912344275,81.16559567471222,0.0,100.0,0.17569372251640689,0.10013647774225007,-0.07555724477415682,0.0,83.33333333333334,12,2.699771297039396,1.2564288561076962
Double DQN,42,67,5.399679373177665,12,1,0.9009853390545903,0.8236059805016784,0.07737935855291189,8.58830384899565,100.0,84.54748380215997,-15.452516197840026,84.42326131602339,0.0,100.0,0.10069808375167287,0.1295706580359518,0.028872574284278932,0.0,100.0,12,2.41963297859057,1.1670935608926778
Double DQN,42,68,5.441672031806806,12,1,0.8644833721854912,0.8437251878958921,0.02075818428959908,2.4012242406838356,74.24289432519149,84.63411891951384,10.391224594322352,86.1983817122716,0.0,100.0,0.14660700337094873,0.1721592535266255,0.025552250155676776,0.0,100.0,12,2.562279010551396,1.2467300920969457
Double DQN,42,69,5.494683365810519,12,1,0.8301990897876109,0.8200300596665935,0.010169030121017442,1.2248905408483375,100.0,81.12294562255268,-18.877054377447323,83.14036416186094,0.0,100.0,0.16878225072588451,0.19083336653495953,0.02205111580907501,0.0,91.66666666666666,12,2.587153186318649,1.30265884690748
Double DQN,42,70,4.963961235794279,12,1,0.8374737361872147,0.8187873578245259,0.018686378362688716,2.2312793291599338,92.24819499007677,81.88300022754265,-10.365194762534117,80.9681069927638,0.0,100.0,0.17916965359069092,0.16944665368586748,-0.009722999904823448,0.0,91.66666666666666,12,2.5956060395050344,1.2749645397427811
Double DQN,42,71,5.746690163644122,12,1,0.7880174904333186,0.8589492031527779,-0.0709317127194593,-9.001286593328665,86.11971777633161,100.0,13.880282223668388,89.84703807791895,0.0,100.0,0.17792169564063856,0.16529204935816785,-0.012629646282470708,0.0,100.0,12,2.6392939127614103,1.3050388426827415
Double DQN,42,72,5.494721966536427,12,1,0.878531679668788,0.8530992735927494,0.025432406076038583,2.8948763789174636,72.00298675436008,80.84135306801046,8.838366313650383,82.97002958316683,0.0,100.0,0.09290496043242762,0.1827813675819818,0.08987640714955418,0.0,100.0,12,2.3794986930091264,1.1749634518696204
Double DQN,42,73,5.480077459228643,12,1,0.8576367923568954,0.7841137988668709,0.07352299349002445,8.572742464554707,94.85583128746205,90.81675224517083,-4.03907904229122,85.12698577389827,0.0,100.0,0.13052927679003823,0.20328645801723258,0.07275718122719435,0.0,100.0,12,2.503489903100329,1.188355603152905
Double DQN,42,74,5.461690756015757,12,1,0.8161706765948861,0.8491895705423929,-0.03301889394750679,-4.045586896758363,86.25817251543259,92.04260363417305,5.784431118740457,85.41216620730484,0.0,100.0,0.1787458718868098,0.15604553202492066,-0.02270033986188913,0.0,100.0,12,2.5885585045139914,1.2915220290044855
Double DQN,42,75,5.593662447809679,12,1,0.7954191391809581,0.7796532000203442,0.015765939160613862,1.9820920045811354,98.91482542823942,74.6391171134225,-24.275708314816924,88.19727685384409,0.0,100.0,0.17234911431186506,0.19157862434297887,0.01922951003111381,0.0,100.0,12,2.6426163501845936,1.235228746520063
Double DQN,42,76,5.5202951783141705,12,1,0.8573029630638496,0.8150209722830798,0.042281990780769774,4.931977679123071,100.0,72.77208526081348,-27.227914739186517,86.2312003287311,0.0,100.0,0.13647843548319774,0.14983685139203534,0.013358415908837601,0.0,100.0,12,2.4416413756658155,1.1885222109436386
Double DQN,42,77,5.670478603796149,12,1,0.9039070230814437,0.8164577241053242,0.08744929897611942,9.67459005661914,97.30611309630973,87.38662011446824,-9.919492981841486,86.84473140483068,0.0,100.0,0.09941719820885567,0.1891925323799999,0.08977533417114422,0.0,100.0,12,2.362048561968532,1.1986569590719554
Double DQN,42,78,5.249656981315405,12,1,0.8458330461099713,0.8692418750260773,-0.02340882891610596,-2.7675472155840137,82.53699401311378,93.02102582846338,10.484031815349596,83.79322328787654,0.0,100.0,0.1920906889979833,0.14232445479617026,-0.04976623420181303,0.0,91.66666666666666,12,2.635112964475269,1.2851051135991898
Double DQN,42,79,5.290540119929484,12,1,0.8371782602353095,0.8264646167519365,0.010713643483373003,1.2797326438411898,97.71660174327327,93.4494855943776,-4.267116148895667,85.87612090728966,0.0,100.0,0.16314933319348784,0.14945938639922263,-0.013689946794265218,0.0,100.0,12,2.574752370622446,1.2973681230433565
Double DQN,42,80,5.304734032578388,12,1,0.9059374905613197,0.8693277822944779,0.036609708266841734,4.041085466521352,84.78939239986754,83.62071196909194,-1.168680430775595,81.5194653526017,0.0,100.0,0.14079002771434102,0.17086869445090944,0.03007866673656842,0.0,100.0,12,2.4977805289921613,1.2253859341152944
Double DQN,42,81,5.268946671791114,12,1,0.8475804338824083,0.8331341772887131,0.01444625659369525,1.7044112884393807,87.7254911072188,73.32890541146453,-14.396585695754268,80.40938204259544,0.0,100.0,0.16263678723543484,0.1507792090401191,-0.011857578195315743,0.0,100.0,12,2.6304804088813563,1.2465431655159867
Double DQN,42,82,5.452916083487146,12,1,0.8897421345330395,0.9183483603470088,-0.02860622581396932,-3.215114211600492,66.62317230126897,82.99029204494937,16.367119743680405,82.91159890337052,0.0,100.0,0.10677312936039872,0.12768817645351443,0.020915047093115716,0.0,100.0,12,2.3869430242151877,1.2104373698920312
Double DQN,42,83,5.510377984385107,12,1,0.7867932074691002,0.8366800378232172,-0.04988683035411701,-6.340526313717092,80.34264536537924,97.76065547321735,17.418010107838114,83.7745665165104,0.0,100.0,0.18588488454964558,0.15366059144471628,-0.0322242931049293,0.0,100.0,12,2.5791569183606273,1.2716504079162236
Double DQN,42,84,5.496504869299519,12,1,0.8805152260258158,0.7897366494316638,0.090778576594152,10.309711168071326,48.31660174721626,100.0,51.68339825278374,81.62393637890153,0.0,100.0,0.10751202511254307,0.18966009774584497,0.0821480726333019,0.0,91.66666666666666,12,2.3549412300277672,1.1347424351263298
Double DQN,42,85,5.3810984100461505,12,1,0.9270869525117341,0.8301450589090373,0.09694189360269678,10.456612871107124,53.52877356792307,100.0,46.47122643207693,80.31627319495077,0.0,100.0,0.08224205198178564,0.14535567197473653,0.0631136199929509,0.0,91.66666666666666,12,2.289813104905388,1.1292445651781335
Double DQN,42,86,5.4512373460835235,12,1,0.8466586462060706,0.8163588698175326,0.03029977638853798,3.5787476481003457,73.87968092723914,71.56762386301475,-2.3120570642243905,82.28057365438532,0.0,100.0,0.13258802191355445,0.1511210220463809,0.018533000132826438,0.0,100.0,12,2.5113274966765053,1.2194216226229095
Double DQN,42,87,5.790695843880866,12,1,0.8727809653934602,0.861660324218972,0.011120641174488188,1.2741617445191267,88.99895478554085,98.94752657666065,9.948571791119804,90.73368801107362,0.0,100.0,0.11708519943528826,0.1236026434752716,0.006517444039983333,0.0,100.0,12,2.5115291258616765,1.2114341852384551
Double DQN,42,88,5.41230557825652,12,1,0.7633082976139323,0.8223431082023396,-0.059034810588407316,-7.7340716422116085,81.04419477295409,92.55514677577258,11.510952002818499,85.21099187577619,0.0,100.0,0.22764838298052817,0.19846522014101867,-0.029183162839509502,0.0,100.0,12,2.8037778097238153,1.3208067174593983
Double DQN,42,89,5.474101979894351,12,1,0.9060728105570345,0.8960005715926723,0.010072238964362157,1.1116368184770886,83.39844419588849,92.99931021749391,9.600866021605427,81.85551224271384,0.0,100.0,0.125899786162113,0.10438230965238515,-0.02151747650972785,0.0,91.66666666666666,12,2.6464882651834256,1.153108910740567
Double DQN,42,90,5.287038474182798,12,1,0.8339319023084011,0.816219899083707,0.01771200322469413,2.123914815546168,75.42547532732343,62.6141031396477,-12.811372187675723,82.2281113779366,0.0,100.0,0.15987805892031176,0.1648685098143514,0.0049904508940396275,0.0,100.0,12,2.5776496149364045,1.2834863702583788
Double DQN,42,91,5.333213258652957,12,1,0.8239525002730916,0.7513717632653331,0.07258073700775858,8.808849658651724,95.60262897833583,83.18508095103245,-12.417548027303383,84.1338173917972,0.0,100.0,0.17092435065794825,0.2248563201978924,0.05393196953994414,0.0,91.66666666666666,12,2.547239323721086,1.2729956859499787
Double DQN,42,92,5.150731636418077,12,1,0.8822462574531824,0.9091135841435977,-0.02686732669041525,-3.045331897238567,91.32491099068703,83.01878465876933,-8.306126331917696,80.03682811780952,0.0,100.0,0.16015513598903022,0.11546413663993081,-0.04469099934909941,0.0,100.0,12,2.569800075029067,1.2770323195500854
Double DQN,42,93,5.387217229958132,12,1,0.8262822984743654,0.8361533065475371,-0.00987100807317165,-1.1946290137641,95.25332256647407,83.47836525544771,-11.774957311026355,84.5631167625229,0.0,100.0,0.17501286687802586,0.19462075286101854,0.01960788598299268,0.0,100.0,12,2.55671397090034,1.2595689884855408
Double DQN,42,94,5.572705665359139,12,1,0.8281227974716661,0.8576183403868732,-0.029495542915207174,-3.56173540992468,97.73937634451232,100.0,2.2606236554876773,87.63455966537437,0.0,100.0,0.19208065522452478,0.14940839509147666,-0.04267226013304812,0.0,100.0,12,2.707545824197186,1.3086391114047364
Double DQN,42,95,4.667367719745679,12,1,0.8802724754871052,0.7827537577479025,0.09751871773920273,11.078242300514967,72.62789093184371,73.24552751850224,0.6176365866585343,70.69494853391863,0.0,100.0,0.1350857659585059,0.19811673897676868,0.06303097301826277,0.0,75.0,12,2.5369228046615797,1.1888273125221587
Double DQN,42,96,5.316530256196084,12,1,0.8697727216834179,0.8127595989290721,0.05701312275434578,6.554944910665704,89.13074561609287,54.57728957600458,-34.553456040088285,83.53205778889935,0.0,100.0,0.15391569614564263,0.13532126760051913,-0.018594428545123498,0.0,91.66666666666666,12,2.5403210085748618,1.2120547799434669
Double DQN,42,97,5.607892786317438,12,1,0.9256685053774781,0.8225162507570849,0.10315225462039324,11.143541561709373,88.62768491956534,86.20953084623547,-2.418154073329873,85.72026957501352,0.0,100.0,0.11043614450529124,0.14098956364792034,0.0305534191426291,0.0,100.0,12,2.4763942296809067,1.2058650845915768
Double DQN,42,98,5.568542652759369,12,1,0.8661111389449679,0.8529969799419209,0.013114159003047021,1.51414274835695,73.28515406880112,100.0,26.71484593119888,83.6652621503481,0.0,100.0,0.12130484310353415,0.12435141373317686,0.0030465706296427114,0.0,100.0,12,2.385567419763284,1.201942054621981
Double DQN,42,99,5.558835467210625,12,1,0.8501165857332845,0.8678117273875454,-0.017695141654260893,-2.081495873768609,76.97039533650796,76.33105284061142,-0.6393424958965426,83.85882458434163,0.0,100.0,0.16504756704159254,0.1466314445598104,-0.01841612248178215,0.0,100.0,12,2.5522353186730515,1.2271864849957732
Double DQN,42,100,5.583616361244963,12,1,0.8374117291755651,0.882668739170423,-0.04525700999485793,-5.404391701011117,100.0,84.52383779464436,-15.476162205355635,91.32712430527573,0.0,100.0,0.14310104131045373,0.14389172604056322,0.0007906847301094866,0.0,100.0,12,2.6180087319033722,1.255087292173081
Double DQN,42,101,5.485517741320103,12,1,0.8626829911770784,0.8009636442271644,0.06171934694991399,7.154348420119157,89.09227698680188,67.84910840250168,-21.243168584300193,82.51209826041982,0.0,100.0,0.15979750064449616,0.20408992258286943,0.044292421938373266,0.0,100.0,12,2.5528127618748635,1.3023995689853207
Double DQN,42,102,5.6536371023550895,12,1,0.8507187045555952,0.8187068773704185,0.0320118271851767,3.7629156398881904,68.915802790769,82.91059721255468,13.99479442178567,87.92600397611108,0.0,100.0,0.13564789762590404,0.19017705989292205,0.05452916226701801,0.0,100.0,12,2.5199798245077054,1.1874103094616282
Double DQN,42,103,5.3755385516111645,12,1,0.8205935410064565,0.8594860125090966,-0.03889247150264008,-4.739553696089118,90.22379696486003,84.09674705052072,-6.12704991433931,83.63996835509447,0.0,100.0,0.16333276826142587,0.17529115974999473,0.011958391488568865,0.0,100.0,12,2.623366543773068,1.271903089143083
Double DQN,42,104,5.166114675646524,12,1,0.9116745424159177,0.8697620944211282,0.04191244799478955,4.597303757514439,95.58155213910717,62.3831095996843,-33.19844253942287,81.26000174318692,0.0,100.0,0.14657466849990478,0.12760371715122776,-0.018970951348677018,0.0,100.0,12,2.6069820079982877,1.2068693075125825
Double DQN,42,105,5.519018718946918,12,1,0.8159191722113752,0.8770300162196518,-0.0611108440082766,-7.489815914320124,80.36978210985065,100.0,19.630217890149353,84.64788099315068,0.0,100.0,0.18494943995191102,0.13109748123233125,-0.05385195871957976,0.0,100.0,12,2.521152871453348,1.2829643494773713
Double DQN,42,106,5.34056047171587,12,1,0.8459700576655524,0.7968558329222917,0.04911422474326077,5.805669396714947,93.56531099825963,69.81719290809131,-23.74811809016832,83.9340998624797,0.0,100.0,0.15208183036032716,0.17608170278169677,0.02399987242136961,0.0,100.0,12,2.690717337063591,1.2608285097339553
Double DQN,42,107,5.05657682191517,12,1,0.7960882408629318,0.9358133667244719,-0.13972512586154007,-17.55146209798086,91.48977112366298,100.0,8.510228876337024,83.2692279044929,0.0,100.0,0.22349437155988555,0.08984747632399945,-0.1336468952358861,0.0,100.0,12,2.8292269831489087,1.2654392358443038
Double DQN,42,108,5.458549762283615,12,1,0.8382455532115898,0.8062492002091141,0.03199635300247572,3.8170620625289744,100.0,52.71482501742114,-47.28517498257886,85.55387485789197,0.0,100.0,0.17793510200964224,0.19229826373380518,0.014363161724162937,0.0,91.66666666666666,12,2.683780673925481,1.269839925385906
Double DQN,42,109,5.3717331584797385,12,1,0.7785778491551902,0.9023601267512831,-0.12378227759609284,-15.898510050138853,97.75721694132329,69.61953581031291,-28.137681131010382,86.0316540566587,0.0,100.0,0.21825746297582696,0.11509695575892961,-0.10316050721689735,0.0,100.0,12,2.665518679558994,1.299545777717648
Double DQN,42,110,5.348669155952879,12,1,0.8496187436668432,0.8740070320902624,-0.024388288423419224,-2.87049792688925,95.56976093638309,98.51530093605673,2.9455399996736418,84.95433387957725,0.0,100.0,0.14498720203023166,0.10976884905036449,-0.03521835297986717,0.0,100.0,12,2.619908164638489,1.1678590413891012
Double DQN,42,111,5.572025617505319,12,1,0.8026548181690691,0.8211906130771596,-0.01853579490809043,-2.3093108629650185,100.0,82.29068330219964,-17.70931669780036,87.52065379030017,0.0,100.0,0.15739244669809804,0.16084172245343653,0.003449275755338488,0.0,100.0,12,2.4810287293037403,1.3089705945297185
Double DQN,42,112,5.565415943004153,12,1,0.8222906462927181,0.8579289513052618,-0.035638305012543725,-4.334027776336549,100.0,100.0,0.0,86.74591453743604,0.0,100.0,0.16648157147183568,0.1743181568319764,0.00783658536014073,0.0,91.66666666666666,12,2.4840278823956994,1.2121397517725505
Double DQN,42,113,5.390776612079554,12,1,0.8337729566756995,0.8547203048780807,-0.0209473482023812,-2.5123563956666906,97.15926734047918,100.0,2.8407326595208247,82.26071379281763,0.0,100.0,0.16318292985740773,0.15354737702199386,-0.009635552835413869,0.0,91.66666666666666,12,2.474056603029726,1.3106416303206831
Double DQN,42,114,5.520802439619823,12,1,0.8455347356946644,0.8909708136743697,-0.04543607797970528,-5.373650077471559,100.0,79.61826997850387,-20.381730021496125,85.58603572988807,0.0,100.0,0.138107835292553,0.1430367233575488,0.004928888064995807,0.0,100.0,12,2.4040659597373417,1.2264804414048243
Double DQN,42,115,5.530023627796727,12,1,0.8506279433993322,0.8655558628773038,-0.014927919477971563,-1.7549293546971527,91.43757330199726,79.43402800395648,-12.003545298040777,84.27189145197646,0.0,100.0,0.15796266486060592,0.1374108721511845,-0.020551792709421424,0.0,100.0,12,2.580091266490172,1.208330103666806
Double DQN,42,116,5.653510809408455,12,1,0.8271455140052113,0.8493854326699427,-0.022239918664731406,-2.688755278021285,91.41360088891149,96.40170724433624,4.988106355424748,89.30297969709663,0.0,100.0,0.1435899819017616,0.18068144526179405,0.03709146336003247,0.0,100.0,12,2.5288273062936137,1.2177684419983579
Double DQN,42,117,5.531156401311499,12,1,0.906494105058442,0.8319505071495816,0.07454359790886034,8.223285456892683,75.0634312308848,83.74355373257004,8.680122501685233,86.24247249834825,0.0,100.0,0.12052887025590915,0.11039817934665903,-0.010130690909250117,0.0,100.0,12,2.5055210561715016,1.185159599228271
Double DQN,42,118,5.656852350757072,12,1,0.8218705133484487,0.873484907532772,-0.05161439418432323,-6.280112663251158,74.24908790108977,74.40674017868464,0.15765227759487743,87.52675929179662,0.0,100.0,0.16431604089908192,0.13712102143935137,-0.027195019459730546,0.0,100.0,12,2.585989347757553,1.2362820871389206
Double DQN,42,119,4.97523246265138,12,1,0.8201123819895342,0.7810891994605349,0.03902318252899928,4.758272571660462,72.43990730623979,90.54456907860059,18.1046617723608,79.73995040118724,0.0,100.0,0.17899503422363103,0.19297680287067798,0.01398176864704695,0.0,91.66666666666666,12,2.608474333991729,1.3152420928089625
Double DQN,42,120,5.505187210605635,12,1,0.8473472811734505,0.8339437059540756,0.013403575219374853,1.581827842866609,90.149922751923,86.71583680806553,-3.4340859438574682,88.60599107037024,0.0,100.0,0.1635756274957606,0.12711528625147764,-0.03646034124428296,0.0,100.0,12,2.693930425363117,1.2551368195215715
Double DQN,42,121,5.390952098734226,12,1,0.8671565285770526,0.8933376572507786,-0.026181128673726017,-3.0191929381754807,90.05632571813723,76.28716077644366,-13.769164941693575,83.16596221211188,0.0,100.0,0.14396234724624607,0.1291791864644155,-0.014783160781830562,0.0,91.66666666666666,12,2.4806652917661856,1.2964759600165252
Double DQN,42,122,5.640746106091511,12,1,0.8942368020726337,0.8267130017142044,0.06752380035842931,7.550997700153336,99.17847965673361,95.74419110214801,-3.4342885545856063,88.67315811576401,0.0,100.0,0.11928542689698513,0.15664729483506035,0.03736186793807522,0.0,100.0,12,2.4421367523312427,1.2627711781020161
Double DQN,42,123,5.425096575118196,12,1,0.8474177505210084,0.7667699599765387,0.08064779054446969,9.516887095518817,95.8034125429864,90.95479504464495,-4.84861749834144,86.80745962001583,0.0,100.0,0.16391374262984795,0.18888738698311777,0.02497364435326982,0.0,100.0,12,2.654171576436535,1.2940332119029656
Double DQN,42,124,5.6712188113711735,12,1,0.8324341495700176,0.8786894114046728,-0.046255261834655226,-5.55662713483676,90.91648815673614,96.49443365512802,5.577945498391884,89.36900506949023,0.0,100.0,0.16908753868484327,0.15795618224954877,-0.011131356435294504,0.0,100.0,12,2.5841264383019245,1.2700132006954097
Double DQN,42,125,5.305502049541896,12,1,0.8645696045696539,0.8020867074371534,0.06248289713250055,7.2270522584010894,90.0259293615093,75.14734983510047,-14.878579526408828,82.7438299713033,0.0,100.0,0.17063175906339176,0.1787881751412774,0.008156416077885642,0.0,91.66666666666666,12,2.539408542769275,1.2236005015571136
Double DQN,42,126,5.393452517927642,12,1,0.8278784888660031,0.9297965615975766,-0.1019180727315735,-12.310752616748992,85.88289386337358,82.89831499947816,-2.984578863895422,81.46608411960761,0.0,100.0,0.1294977885298835,0.11874766354483916,-0.010750124985044338,0.0,91.66666666666666,12,2.4421864203268115,1.2059969821342893
Double DQN,42,127,5.662581117491844,12,1,0.8656302415198004,0.814199535849031,0.05143070567076935,5.941417386304765,94.51877000365397,87.65782382965943,-6.8609461739945345,88.87984670189478,0.0,100.0,0.17272836857760643,0.17293749223180055,0.00020912365419412104,0.0,100.0,12,2.6802523791427517,1.2971496266550975
Double DQN,42,128,5.458344771089173,12,1,0.8438499154315681,0.8688577053370141,-0.025007789905446054,-2.9635352742384744,89.3467939297678,69.94641024068932,-19.40038368907848,83.5500347082503,0.0,100.0,0.1678347853766482,0.15014130311120982,-0.017693482265438376,0.0,100.0,12,2.7105019956046372,1.2986244709958552
Double DQN,42,129,5.323027396714835,12,1,0.8930030235426738,0.8396815647995919,0.05332145874308192,5.971027794681801,87.69533820535864,82.61795101222174,-5.0773871931369,82.19356487016026,0.0,100.0,0.1475844613280884,0.11571451295532317,-0.03186994837276522,0.0,100.0,12,2.4943972314076506,1.2240593482266826
Double DQN,42,130,5.48517222788409,12,1,0.8199509890513674,0.901185640417981,-0.08123465136661356,-9.907256952101129,95.5829299930683,100.0,4.417070006931695,88.98967282287289,0.0,100.0,0.2115361915073424,0.14829424360226173,-0.06324194790508067,0.0,100.0,12,2.6877544351723888,1.290069186413429
Double DQN,42,131,5.619601425538031,12,1,0.8294737853637157,0.8752985367572996,-0.045824751393583885,-5.524556918153864,100.0,88.36959772072126,-11.63040227927874,88.26327025162014,0.0,100.0,0.15633771886978384,0.1338137085099888,-0.022524010359795038,0.0,91.66666666666666,12,2.6076932112434936,1.265786079761643
Double DQN,42,132,5.1261766680949545,12,1,0.8488381103866327,0.8550509232973681,-0.006212812910735388,-0.7319196481300241,85.7690359323012,51.30107154951742,-34.46796438278378,82.85523925913418,0.0,100.0,0.1550214627826762,0.13058054241071193,-0.02444092037196427,0.0,83.33333333333334,12,2.6764207152548622,1.1636265658640563
Double DQN,42,133,5.517582198368187,12,1,0.82594260574144,0.7844772995643199,0.041465306177120076,5.02036169206904,93.35181979746127,96.58069320356847,3.2288734061071978,85.7989293504321,0.0,100.0,0.1445087756614816,0.17039830363358466,0.02588952797210306,0.0,100.0,12,2.4761294160669833,1.2846253757935084
Double DQN,42,134,5.2100338174191085,12,1,0.8940063329134528,0.7949046446313499,0.09910168828210286,11.085121506817863,94.69423340426394,69.8419406765955,-24.85229272766844,82.53051048940104,0.0,100.0,0.1363524330017761,0.17007810422845912,0.03372567122668302,0.0,100.0,12,2.508904837764306,1.2700063539660507
Double DQN,42,135,5.361309021355952,12,1,0.8432118105259001,0.9103280602733663,-0.06711624974746622,-7.959595549972989,67.27476080508686,61.166016616698904,-6.108744188387952,79.5585959542067,0.0,100.0,0.1279817066777339,0.1463309452523436,0.01834923857460971,0.0,100.0,12,2.4766721240947773,1.2331444393963307
Double DQN,42,136,5.105920194485847,12,1,0.8930298658652482,0.9491974281497951,-0.05616756228454689,-6.28955026382311,94.10498678561426,87.49629611265102,-6.608690672963235,82.03278871046436,0.0,100.0,0.13899608283832754,0.10947352185074516,-0.02952256098758238,0.0,83.33333333333334,12,2.6060042750072903,1.2696357097620397
Double DQN,42,137,5.484877452216425,12,1,0.9204828150618564,0.8475543811989823,0.07292843386287406,7.922845779361268,80.86436051527082,71.55556892071604,-9.308791594554776,81.94985727035831,0.0,100.0,0.10336683140266593,0.17629841769160287,0.07293158628893694,0.0,100.0,12,2.3120101733331917,1.2055377795821427
Double DQN,42,138,5.318050358277361,12,1,0.8471738518780298,0.8469534274392331,0.00022042443879677354,0.026018796296431106,88.05765612495719,87.94623861729382,-0.11141750766337566,84.87509689604427,0.0,100.0,0.16456264334924128,0.14977398236968775,-0.01478866097955353,0.0,100.0,12,2.5066964980437,1.2183060907195216
Double DQN,42,139,5.57932129775597,12,1,0.8772058914371323,0.834723880573768,0.04248201086336434,4.8428779694771285,60.82623622756606,98.46053377515285,37.63429754758679,83.61937840485946,0.0,100.0,0.12562039245506865,0.13639842439609884,0.010778031941030192,0.0,100.0,12,2.3333335085718487,1.2278771772964758
Double DQN,42,140,5.72390661979293,12,1,0.9237474234971785,0.7864786964145407,0.13726872708263782,14.859984839032906,70.50818065128288,100.0,29.491819348717115,89.87199129625724,0.0,100.0,0.11586127071621385,0.20438182445956754,0.08852055374335369,0.0,100.0,12,2.406636611792527,1.2190272586232969
Double DQN,42,141,5.287766961781829,12,1,0.8559250921151469,0.8557416787158922,0.0001834133992546505,0.02142867418472364,79.38592325689582,75.22183136431119,-4.164091892584636,80.34060285470271,0.0,100.0,0.15388373339903932,0.15839701024358047,0.004513276844541142,0.0,91.66666666666666,12,2.5343588042783227,1.27179456175936
Double DQN,42,142,5.725460663039342,12,1,0.8317687838753131,0.7928201908357402,0.038948593039572876,4.682622598326736,97.44284556341033,100.0,2.55715443658967,91.1387656491889,0.0,100.0,0.1247267055526279,0.18539015878217868,0.06066345322955079,0.0,100.0,12,2.443295714011737,1.191574709089521
Double DQN,42,143,5.585719830002239,12,1,0.7840883400529801,0.9139991012646262,-0.12991076121164613,-16.568383251671385,77.24006939279607,100.0,22.759930607203927,87.14274266700004,0.0,100.0,0.18485298902676137,0.1309448242099569,-0.053908164816804466,0.0,91.66666666666666,12,2.6644489595259304,1.2701265642708575
Double DQN,42,144,5.7574614542879985,12,1,0.8600557923673249,0.8142993415706904,0.045756450796634485,5.320172389129398,100.0,100.0,0.0,90.87185507372608,0.0,100.0,0.13003814324712662,0.20095975182908246,0.07092160858195584,0.0,100.0,12,2.512729245462062,1.2319918098252358
Double DQN,42,145,5.337422220042907,12,1,0.8967506793289992,0.8970634320779476,-0.000312752748948375,-0.034876221023037834,78.03405053599181,81.13179024600645,3.097739710014636,81.36639542518319,0.0,100.0,0.14439077794538135,0.11067804720671048,-0.03371273073867087,0.0,100.0,12,2.6113491433464424,1.1323244213623695
Double DQN,42,146,5.349667698332645,12,1,0.82779214683265,0.8908927339855779,-0.06310058715292788,-7.622757402853758,99.11742239195365,95.26240087398642,-3.8550215179672307,83.2822905148271,0.0,100.0,0.1749898998726517,0.1264793704892688,-0.048510529383382905,0.0,100.0,12,2.5301765212575575,1.262251882356884
Double DQN,42,147,5.54646978192319,12,1,0.8266841322628812,0.8205796526972595,0.006104479565621657,0.7384295073998668,89.69742219903024,93.93760136811234,4.240179169082097,86.79362463172082,0.0,100.0,0.13975086051164676,0.18035933516618946,0.0406084746545427,0.0,100.0,12,2.435071109493557,1.2230288945687435
Double DQN,42,148,5.009091920126841,12,1,0.8214357941449497,0.7850041233995031,0.03643167074544662,4.435120919385931,100.0,78.83548413907403,-21.164515860925974,78.36663563501112,0.0,100.0,0.18514673762752534,0.18869274849138093,0.0035460108638555865,0.0,91.66666666666666,12,2.649171553538469,1.3018616128237281
Double DQN,42,149,5.611411817170343,12,1,0.9005160424059495,0.8466112932004091,0.05390474920554045,5.985984331997094,100.0,99.26299703375444,-0.7370029662455551,87.40094285565301,0.0,100.0,0.11488470969443558,0.16116261354459577,0.04627790385016019,0.0,100.0,12,2.480116297582489,1.1895398199619704
Double DQN,42,150,5.522230470188293,12,1,0.8879566071971068,0.8602714120927372,0.02768519510436962,3.117854507751201,72.35401194758619,69.669237672903,-2.6847742746831926,83.11044367316366,0.0,100.0,0.08903344660883704,0.12361855248826764,0.0345851058794306,0.0,91.66666666666666,12,2.322417363706766,1.1461006080908525
Double DQN,42,151,5.354895124334198,12,1,0.8397402111360222,0.7748938946118151,0.06484631652420703,7.722187846224639,85.39230390222673,83.85554377471209,-1.5367601275146399,81.9833933809842,0.0,100.0,0.1651611869266435,0.1980085116810013,0.03284732475435781,0.0,91.66666666666666,12,2.5452154443234396,1.2400309123720885
Double DQN,42,152,5.610457440968984,12,1,0.896596878153785,0.8550219292562279,0.041574948897557085,4.636972301661987,96.90955698227074,99.33944227638408,2.4298852941133333,86.98519306633479,0.0,100.0,0.09346186277681051,0.17627287758554389,0.08281101480873337,0.0,100.0,12,2.368167868214458,1.1346980252578471
Double DQN,42,153,5.536879813867712,12,1,0.826172535410166,0.8609078462735915,-0.03473531086342552,-4.204365235426356,77.42176054741726,100.0,22.578239452582736,85.17611227291889,0.0,100.0,0.14080545501855443,0.1220761082351225,-0.018729346783431938,0.0,100.0,12,2.47406084024028,1.2868383132390255
Double DQN,42,154,5.0968780336663695,12,1,0.9016689167557932,0.8569326970610976,0.044736219694695545,4.96149072717917,87.72027726838874,64.42239863913338,-23.297878629255365,74.46446675218341,0.0,100.0,0.11109247071645004,0.12882003823689045,0.017727567520440413,0.0,91.66666666666666,12,2.5060898682203123,1.0933413058460508
Double DQN,42,155,5.628764769884062,12,1,0.8292464353028276,0.8385050763344498,-0.009258641031622217,-1.116512611626857,76.69722249670612,86.55650904084048,9.859286544134363,87.22585937893142,0.0,100.0,0.15491599762879146,0.1712623200726571,0.016346322443865635,0.0,100.0,12,2.6245706363752297,1.2929129285833856
Double DQN,42,156,5.611256747802711,12,1,0.892605677205727,0.8395740961823217,0.05303158102340533,5.941210366196523,100.0,98.07711837895539,-1.9228816210446098,87.19651011085828,0.0,100.0,0.09915378977438248,0.18773818595806036,0.08858439618367787,0.0,91.66666666666666,12,2.455063387954675,1.094497749195632
Double DQN,42,157,5.468846544557461,12,1,0.898361869055426,0.768339474455592,0.130022394599834,14.473276201776553,71.99993088278663,82.08344238761194,10.08351150482531,83.74220554705603,0.0,100.0,0.14205360429439173,0.19215626035241556,0.05010265605802383,0.0,100.0,12,2.5823184954769594,1.2596931853664506
Double DQN,42,158,5.559248780479975,12,1,0.8597307427262703,0.8631170799412546,-0.0033863372149843807,-0.3938834621925992,95.49549244827105,100.0,4.504507551728949,87.7261845702295,0.0,100.0,0.15378566770747504,0.14962303012654998,-0.004162637580925055,0.0,91.66666666666666,12,2.5931039938224054,1.1825774447022623
Double DQN,42,159,5.597238235071764,12,1,0.8291401089319335,0.8743212373109189,-0.04518112837898547,-5.449154840330432,88.03904410523663,97.51925631107858,9.480212205841951,86.54241808760752,0.0,100.0,0.15928445990154078,0.1298600714861936,-0.02942438841534717,0.0,100.0,12,2.6162295268588016,1.280073942817133
Double DQN,42,160,5.617947544764688,12,1,0.801580254621087,0.8392216971540183,-0.037641442532931335,-4.695904410809711,85.55538109587296,69.38323214666968,-16.172148949203276,89.67546288596157,0.0,100.0,0.16438645360383786,0.09857932880656534,-0.06580712479727252,0.0,100.0,12,2.590115826298437,1.2546718512193744
Double DQN,42,161,5.470389870808414,12,1,0.8055130715440457,0.85958869379759,-0.05407562225354423,-6.713189911355444,98.26126579887948,82.7228678298695,-15.538397969009978,88.13227719083335,0.0,100.0,0.16896554176636436,0.1240269549823782,-0.044938586783986156,0.0,100.0,12,2.652311933537779,1.2949134424895672
Double DQN,42,162,5.509777546760313,12,1,0.8447731737427049,0.8291774260328818,0.015595747709823082,1.8461461839190845,85.60945370668504,86.78859677128179,1.1791430645967438,87.62744951642456,0.0,100.0,0.15628146196226347,0.17631673469139508,0.02003527272913161,0.0,91.66666666666666,12,2.612740787645443,1.1985749468065567
Double DQN,42,163,5.541366046354438,12,1,0.8591708842035249,0.8640090799078944,-0.004838195704369497,-0.5631237968282221,100.0,100.0,0.0,84.25284035697992,0.0,100.0,0.1406978946775531,0.14030679289612621,-0.00039110178142687246,0.0,91.66666666666666,12,2.425167233068489,1.2848283188163385
Double DQN,42,164,5.568371661638618,12,1,0.8168823700962229,0.8949045396633636,-0.0780221695671407,-9.551212319339227,78.98168307509933,89.0322727442481,10.050589669148778,83.53006068015797,0.0,100.0,0.13125176095512534,0.10136867550509673,-0.0298830854500286,0.0,91.66666666666666,12,2.3688027181140487,1.21619478210491
Double DQN,42,165,5.4150131820453,12,1,0.8434061499724704,0.846676412887747,-0.003270262915276545,-0.38774473192818065,98.22355918036234,73.95117535045695,-24.272383829905394,88.41814012752347,0.0,100.0,0.20500292595858027,0.13115549399959683,-0.07384743195898344,0.0,100.0,12,2.7190126162452617,1.3018639806142362
Double DQN,42,166,5.446770609099391,12,1,0.8458792158341251,0.8813819141728914,-0.03550269833876629,-4.197135675423462,98.08867712591908,73.24493129185616,-24.843745834062915,83.81871545346822,0.0,100.0,0.12350412038827496,0.1258421476906517,0.0023380273023767273,0.0,100.0,12,2.522130620048324,1.2606303416963927
Double DQN,42,167,5.452319312129479,12,1,0.893032388993084,0.8224165726290655,0.07061581636401848,7.907419398711793,79.79990979162388,58.65096422480265,-21.148945566821226,81.8646705758258,0.0,100.0,0.13783040764728055,0.18012524310555014,0.04229483545826959,0.0,91.66666666666666,12,2.4629446588068267,1.183533094288646
Double DQN,42,168,5.525752239184659,12,1,0.8751953741451836,0.8163207577991779,0.05887461634600566,6.727025540269723,82.78984760591071,100.0,17.21015239408929,83.5098368239213,0.0,100.0,0.11082813204525996,0.1597298201808471,0.04890168813558715,0.0,100.0,12,2.46563081538416,1.2025311724747534
Double DQN,42,169,5.537535744838625,12,1,0.8603865044775126,0.9036699273468052,-0.04328342286929254,-5.030695233368088,100.0,87.63278043014516,-12.36721956985484,84.42398146431141,0.0,100.0,0.13282887009947786,0.13153137806047183,-0.0012974920390060318,0.0,100.0,12,2.437716805246632,1.2728060552834308
Double DQN,42,170,5.651373550395033,12,1,0.8709120935645327,0.8281223830093015,0.042789710555231175,4.913206610795622,100.0,100.0,0.0,89.16479649986412,0.0,100.0,0.11999226347795239,0.15487709980827344,0.03488483633032105,0.0,100.0,12,2.42935975010028,1.2574330960594522
Double DQN,42,171,5.429891095737197,12,1,0.8248365380516678,0.8608647218464546,-0.03602818379478678,-4.367918021658975,79.9746404168628,100.0,20.025359583137202,82.81021953787389,0.0,100.0,0.13052145480977703,0.14162490587646792,0.01110345106669089,0.0,100.0,12,2.4140379387348774,1.1900778167040869
Double DQN,42,172,5.1321027677761855,12,1,0.8009347543319875,0.8579833565852548,-0.057048602253267355,-7.122752751670546,95.0398948684005,72.61137529627864,-22.428519572121857,82.68255939255413,0.0,100.0,0.19867265664406786,0.11745242408145118,-0.08122023256261668,0.0,100.0,12,2.783848709307167,1.2762502189285432
Double DQN,42,173,5.565689661762259,12,1,0.8081846572394866,0.8240915200684338,-0.015906862828947155,-1.9682213323970004,73.27069073684697,80.17664848553248,6.905957748685509,83.65349462516036,0.0,100.0,0.1469911110691826,0.14290035033001625,-0.004090760739166366,0.0,100.0,12,2.5010008164850177,1.3028517960035237
Double DQN,42,174,5.043461628699647,12,1,0.8724649337652408,0.8730417454709378,-0.0005768117056970112,-0.06611288126019026,100.0,67.0599009411356,-32.940099058864405,81.0390301459169,0.0,100.0,0.14867040649733398,0.12028027414499093,-0.028390132352343056,0.0,91.66666666666666,12,2.7882171690757356,1.1704833668449617
Double DQN,42,175,5.441303794011547,12,1,0.9078882105321568,0.7964171001463447,0.11147111038581214,12.278065635467783,99.90429017478793,91.95370578605511,-7.950584388732821,86.17788101508177,0.0,100.0,0.1246077613631858,0.22421675346943656,0.09960899210625077,0.0,100.0,12,2.4205275455581434,1.199882345128007
Double DQN,42,176,5.487949983200465,12,1,0.8206744406468838,0.835353110199889,-0.01467866955300523,-1.788610541036833,61.58908100238678,98.17922556139908,36.5901445590123,85.437756342362,0.0,100.0,0.1826760446152122,0.1879486603892514,0.005272615774039202,0.0,91.66666666666666,12,2.711244886347546,1.214859805398204
Double DQN,42,177,5.6557945971778505,12,1,0.8393592633712649,0.8557464809542805,-0.016387217583015645,-1.9523484517460148,94.37816970358146,95.04637471853124,0.6682050149497769,88.39112536838682,0.0,100.0,0.1652300411333617,0.13474189023294658,-0.030488150900415123,0.0,100.0,12,2.6519401729610905,1.2791354362626481
Double DQN,42,178,5.486562924798411,12,1,0.8522544285094835,0.8125615409262539,0.03969288758322964,4.657398806674309,64.56229538839062,100.0,35.43770461160938,84.33480305525039,0.0,100.0,0.10706379410646716,0.15716505296070474,0.05010125885423758,0.0,100.0,12,2.308828714784912,1.2102866095417322
Double DQN,42,179,5.476131563498289,12,1,0.790161095204726,0.8284418594645759,-0.03828076425984994,-4.84467844496085,91.88243085283436,86.43861629919404,-5.443814553640323,85.51811623652965,0.0,100.0,0.1958255793612489,0.16200560338908293,-0.03381997597216596,0.0,100.0,12,2.6261194774712364,1.2696722094390662
Double DQN,42,180,5.114445605692935,12,1,0.8529841902573896,0.8984684797240569,-0.04548428946666727,-5.33237192273661,92.24814744737394,78.994048768293,-13.25409867908094,83.11024074038794,0.0,100.0,0.15878605594516854,0.11395271066728702,-0.04483334527788152,0.0,91.66666666666666,12,2.620698374493837,1.302414487562675
Double DQN,42,181,5.495555117291408,12,1,0.8087131537855907,0.8660553113998974,-0.05734215761430672,-7.090543457329433,87.65484288713385,64.21092306946935,-23.443919817664508,86.02572584753868,0.0,100.0,0.1754002746017507,0.12193868825577299,-0.05346158634597771,0.0,100.0,12,2.617957377956378,1.2903372294292128
Double DQN,42,182,5.157160473338313,12,1,0.8401580315651405,0.8084521960327086,0.03170583553243189,3.7737942555124673,100.0,59.26072845325845,-40.73927154674155,85.86100568474255,0.0,100.0,0.17737559213515552,0.16999315585362673,-0.0073824362815287925,0.0,91.66666666666666,12,2.6145523337396193,1.2762069542594652
Double DQN,42,183,5.391580456073878,12,1,0.8678804133870033,0.8467734610615981,0.02110695232540516,2.432011599735596,89.06552918756036,84.6433295303354,-4.422199657224965,81.00393019744901,0.0,100.0,0.15785048784102346,0.16070165665377692,0.002851168812753463,0.0,100.0,12,2.584659497876659,1.349195490355973
Double DQN,42,184,5.424964055570255,12,1,0.8492043234385885,0.8729564027628086,-0.023752079324220077,-2.7969804991151515,94.51508461566554,86.61050685897479,-7.904577756690756,81.98651435115575,0.0,100.0,0.1313593117859485,0.14499531836944454,0.013636006583496035,0.0,100.0,12,2.5885464290469495,1.2631619610137281
Double DQN,42,185,5.272584153076904,12,1,0.7823791255162454,0.8289037783333096,-0.046524652817064194,-5.946561110812529,87.27024611310003,80.28042962091891,-6.98981649218112,83.60249942149805,0.0,100.0,0.17085133140540823,0.16750771283499957,-0.0033436185704086574,0.0,91.66666666666666,12,2.599186049044438,1.2878817814057668
Double DQN,42,186,5.382249218456766,12,1,0.9348846594630766,0.8671627931427196,0.06772186632035704,7.2438739511728745,92.20380546715646,96.69191909536427,4.488113628207813,76.35225077156655,0.0,100.0,0.07448701354199733,0.12406891001126444,0.04958189646926711,0.0,91.66666666666666,12,2.3313713956797772,1.2335835549456016
Double DQN,42,187,5.150301013209411,12,1,0.8686468930704979,0.8738741290588063,-0.005227235988308432,-0.6017676492033683,87.00661064615464,85.90848372692315,-1.0981269192314898,78.65720763281986,0.0,100.0,0.16635756650544387,0.15415815530587973,-0.012199411199564136,0.0,91.66666666666666,12,2.571672467707782,1.3192301218487783
Double DQN,42,188,5.736956270584558,12,1,0.8679061849639315,0.8420459724720658,0.025860212491865653,2.9796091950814194,76.30543434211391,88.19625417117693,11.89081982906302,88.7807612107308,0.0,100.0,0.12113491771694168,0.1550482733922233,0.033913355675281615,0.0,100.0,12,2.4302812358919446,1.2052848696197274
Double DQN,42,189,5.4475307452894155,12,1,0.8301007048445912,0.8360303260498829,-0.005929621205291724,-0.7143255234799312,87.68688783047584,100.0,12.31311216952416,85.03368752931661,0.0,100.0,0.15795772344386994,0.15541238839375562,-0.0025453350501143113,0.0,91.66666666666666,12,2.6243731306518656,1.2740586910358358
Double DQN,42,190,5.529925555198434,12,1,0.8438808714647148,0.8322563643615606,0.011624507103154214,1.3775056997058939,82.64258248448616,63.10692650694898,-19.535655977537175,87.28153076260219,0.0,100.0,0.14090598195169005,0.152050171648224,0.01114418969653394,0.0,100.0,12,2.566043216380303,1.2416151439779022
Double DQN,42,191,5.307112420932583,12,1,0.8684461948195787,0.8390677580592112,0.029378436760367554,3.382873566101695,70.79394885053433,75.77545068384839,4.981501833314056,76.15098588712983,0.0,100.0,0.0904609625103607,0.15549503116007546,0.06503406864971475,0.0,91.66666666666666,12,2.332414044130155,1.1748984063283476
Double DQN,42,192,5.536650871203248,12,1,0.8731225795168083,0.8985528196526067,-0.02543024013579842,-2.9125624204875886,77.51561186083948,93.23878732971122,15.72317546887173,82.9665632224823,0.0,100.0,0.1348766776224086,0.15760182341560153,0.02272514579319293,0.0,91.66666666666666,12,2.4320865498471558,1.1832450464005806
Double DQN,42,193,5.409548895317444,12,1,0.8329483557892867,0.7779822295912331,0.05496612619805363,6.5989836964104125,91.86467527324169,93.13900430603722,1.274329032795535,85.0437728908713,0.0,100.0,0.141131929679169,0.21814609829367312,0.07701416861450414,0.0,100.0,12,2.439818945532799,1.3188214353306627
Double DQN,42,194,5.426171419942136,12,1,0.7868062894458608,0.8119797823164887,-0.025173492870627867,-3.199452420284704,77.48804364702487,100.0,22.511956352975133,87.5670483464926,0.0,100.0,0.17172414896128357,0.1423249501278135,-0.029399198833470086,0.0,91.66666666666666,12,2.685227672830946,1.2740743777347188
Double DQN,42,195,5.4265508337796025,12,1,0.8343573765738693,0.9024091760104241,-0.06805179943655482,-8.156193178994432,92.43785135282198,72.91399457059184,-19.52385678223014,86.44821050802908,0.0,100.0,0.1391090351983995,0.11129308959414029,-0.02781594560425922,0.0,91.66666666666666,12,2.459106609809705,1.2556510769342626
Double DQN,42,196,5.55841721611165,12,1,0.7993704696682044,0.8609698839572983,-0.06159941428909399,-7.705990729762902,74.51201887353655,100.0,25.487981126463453,84.08267623307096,0.0,100.0,0.1580571793980192,0.15496669008647876,-0.003090489311540434,0.0,91.66666666666666,12,2.5326872772146176,1.1960565209289955
Double DQN,42,197,5.315458491915452,12,1,0.8685636210893062,0.87014583437789,-0.001582213288583767,-0.18216435159918848,83.06560389481956,80.36701849173858,-2.6985854030809833,84.61503349237168,0.0,100.0,0.1579066964088801,0.13136254046944623,-0.026544155939433878,0.0,100.0,12,2.5680408152077385,1.2597409032240319
Double DQN,42,198,5.465962793337091,12,1,0.766069707797518,0.9142677939013361,-0.14819808610381802,-19.345248166761955,75.27342004675835,72.01731159979983,-3.256108446958521,82.31030478328607,0.0,100.0,0.14667654405089936,0.1263942736784999,-0.020282270372399464,0.0,91.66666666666666,12,2.4318689731977754,1.2375923976115322
Double DQN,42,199,5.245500768611694,12,1,0.8368844539456546,0.8997467132929506,-0.06286225934729606,-7.5114621918139,99.11548872672647,85.84193434729983,-13.273554379426642,80.69361271925375,0.0,100.0,0.12414684931354797,0.1491205074810301,0.02497365816748212,0.0,100.0,12,2.4425063870884096,1.2458007994148783
Double DQN,42,200,5.60439581427777,12,1,0.8120809234183788,0.8041173057414468,0.007963617676931989,0.9806433629064804,100.0,89.80543644445035,-10.19456355554965,89.5696953052037,0.0,100.0,0.18559418159177904,0.188075339715094,0.0024811581233149527,0.0,100.0,12,2.649269249199249,1.264733776252272
Double DQN,101,1,4.561380769243791,12,1,0.8223277317016733,0.8852664037207342,-0.06293867201906089,-7.653721210255133,94.99966199957312,50.851117962687184,-44.14854403688594,64.55387057374746,0.0,100.0,0.17407567295247792,0.17920635204274393,0.005130679090266016,0.0,58.333333333333336,12,2.618039386660574,1.3391169261711253
Double DQN,101,2,4.554029935816368,12,1,0.8967853603771454,0.8835102392718193,0.013275121105326138,1.480300826916181,78.18067494470904,91.60687139771817,13.426196453009126,68.34294698588532,0.0,100.0,0.16285325785255306,0.12174462437901948,-0.04110863347353358,0.0,75.0,12,2.682067570870735,1.2266217092769187
Double DQN,101,3,5.044072706514812,12,1,0.8032900106696712,0.8893995355971243,-0.08610952492745305,-10.719606092906215,87.3099269912075,71.64422485998655,-15.665702131220954,76.58160160786056,0.0,100.0,0.17695317903196411,0.12737578485182566,-0.04957739418013846,0.0,91.66666666666666,12,2.543026499521465,1.222291858702199
Double DQN,101,4,5.4415023668050635,12,1,0.8869158777929564,0.8543653778979268,0.03255049989502967,3.670077479730082,79.41586615546974,94.24259584115478,14.826729685685038,84.03123268016857,0.0,100.0,0.15058122266275323,0.1542392710002204,0.0036580483374671624,0.0,100.0,12,2.3650365963410924,1.2478578428350113
Double DQN,101,5,5.376802774033601,12,1,0.7906265175846775,0.8637217483711546,-0.07309523078647706,-9.245228835706037,92.54210846176773,64.05447410450856,-28.487634357259168,84.65749933032029,0.0,100.0,0.19402187059633813,0.14288800906523788,-0.05113386153110025,0.0,100.0,12,2.5033949843090184,1.310861944082128
Double DQN,101,6,4.803849136656583,12,1,0.8342653925482646,0.8022493181854025,0.032016074362862135,3.8376366380330125,80.74814665389289,76.74596170935595,-4.0021849445369355,72.68841360271027,0.0,100.0,0.16568365926731118,0.2204564982878591,0.054772839020547914,0.0,83.33333333333334,12,2.3275557491945063,1.3511645228801088
Double DQN,101,7,5.466038577128509,12,1,0.8746199730431542,0.880376114057124,-0.005756141013969818,-0.6581305242712319,83.49638569893362,98.24322427329992,14.746838574366294,85.58071163033627,0.0,100.0,0.13101261086012997,0.12901852335161146,-0.0019940875085185106,0.0,91.66666666666666,12,2.348230056783111,1.1782827582652704
Double DQN,101,8,5.497023433315782,12,1,0.9366178263021849,0.7983815247447719,0.13823630155741307,14.75909358923661,64.2891771980398,76.92120040829916,12.632023210259362,82.8113575104731,0.0,100.0,0.10200959869182331,0.18188672748445367,0.07987712879263036,0.0,100.0,12,2.3148157910474634,1.2030347337607425
Double DQN,101,9,5.229179145247177,12,1,0.7995367571429041,0.7913687283670106,0.00816802877589351,1.021595155309865,95.92193363358807,67.52935281811081,-28.39258081547726,85.22452482585437,0.0,100.0,0.18121250294872715,0.15945896546189364,-0.021753537486833507,0.0,100.0,12,2.591283760606457,1.2683281772017325
Double DQN,101,10,5.529600726520385,12,1,0.8105116871916532,0.7828126382027858,0.027699048988867436,3.417476814534536,89.47115999529424,96.89480197836502,7.42364198307078,86.85695329726913,0.0,100.0,0.1265182115633549,0.19828079028532022,0.07176257872196531,0.0,100.0,12,2.4446778522869486,1.1954138054403685
Double DQN,101,11,5.117939984325692,12,1,0.8509471174698667,0.8160479292244505,0.03489918824541627,4.1012170473275145,86.89852231725422,87.54132290915034,0.642800591896119,78.02607545038354,0.0,100.0,0.17227511497636352,0.18552136248172843,0.013246247505364905,0.0,83.33333333333334,12,2.622089694399643,1.3354137939958446
Double DQN,101,12,5.149230614678764,12,1,0.8532367899974149,0.800204797396942,0.05303199260047298,6.2153898216969345,90.46816577776227,61.384977810586115,-29.08318796717615,78.28700821264427,0.0,100.0,0.1363299337113334,0.16253173745257612,0.02620180374124273,0.0,83.33333333333334,12,2.3882804111830356,1.2211133181167797
Double DQN,101,13,5.478389779985577,12,1,0.8766465948229811,0.8686661621630876,0.007980432659893566,0.9103363552681151,80.03987656900195,70.97192235597448,-9.067954213027463,84.35032489846637,0.0,100.0,0.12728491368416783,0.15231946385474004,0.025034550170572212,0.0,91.66666666666666,12,2.2934251354645294,1.2444004231777366
Double DQN,101,14,5.511732179343071,12,1,0.7923461276527657,0.8898362528102659,-0.09749012515750022,-12.303982029457696,95.59481871434441,60.9799172640064,-34.61490145033801,89.20252854660184,0.0,100.0,0.1837851799648405,0.1464435769190965,-0.03734160304574399,0.0,100.0,12,2.487290803825656,1.2820915686342185
Double DQN,101,15,5.409219528836708,12,1,0.9068050408330139,0.8780599074838793,0.028745133349134644,3.169935328406274,65.69236849064212,100.0,34.307631509357876,81.0779229979017,0.0,100.0,0.12232241882786142,0.14892996522806043,0.02660754640019901,0.0,100.0,12,2.319641534107714,1.2437371979036558
Double DQN,101,16,5.607334360425185,12,1,0.8903007053873205,0.8701184341418617,0.020182271245458794,2.266905004492679,95.7535316512614,100.0,4.246468348738603,86.28883900561311,0.0,100.0,0.1193651793462439,0.12362031636928937,0.004255137023045474,0.0,100.0,12,2.4678580055946373,1.2271824414898094
Double DQN,101,17,5.108856216805897,12,1,0.7946608267532456,0.8620569909716786,-0.06739616421843309,-8.481123260321555,68.3167963591443,71.68865672661828,3.371860367473971,76.85517862660669,0.0,100.0,0.18766044992933734,0.1492884838033387,-0.038371966125998636,0.0,83.33333333333334,12,2.6091529100037136,1.3237997560760075
Double DQN,101,18,5.107675733991525,12,1,0.8835077812728983,0.8265718365353406,0.0569359447375577,6.444305974931906,82.16302326214134,62.34700840719424,-19.8160148549471,80.31293832317768,0.0,100.0,0.1494189017493304,0.19438002018419576,0.04496111843486536,0.0,91.66666666666666,12,2.343337567031969,1.208260655905479
Double DQN,101,19,5.554830090400983,12,1,0.9075227204578573,0.8492202371101266,0.058302483347730694,6.424355229179972,86.56572282915475,84.82760357536341,-1.7381192537913392,84.56923842892462,0.0,100.0,0.08991470601072388,0.16807651928285625,0.07816181327213237,0.0,100.0,12,2.1812725718010153,1.2018964678328452
Double DQN,101,20,5.4122864941392,12,1,0.8722075752149102,0.8707060179450018,0.0015015572699084156,0.17215595376346451,87.77880773678652,84.93069467659285,-2.8481130601936684,84.91257335406065,0.0,100.0,0.1275597092499728,0.15229639962758906,0.02473669037761625,0.0,100.0,12,2.3865626297591276,1.2618359929294023
Double DQN,101,21,5.467692992059938,12,1,0.8630860527219788,0.8035486020971648,0.05953745062481397,6.89820562353502,77.5754242923731,76.18821179884819,-1.3872124935249133,82.39084313306465,0.0,100.0,0.1230485485323861,0.19231155340330536,0.06926300487091926,0.0,91.66666666666666,12,2.2874583062321228,1.2573745073645366
Double DQN,101,22,4.546561947010686,12,1,0.8277431984694031,0.8938494361454727,-0.0661062376760696,-7.986322062000388,79.79039659244029,93.88803088340225,14.097634290961963,65.69188317017114,0.0,100.0,0.15495482571895627,0.13177548926225258,-0.023179336456703697,0.0,58.333333333333336,12,2.5470895995399667,1.282573994635693
Double DQN,101,23,4.277911567880531,12,1,0.8203733380653567,0.9174854279683506,-0.09711208990299391,-11.837548271864643,75.44215833793633,77.8733342379072,2.4311758999708672,60.294658451225864,0.0,100.0,0.14440765094644195,0.08186925080743725,-0.0625384001390047,0.0,58.333333333333336,12,2.5418902264695418,1.2535324874202525
Double DQN,101,24,4.10433936965898,12,0,0.8472568302843412,0.9163630446540146,-0.06910621436967346,-8.156465890806837,66.38389471031266,0.0,-66.38389471031266,57.8342331592344,0.0,100.0,0.179349853960238,0.11897636630609527,-0.06037348765414273,0.0,66.66666666666666,12,2.618379994956648,1.272634166903116
Double DQN,101,25,5.582680387042153,12,1,0.8814698541644731,0.7892980195210866,0.09217183464338652,10.456606565491033,100.0,83.67255142329057,-16.32744857670943,84.91168170488194,0.0,100.0,0.1206506098142001,0.18298593959385703,0.06233532977965693,0.0,100.0,12,2.353594480384114,1.1862153879192394
Double DQN,101,26,5.594886715510659,12,1,0.8973217189542065,0.808616227867535,0.08870549108667158,9.88558386729504,65.87650632937414,93.27284920923286,27.39634287985872,83.48155913367466,0.0,100.0,0.08367126467533477,0.15044663324089885,0.06677536856556408,0.0,100.0,12,2.258892756143795,1.1489003621987772
Double DQN,101,27,5.048654034242466,12,1,0.8570499533231034,0.9177407717384878,-0.06069081841538437,-7.081363015080202,88.56661064784339,69.79430904706288,-18.77230160078051,79.50380007077187,0.0,100.0,0.13812580830174404,0.11422039872288565,-0.02390540957885838,0.0,91.66666666666666,12,2.413793946017819,1.2422349393976684
Double DQN,101,28,5.095411087839483,12,1,0.8882673647824879,0.8460426073198313,0.04222475746265664,4.753609007463233,64.28075972324255,80.76142173787659,16.480662014634035,74.68109079122867,0.0,100.0,0.1166135910657841,0.12394799576900366,0.007334404703219555,0.0,91.66666666666666,12,2.2997432201349532,1.2170156877849625
Double DQN,101,29,5.47417364487421,12,1,0.8714136745584693,0.8221985718374203,0.04921510272104901,5.647731285142556,82.59285961133426,98.20782279430739,15.614963182973128,86.96822518211752,0.0,100.0,0.12136351838478883,0.18337094109367447,0.06200742270888564,0.0,91.66666666666666,12,2.1928778571042287,1.2726794878470962
Double DQN,101,30,4.386756848272258,12,1,0.7888975100855562,0.8875004794096263,-0.09860296932407009,-12.49883135179075,100.0,74.81390793200974,-25.18609206799026,67.90022107877705,0.0,100.0,0.19815175060264426,0.10353936904340283,-0.09461238155924143,0.0,66.66666666666666,12,2.8366740106913197,1.270379346224556
Double DQN,101,31,5.15202696986757,12,1,0.8449424309887263,0.832463920529476,0.012478510459250303,1.476847416059852,58.157823262664806,81.75908130446915,23.601258041804343,74.44152486499547,0.0,100.0,0.1467196407918383,0.19740692978958302,0.05068728899774472,0.0,75.0,12,2.5649168123869783,1.2686108100181934
Double DQN,101,32,4.8245432676364235,12,1,0.8193710017898532,0.8031241274972659,0.01624687429258731,1.9828471177399807,90.79128943337611,84.6282581596129,-6.16303127376321,71.33706551403431,0.0,100.0,0.15883458668054995,0.17379791235055517,0.014963325670005218,0.0,75.0,12,2.637704241380818,1.2564977107940494
Double DQN,101,33,5.434901374430298,12,1,0.7720320034211607,0.8758797347156069,-0.10384773129444613,-13.45122104190736,82.65704387149376,100.0,17.342956128506245,87.35337070173007,0.0,100.0,0.17724928610747448,0.16978443629621026,-0.007464849811264218,0.0,100.0,12,2.4868390636141866,1.23498735415633
Double DQN,101,34,5.148674566483374,12,1,0.8209154355282887,0.8360853532239819,-0.015169917695693202,-1.847926965331187,75.76450440849334,75.41984666937051,-0.34465773912282316,83.2555774078255,0.0,100.0,0.18901083215725267,0.16929809929664327,-0.0197127328606094,0.0,100.0,12,2.7250400568281776,1.279111653487752
Double DQN,101,35,5.397766955304468,12,1,0.889735526329863,0.9161877504487951,-0.02645222411893211,-2.973043487208708,82.86908520628387,80.01532593943375,-2.853759266850119,81.06660329091586,0.0,100.0,0.1306398596664049,0.1059129506924955,-0.024726908973909403,0.0,83.33333333333334,12,2.3311744485805477,1.2969394305797335
Double DQN,101,36,5.571202922178842,12,1,0.8777126691837248,0.8197332756238633,0.05797939355986148,6.605737343837418,98.61849131002948,80.35918096669712,-18.25931034333236,88.24993372413515,0.0,100.0,0.13130280412437442,0.14364114035671055,0.012338336232336128,0.0,100.0,12,2.533521891219825,1.1772516716144346
Double DQN,101,37,5.0599182862371235,12,1,0.8051085007753184,0.8111347338325903,-0.006026233057271901,-0.7484994943499723,100.0,91.80163196868062,-8.198368031319376,79.57642934817198,0.0,100.0,0.20657218537434088,0.15145600136464202,-0.055116184009698865,0.0,91.66666666666666,12,2.636337586941878,1.33078886734407
Double DQN,101,38,5.3668543424549435,12,1,0.8747992810214011,0.8687274178971732,0.006071863124227916,0.6940864328487456,63.03275517986879,93.2090907765797,30.176335596710906,75.61795162025267,0.0,100.0,0.1367855563269646,0.1414135586491518,0.0046280023221872135,0.0,91.66666666666666,12,2.404921841693483,1.2921454300777198
Double DQN,101,39,5.286060493658072,12,1,0.7961739434722699,0.8376308819659061,-0.041456938493636186,-5.207020253995552,83.6844871920534,77.39606491277819,-6.28842227927521,81.72718061015232,0.0,100.0,0.18972007007033342,0.17206565825638523,-0.017654411813948195,0.0,100.0,12,2.5620826950530904,1.3096095007522606
Double DQN,101,40,5.140041222673101,12,1,0.8272868268641039,0.8334839631350063,-0.006197136270902348,-0.749091617280198,100.0,88.3916929058302,-11.608307094169803,83.0554677122657,0.0,100.0,0.18209704309302066,0.1486181556550229,-0.03347888743799776,0.0,91.66666666666666,12,2.7110008185292735,1.1993473809611483
Double DQN,101,41,5.41796262674815,12,1,0.778180491235786,0.8702667912548809,-0.0920863000190949,-11.833540040673297,90.94735601318612,60.90288481717614,-30.044471196009987,84.05184445721905,0.0,100.0,0.19660996942124184,0.14686757328535463,-0.04974239613588721,0.0,100.0,12,2.589343776835746,1.2962269645927833
Double DQN,101,42,5.590836844638295,12,1,0.8885307457833465,0.841884836527597,0.04664590925574941,5.2497799853425935,96.79297654347234,100.0,3.207023456527665,84.02889772417547,0.0,100.0,0.12183552601620552,0.16927244281270742,0.0474369167965019,0.0,91.66666666666666,12,2.3986517588865666,1.2501770993431598
Double DQN,101,43,5.02809243153776,12,1,0.8274167015367938,0.8497346104201254,-0.022317908883331627,-2.6972997815828097,79.57542482894773,76.41148534877622,-3.163939480171507,75.99365898406386,0.0,100.0,0.1497290407485871,0.11977492323851285,-0.029954117510074235,0.0,83.33333333333334,12,2.2472316469171405,1.2592576198465246
Double DQN,101,44,5.6205451795173405,12,1,0.853611730906383,0.8726529422641194,-0.0190412113577364,-2.2306642081310244,90.66391867679404,67.3081901600592,-23.355728516734843,85.75790622465871,0.0,100.0,0.1442764715384749,0.12085772129231843,-0.02341875024615646,0.0,100.0,12,2.5454664848777253,1.2901391363007577
Double DQN,101,45,5.221277400172991,12,1,0.8154228851710801,0.8747107819591914,-0.059287896788111305,-7.270815900104691,81.43745807607705,94.02604364486982,12.588585568792766,80.04586536645344,0.0,100.0,0.13637908281135255,0.11698021433337494,-0.019398868477977615,0.0,91.66666666666666,12,2.430445845797536,1.2919085265010837
Double DQN,101,46,5.425265837120696,12,1,0.8723354744591338,0.874041608063238,-0.0017061336041042097,-0.19558227930166983,79.92886980629176,86.02839075228252,6.099520945990761,80.84136032379725,0.0,100.0,0.10566858085944715,0.10410926714250962,-0.0015593137169375298,0.0,91.66666666666666,12,2.3126005197717405,1.1948613758109683
Double DQN,101,47,5.2283660400383045,12,1,0.8052059549863371,0.9020452501880836,-0.0968392952017465,-12.026649157530098,100.0,69.74629863886027,-30.253701361139733,80.12768194734046,0.0,100.0,0.15470655137597547,0.13273250397933978,-0.021974047396635693,0.0,100.0,12,2.520546493585473,1.287647013744995
Double DQN,101,48,5.353270087752335,12,1,0.8140920497739529,0.8079618959716708,0.006130153802282101,0.7530049954405337,74.67382474294783,84.40643193681399,9.732607193866158,82.6492517316795,0.0,100.0,0.16569566822113002,0.19002258735657482,0.024326919135444797,0.0,100.0,12,2.4547266031500343,1.3103621398433027
Double DQN,101,49,5.545440710550613,12,1,0.8129669852973397,0.8937911660627679,-0.08082418076542819,-9.941877373515611,93.14331354143465,100.0,6.856686458565349,85.22028853596073,0.0,100.0,0.1465741719059668,0.11109919851905106,-0.03547497338691574,0.0,100.0,12,2.4866213402246897,1.2269304358094801
Double DQN,101,50,4.776213656059423,12,1,0.8211994125853547,0.8742736279237144,-0.053074215338359765,-6.463011848884302,83.63921131934373,88.87233762388446,5.233126304540733,74.38430343495732,0.0,100.0,0.17782837983272104,0.1517698234731792,-0.02605855635954185,0.0,83.33333333333334,12,2.6812446294508425,1.2475620008533173
Double DQN,101,51,5.45505474258301,12,1,0.9121758625899072,0.8386595165653226,0.07351634602458468,8.059448735669504,71.37347907798903,79.0611944197772,7.687715341788163,82.45384884765271,0.0,100.0,0.10905617961297331,0.1132505839853913,0.004194404372417984,0.0,100.0,12,2.2742851364996413,1.2515787296331427
Double DQN,101,52,5.224266203624934,12,1,0.776153930372333,0.8283966049430223,-0.05224267457068921,-6.730968243068432,82.4161515775141,89.46735277938672,7.051201201872615,86.43644991291768,0.0,100.0,0.1953011062463626,0.16717333555768,-0.028127770688682607,0.0,100.0,12,2.588632465307525,1.3309347649855456
Double DQN,101,53,5.412330759818669,12,1,0.8430455032906758,0.7775494042599347,0.06549609903074116,7.768987412315109,100.0,79.93890551930609,-20.06109448069391,85.53571958845288,0.0,100.0,0.1598505774345237,0.19588310804804634,0.036032530613522656,0.0,91.66666666666666,12,2.4904522745529385,1.276470847658573
Double DQN,101,54,5.3889080863374685,12,1,0.868882935301144,0.8045137101586988,0.06436922514244525,7.408273603639791,83.65419236019005,87.52548351292685,3.871291152736802,81.89198124636698,0.0,100.0,0.12526762560541588,0.17879671586816118,0.0535290902627453,0.0,100.0,12,2.304131762818596,1.2346512970808945
Double DQN,101,55,5.44365529371952,12,1,0.7865888078166181,0.8211851204953693,-0.034596312678751184,-4.398271668113643,90.1253712229532,86.87675678964663,-3.248614433306571,85.31723794359452,0.0,100.0,0.17633897000821913,0.1627304837339437,-0.013608486274275439,0.0,100.0,12,2.507863364119628,1.270023621722028
Double DQN,101,56,4.639019361132174,12,1,0.8001884957549177,0.8069662590807928,-0.006777763325875097,-0.8470208409433313,69.67757878250082,83.93127151454534,14.253692732044527,68.08246708235333,0.0,100.0,0.1861132048380167,0.1445524810726492,-0.041560723765367485,0.0,66.66666666666666,12,2.6232236731104392,1.2645137908092923
Double DQN,101,57,4.283833651905705,12,0,0.8293482362812543,0.926929022540454,-0.09758078625919964,-11.765960544721937,66.19082306789991,18.772873909682435,-47.41794915821748,55.71856213077894,0.0,100.0,0.17820746882791622,0.08974924550937136,-0.08845822331854486,0.0,58.333333333333336,12,2.682252940757573,1.3056407901366762
Double DQN,101,58,5.1361255986149175,12,1,0.7935605843561131,0.8220658342206114,-0.028505249864498317,-3.5920697709081892,76.2681375484062,85.48951198682043,9.22137443841423,80.34819061733351,0.0,100.0,0.16343551185699579,0.19091279606907774,0.027477284212081954,0.0,100.0,12,2.4296036828092267,1.2212255188897547
Double DQN,101,59,4.977841755498517,12,1,0.8925040729987683,0.7817497385603066,0.11075433443846172,12.409392605496219,100.0,100.0,0.0,84.06597509724452,0.0,100.0,0.1401803281506166,0.20144227422155478,0.061261946070938184,0.0,100.0,12,2.509860511928114,1.1741951855124213
Double DQN,101,60,5.008373156283529,12,1,0.8434754821242443,0.818820350074169,0.0246551320500753,2.9230407489714785,88.47216765261606,68.36599011659155,-20.106177536024518,78.87769859987561,0.0,100.0,0.1399786218160192,0.14729272841867466,0.007314106602655468,0.0,83.33333333333334,12,2.4887991930005966,1.2440920461098322
Double DQN,101,61,5.426430776778188,12,1,0.869399222318191,0.8700024419334449,-0.0006032196152538916,-0.06938350067135435,100.0,69.26680056254399,-30.73319943745601,87.16569950304587,0.0,100.0,0.10556157142173543,0.11755017174236719,0.01198860032063176,0.0,100.0,12,2.415042266484219,1.1843593086031923
Double DQN,101,62,5.220122043715144,12,1,0.8071121839914909,0.8543055066142957,-0.047193322622804845,-5.847182530365864,85.75897026080939,83.52084750204345,-2.2381227587659396,80.51549584148869,0.0,100.0,0.17394788576900755,0.14867179540111758,-0.02527609036788997,0.0,91.66666666666666,12,2.5445089677369617,1.216045736339022
Double DQN,101,63,5.5770719165351625,12,1,0.8337647532493297,0.8785834244982687,-0.0448186712489389,-5.37545765448498,83.08327350955335,96.49593897260867,13.412665463055319,83.52801658589219,0.0,100.0,0.15556378718208397,0.1337564529083716,-0.02180733427371237,0.0,91.66666666666666,12,2.453580024706103,1.2520745187382822
Double DQN,101,64,5.366732613087567,12,1,0.8786808532605095,0.9075341265883994,-0.028853273327889895,-3.2837034312087754,67.76566893078706,77.19641774464023,9.430748813853171,81.11407105761587,0.0,100.0,0.12815336526264254,0.10294665548200388,-0.02520670978063866,0.0,100.0,12,2.3536269770444225,1.2267579182655293
Double DQN,101,65,4.476033314818207,12,1,0.8770491874739236,0.8715357877881654,0.005513399685758147,0.628630613254182,75.64968171246161,5.076884944359292,-70.57279676810232,62.828352774887776,0.0,100.0,0.13823482662765596,0.10768452319191064,-0.030550303435745316,0.0,58.333333333333336,12,2.3468157341396094,1.3332222147361166
Double DQN,101,66,5.532317592113314,12,1,0.8389310063244022,0.8576524318502884,-0.01872142552588618,-2.231581069808127,65.84665934953034,89.15943904172407,23.31277969219373,89.59382758553265,0.0,100.0,0.17810959210605326,0.11352409225456205,-0.06458549985149122,0.0,100.0,12,2.536874989308199,1.3049927109920902
Double DQN,101,67,4.712778533887686,12,1,0.8304591746680818,0.840121491447773,-0.009662316779691205,-1.163490882445009,88.9857557167602,100.0,11.014244283239805,69.8912267684163,0.0,100.0,0.15089428264468863,0.15379702250256821,0.002902739857879588,0.0,66.66666666666666,12,2.5766691824252246,1.255368816637608
Double DQN,101,68,5.325223992011537,12,1,0.8576589724579351,0.8571100952670063,0.000548877190928776,0.06399713738850861,79.59739210387006,54.53933016051254,-25.058061943357522,81.67437810518472,0.0,100.0,0.14688923384142624,0.16742535746535772,0.02053612362393148,0.0,83.33333333333334,12,2.331812847280876,1.2568716842467225
Double DQN,101,69,5.448255374218346,12,1,0.9256734257526965,0.8753836487393315,0.05028977701336501,5.4327774368668615,64.86199999299879,100.0,35.13800000700121,83.17798046954245,0.0,100.0,0.10813491597657036,0.13407528967537663,0.025940373698806266,0.0,91.66666666666666,12,2.2827051700407535,1.2864678134041796
Double DQN,101,70,5.120130403948396,12,1,0.7985422991599525,0.8958344471381737,-0.09729214797822128,-12.183718768632582,94.6384499382578,57.70237940869678,-36.93607052956103,81.16270631678373,0.0,100.0,0.16842036714334918,0.1079726649203501,-0.06044770222299908,0.0,91.66666666666666,12,2.5343356613318746,1.3208172349886498
Double DQN,101,71,5.55732697301035,12,1,0.8214721558358231,0.8246498246309161,-0.0031776687950929583,-0.38682611121003563,100.0,100.0,0.0,88.80682467003942,0.0,100.0,0.13734580562951668,0.18738817733059152,0.05004237170107484,0.0,100.0,12,2.3734796859525074,1.2736458104465609
Double DQN,101,72,4.425631106798281,12,1,0.7792359584703487,0.8347552611050112,-0.05551930263466254,-7.124838379333485,100.0,51.2788817371888,-48.7211182628112,63.744043173200104,0.0,100.0,0.19145876387253968,0.18506537646356314,-0.0063933874089765474,0.0,58.333333333333336,12,2.5616495038021116,1.3945735239941346
Double DQN,101,73,4.911354450141831,12,1,0.8878691126530491,0.8590849227902592,0.028784189862789966,3.2419406703742277,82.50678535139019,98.15720419398673,15.650418842596537,72.34135349852272,0.0,100.0,0.11123967236444285,0.11907737765556749,0.007837705291124639,0.0,75.0,12,2.280873753377653,1.1636573069406542
Double DQN,101,74,5.455805997584974,12,1,0.9195506963865187,0.9049057202094526,0.01464497617706606,1.5926230315104102,70.77040942453806,91.55855517426453,20.788145749726468,80.30707926191624,0.0,100.0,0.09279216353998773,0.11525738121296035,0.022465217672972618,0.0,100.0,12,2.2345308097502783,1.1838607280275835
Double DQN,101,75,5.500151416441668,12,1,0.8114340382968143,0.839388756721352,-0.027954718424537783,-3.445100538697421,88.49749848566717,75.5561548954887,-12.941343590178462,87.00390205855332,0.0,100.0,0.17191561449957118,0.14663053051840474,-0.02528508398116644,0.0,100.0,12,2.4356832619615756,1.2617280620166709
Double DQN,101,76,5.077899690899519,12,1,0.8445932664639043,0.8801696510512647,-0.035576384587360343,-4.212250558935848,100.0,91.66137114735898,-8.338628852641023,87.28207964360064,0.0,100.0,0.168426396508167,0.11276428860204753,-0.05566210790611946,0.0,100.0,12,2.5655422969156674,1.2285960322760965
Double DQN,101,77,5.532858553462743,12,1,0.8074844968893282,0.8548591623530186,-0.0473746654636904,-5.86694427523894,82.47719842286689,64.40126784908419,-18.0759305737827,85.2890925328086,0.0,100.0,0.14893542276514338,0.13965072269885376,-0.00928470006628962,0.0,91.66666666666666,12,2.4990128176165842,1.2284891016537853
Double DQN,101,78,5.572432828725235,12,1,0.807766620718159,0.8666287844343019,-0.058862163716142946,-7.287026005581973,100.0,92.86251609602088,-7.137483903979117,90.28314682638712,0.0,100.0,0.1850514046593507,0.14384161055682057,-0.04120979410253012,0.0,100.0,12,2.5359451246068505,1.299204216220359
Double DQN,101,79,5.67261704570959,12,1,0.8799986430311704,0.8883243149807513,-0.008325671949580893,-0.9461005440761788,59.494515262048374,93.9058956786105,34.41138041656213,86.06657859206759,0.0,100.0,0.12711951899760351,0.12955709747602284,0.0024375784784193277,0.0,91.66666666666666,12,2.339446897448672,1.2179158602862123
Double DQN,101,80,5.192013075238232,12,1,0.8585670834901926,0.8673817874520544,-0.008814703961861792,-1.0266762063633763,72.57209579604039,88.35783417458106,15.785738378540671,77.42981374170306,0.0,100.0,0.1717250213850931,0.15366082714466833,-0.01806419424042477,0.0,83.33333333333334,12,2.5720964747182635,1.3002862976616012
Double DQN,101,81,5.607780575514327,12,1,0.8737431487347556,0.881641623467352,-0.007898474732596417,-0.9039813066384542,90.75964448108509,86.13844328936871,-4.621201191716381,85.78797700425106,0.0,100.0,0.1246747349942628,0.14415846716833514,0.01948373217407233,0.0,91.66666666666666,12,2.2799155036197623,1.2728842929536486
Double DQN,101,82,5.349333669236512,12,1,0.8984838507774601,0.8240736767608418,0.07441017401661831,8.281748631567615,86.14081735332992,87.34166097516443,1.2008436218345082,80.85044683332337,0.0,100.0,0.16357946887499838,0.17334523596758564,0.009765767092587252,0.0,100.0,12,2.3885010466458705,1.2421290283756177
Double DQN,101,83,5.497618688295155,12,1,0.7609591342756643,0.8938272638932384,-0.1328681296175741,-17.460613012293695,91.15693597582312,92.86616299673821,1.709227020915094,88.66888499070465,0.0,100.0,0.20829954280070914,0.14006188079372564,-0.0682376620069835,0.0,100.0,12,2.635175284664934,1.3171664722553391
Double DQN,101,84,5.314728716687306,12,1,0.8369113908165113,0.9035243759519723,-0.06661298513546099,-7.959383259256601,100.0,88.81381570002257,-11.186184299977427,89.79954569270747,0.0,100.0,0.2040410204518723,0.12794764341811557,-0.07609337703375674,0.0,100.0,12,2.739587855743441,1.1543320169154871
Double DQN,101,85,5.417352084356119,12,1,0.8422038314997673,0.8883053362853067,-0.04610150478553943,-5.473912972284093,67.04751599719383,77.82132664514924,10.773810647955415,85.31600972313484,0.0,100.0,0.17444668339081554,0.14397405329387206,-0.03047263009694348,0.0,100.0,12,2.5972275594061345,1.313046610604627
Double DQN,101,86,5.235790701695414,12,1,0.7963955595025389,0.8476304761524668,-0.05123491664992785,-6.433350366987388,78.58178489082384,100.0,21.41821510917616,82.25301130719255,0.0,100.0,0.17619674696215293,0.13315713644555188,-0.043039610516601046,0.0,91.66666666666666,12,2.478338862192937,1.3094000723444987
Double DQN,101,87,5.44444475961888,12,1,0.918762683358327,0.8030312673592596,0.11573141599906744,12.596442813288597,81.41939834552005,78.35111868629495,-3.068279659225098,84.39081674180487,0.0,100.0,0.11354660785597472,0.19912962572013546,0.08558301786416074,0.0,100.0,12,2.345802562795329,1.195357067081638
Double DQN,101,88,5.318008706515835,12,1,0.8495765417768174,0.801070519813063,0.04850602196375442,5.709435180767607,78.93804541423337,99.14453840234873,20.206492988115357,85.80571368180959,0.0,100.0,0.1569375792503324,0.1538486717048688,-0.003088907545463593,0.0,100.0,12,2.6607187130765575,1.2456971165100703
Double DQN,101,89,5.423714830402027,12,1,0.8817987238074976,0.8815441527517901,0.0002545710557074754,0.028869519634624682,92.61975771435873,82.82932104673267,-9.790436667626054,84.63243354535695,0.0,100.0,0.11946014379204829,0.15989561238536223,0.04043546859331394,0.0,100.0,12,2.3781075540128316,1.2102206694949473
Double DQN,101,90,5.603176816850197,12,1,0.7617126614798658,0.9141584644168128,-0.15244580293694698,-20.01355768995269,93.12109260597886,97.78582682524377,4.664734219264915,85.40250921602949,0.0,100.0,0.1667726411673241,0.08616409310638962,-0.08060854806093448,0.0,100.0,12,2.526179000921038,1.2687302679588568
Double DQN,101,91,5.210251879766941,12,1,0.9066777061605993,0.8598493962893071,0.04682830987129216,5.164824231709685,99.66402107263242,68.90805644560143,-30.75596462703099,81.09555451886865,0.0,100.0,0.11848362046640698,0.1114717836049023,-0.0070118368615046806,0.0,100.0,12,2.2873951495264992,1.1913879427676246
Double DQN,101,92,5.709681132505689,12,1,0.8130271754911671,0.8407213641896616,-0.027694188698494493,-3.406305414301046,91.80763011763517,100.0,8.19236988236483,91.54217595229227,0.0,100.0,0.1861305083712202,0.15327401410258035,-0.032856494268639846,0.0,100.0,12,2.527868860958622,1.2878742604162148
Double DQN,101,93,4.542977210816307,12,1,0.8104561619841146,0.8469104691744469,-0.03645430719033227,-4.49799864573635,85.37218014122665,6.800460936860422,-78.57171920436623,70.73639540869577,0.0,100.0,0.1264675588223496,0.14410005955142888,0.017632500729079265,0.0,83.33333333333334,12,2.452708502012862,1.190096476216418
Double DQN,101,94,5.274562303098831,12,1,0.8735339330682524,0.8487558279630629,0.02477810510518952,2.8365360711469365,75.04855036767042,88.36790675605715,13.319356388386737,79.89792177610208,0.0,100.0,0.12422802415707523,0.14942532198251812,0.025197297825442888,0.0,91.66666666666666,12,2.408735737543496,1.212680726416799
Double DQN,101,95,5.561583365639832,12,1,0.8880219816862699,0.8849827021734094,0.0030392795128605377,0.34225273422728036,66.00983599663007,92.88670394573901,26.87686794910894,84.36030057037398,0.0,100.0,0.10696828530735158,0.14946966261012828,0.0425013773027767,0.0,100.0,12,2.3505572008297455,1.187856612400293
Double DQN,101,96,5.341915233137682,12,1,0.8730094472601196,0.8948232644037111,-0.02181381714359143,-2.498691991484468,80.0889365733527,82.65914277175051,2.5702061983978126,81.49966103688062,0.0,100.0,0.15564833529957833,0.1307716388051157,-0.02487669649446264,0.0,91.66666666666666,12,2.564895716136481,1.2602901515986613
Double DQN,101,97,5.678664617205768,12,1,0.8195618499997541,0.7736264346870515,0.04593541531270262,5.604874764816884,96.3542003052888,78.41485248600877,-17.93934781928003,89.78065441511019,0.0,100.0,0.16082840016781597,0.1933008307472882,0.032472430579472245,0.0,100.0,12,2.5299024393917233,1.2811384134369685
Double DQN,101,98,5.32414103452989,12,1,0.8568262090594331,0.8240652307116285,0.03276097834780456,3.8235266383561477,70.09149829516778,79.89471422941872,9.803215934250943,81.8638216997098,0.0,100.0,0.11894408109062507,0.14993975003196885,0.030995668941343785,0.0,100.0,12,2.358595785292735,1.2191237683856635
Double DQN,101,99,5.236491582768387,12,1,0.8635159801220962,0.8867718675744382,-0.023255887452341972,-2.6931623719405544,62.64034760040622,80.11048418656857,17.470136586162347,75.39255114939577,0.0,100.0,0.1286473523569517,0.07093321162438887,-0.05771414073256284,0.0,91.66666666666666,12,2.4059848922736644,1.2484489407936394
Double DQN,101,100,4.773993711188826,12,1,0.8852659676465127,0.8573777408448644,0.027888226801648264,3.150265323740995,77.25504699897056,55.44604832850073,-21.808998670469826,75.4224804422478,0.0,100.0,0.14511363924276965,0.14805074522901257,0.002937105986242916,0.0,83.33333333333334,12,2.3600356603667065,1.2485687542203785
Double DQN,101,101,5.568523611266902,12,1,0.8249965109707136,0.8318207456404751,-0.006824234669761564,-0.827183458234506,73.25993164204905,100.0,26.740068357950946,85.99558252243828,0.0,100.0,0.1399868003132501,0.15035667764707736,0.010369877333827271,0.0,100.0,12,2.411061864284814,1.2483051411962551
Double DQN,101,102,5.601827848209374,12,1,0.8602852918869519,0.9274016224281155,-0.06711633054116362,-7.801636407609677,99.91503531443917,93.2030457414609,-6.711989572978268,86.14537642278223,0.0,100.0,0.11471662604876526,0.07833898080104117,-0.03637764524772409,0.0,100.0,12,2.4123845855981165,1.1797921235408606
Double DQN,101,103,5.415444930765498,12,1,0.8032167293216703,0.7867452124724921,0.016471516849178247,2.0506939469610788,59.146375433030826,89.33489498105276,30.18851954802193,84.21483602856688,0.0,100.0,0.17358850358789055,0.18934729073545853,0.015758787147567982,0.0,91.66666666666666,12,2.6121908119114483,1.2567924378438267
Double DQN,101,104,4.810509033194283,12,1,0.822736372667382,0.844499889102792,-0.02176351643540997,-2.64526003206237,93.5934456329504,90.05761917703835,-3.5358264559120585,70.69334458008142,0.0,100.0,0.18454947610748434,0.19569769502612216,0.01114821891863782,0.0,75.0,12,2.5623111470064095,1.3507284556699608
Double DQN,101,105,5.229592501882394,12,1,0.8478303333815405,0.8736984960073164,-0.02586816262577596,-3.0511013356412637,82.23679577296123,100.0,17.76320422703877,81.03369212085242,0.0,100.0,0.17337473119387545,0.14563661726825897,-0.02773811392561648,0.0,91.66666666666666,12,2.5237557563222324,1.2919435839002382
Double DQN,101,106,5.172567799638734,12,1,0.8632759081213021,0.8625209283078986,0.0007549798134034447,0.08745521637994787,77.92718859902072,10.998948196254648,-66.92824040276608,78.60587972821304,0.0,100.0,0.15127527538056995,0.12617814090557947,-0.025097134474990485,0.0,83.33333333333334,12,2.540132336068575,1.242013965539538
Double DQN,101,107,5.002662889329148,12,1,0.8848646518228955,0.8911174632317781,-0.006252811408882564,-0.706640433200857,87.43256224253784,73.93798467112832,-13.494577571409522,74.00207432323687,0.0,100.0,0.1081481972819392,0.14888776100917067,0.040739563727231476,0.0,83.33333333333334,12,2.478466627576554,1.1839125933656514
Double DQN,101,108,5.647469995699258,12,1,0.8805094501787796,0.8517431454518947,0.028766304726884906,3.2670069266200565,100.0,94.29549110102452,-5.704508898975476,90.56602452350462,0.0,100.0,0.13279698810174861,0.15531226990375407,0.02251528180200546,0.0,100.0,12,2.5726056875025334,1.1475545303152546
Double DQN,101,109,4.9612412175834,12,1,0.7903691528900526,0.822463812195066,-0.03209465930501343,-4.060717601092674,91.9051612269227,68.75084671226996,-23.15431451465274,78.43203163364234,0.0,100.0,0.17515480795788474,0.2010614742270317,0.02590666626914695,0.0,100.0,12,2.4838361654092087,1.3474952021325743
Double DQN,101,110,5.367780204210139,12,1,0.9077669460310946,0.8761810955021998,0.03158585052889484,3.4795109765775614,92.22976936783863,77.6299820322458,-14.599787335592822,79.45026951204233,0.0,100.0,0.12285011786903002,0.11559957035079867,-0.007250547518231357,0.0,91.66666666666666,12,2.4657563227145602,1.2143857955887853
Double DQN,101,111,5.123579951431176,12,1,0.7944441648769814,0.8609442897840498,-0.06650012490706836,-8.370648038854412,100.0,66.25015576995126,-33.74984423004874,81.34558380059177,0.0,100.0,0.15966502509095573,0.1586585739950893,-0.0010064510958664175,0.0,100.0,12,2.6358648538626377,1.2843276910169699
Double DQN,101,112,5.3529591554765,12,1,0.8983468733626969,0.8953186702096658,0.003028203153031095,0.33708617938368374,70.2893419113187,86.78307053892496,16.49372862760626,84.00662345338708,0.0,100.0,0.1210101511239019,0.13956950912362956,0.01855935799972766,0.0,100.0,12,2.261333122660393,1.2075937152489271
Double DQN,101,113,5.425942180423272,12,1,0.8942517405014561,0.8838369599535267,0.010414780547929325,1.1646363184140056,74.38896292740637,84.46389423573046,10.074931308324096,80.41695389444274,0.0,100.0,0.09177945268965983,0.14570972341559418,0.05393027072593436,0.0,91.66666666666666,12,2.1945390244985865,1.242193815559775
Double DQN,101,114,5.482296772212007,12,1,0.8666873425553432,0.8089875634220075,0.05769977913333568,6.6575079962762,84.84080527362633,91.38704724006206,6.54624196643573,90.7112384262124,0.0,100.0,0.14970517214971746,0.17566401381866,0.02595884166894255,0.0,100.0,12,2.6599783654046405,1.2450223798891553
Double DQN,101,115,5.373061411745995,12,1,0.9386739627730567,0.7980986910633808,0.14057527170967588,14.975942370275671,82.50522560569961,78.53911810040228,-3.9661075052973302,80.11320438755125,0.0,100.0,0.0807989431037554,0.1637920964800355,0.0829931533762801,0.0,100.0,12,2.177857990000003,1.2458755674760644
Double DQN,101,116,5.479214801184417,12,1,0.8068745119892341,0.8067224379857347,0.0001520740034993695,0.01884729301021701,90.08140166849917,88.82186868165645,-1.2595329868427143,86.67709827688772,0.0,100.0,0.16650628711427495,0.17102262776039423,0.004516340646119277,0.0,100.0,12,2.4139490793851084,1.279534960526726
Double DQN,101,117,4.454985204672105,12,1,0.8048374643517567,0.8120576777683685,-0.0072202134166117204,-0.8971020530744209,94.1812539978161,35.4973180172323,-58.6839359805838,69.33129772768751,0.0,100.0,0.15637672043519235,0.18753276322441365,0.031156042789221294,0.0,66.66666666666666,12,2.581405675526279,1.2569009154702095
Double DQN,101,118,4.864264648705646,12,1,0.851464669778507,0.8797464495235193,-0.028281779745012336,-3.321544715692,100.0,78.70005986262879,-21.29994013737121,74.44824139414949,0.0,100.0,0.13827360858867774,0.0989474147182712,-0.039326193870406534,0.0,83.33333333333334,12,2.454529964186238,1.2420773069661364
Double DQN,101,119,5.395047337687703,12,1,0.8558375023378822,0.8673915798471524,-0.011554077509270178,-1.3500316914961108,89.79760358895294,98.88425210357707,9.08664851462413,79.31581656698255,0.0,100.0,0.09316621941459637,0.13956197887077482,0.04639575945617845,0.0,83.33333333333334,12,2.390011718177885,1.104842879983653
Double DQN,101,120,5.373170120397501,12,1,0.8304984574718282,0.8930564076659113,-0.06255795019408317,-7.532578734043613,86.09025874032696,84.3210060689947,-1.7692526713322536,86.7446354493344,0.0,100.0,0.15868251022167698,0.09269466175842872,-0.06598784846324826,0.0,100.0,12,2.482236261731579,1.2902512421938157
Double DQN,101,121,5.3885512807957685,12,1,0.8630630524009184,0.903586298017833,-0.04052324561691456,-4.695282170194249,89.37164953482916,97.49561687669338,8.123967341864216,81.52637457320512,0.0,100.0,0.14019506395369713,0.11644974510217142,-0.023745318851525712,0.0,91.66666666666666,12,2.288195980525533,1.2807598649611998
Double DQN,101,122,5.079362449391306,12,1,0.8683832861297234,0.8138739887114896,0.05450929741823374,6.277101170518253,89.83930903357856,68.56760590901277,-21.27170312456579,76.23998282481092,0.0,100.0,0.12537509036201044,0.18770237245456672,0.06232728209255628,0.0,91.66666666666666,12,2.4310782857807864,1.1705609356069298
Double DQN,101,123,5.094342790767237,12,1,0.8559762085846352,0.8633696840815273,-0.007393475496892066,-0.8637477797563144,74.80287223793705,89.82943184579065,15.0265596078536,77.07366743702778,0.0,100.0,0.14386936670984907,0.17836496889389936,0.03449560218405029,0.0,83.33333333333334,12,2.412087784107815,1.2628293298678386
Double DQN,101,124,5.104420308397912,12,1,0.7970172070376871,0.8907021609807144,-0.09368495394302734,-11.754445589855054,95.30241612969918,81.12797959453302,-14.174436535166166,79.42619411286174,0.0,100.0,0.21104754620942892,0.12509503278098,-0.08595251342844892,0.0,83.33333333333334,12,2.5736391255204585,1.3550736492280353
Double DQN,101,125,5.296972855129428,12,1,0.7671016867007664,0.8551882080161841,-0.08808652131541772,-11.483030586762197,87.802809094675,96.57663075243197,8.773821657756969,85.08540924956593,0.0,100.0,0.2185697034835794,0.16541722447040097,-0.05315247901317843,0.0,91.66666666666666,12,2.514048457180498,1.366569190072872
Double DQN,101,126,5.637855208027368,12,1,0.8873590643146473,0.8270872212089021,0.06027184310574518,6.792272207451468,88.76885863641779,100.0,11.23114136358221,87.6777018200404,0.0,100.0,0.1440697972424214,0.14309837289998664,-0.0009714243424347457,0.0,100.0,12,2.4225919471360085,1.2869854435348373
Double DQN,101,127,5.118772389752021,12,1,0.8910134895550229,0.8650207326083719,0.02599275694665104,2.917212505910766,82.90315930427487,77.63341198306246,-5.269747321212407,74.55539645680044,0.0,100.0,0.13002314145368804,0.14998592666981447,0.019962785216126433,0.0,83.33333333333334,12,2.4667988300722326,1.1887528960200429
Double DQN,101,128,5.277414023698153,12,1,0.8776701141221555,0.7886079346834585,0.08906217943869699,10.147568887859064,78.20820137168076,56.98917163819599,-21.219029733484767,81.85547551242774,0.0,100.0,0.12821306043169414,0.2098187385406529,0.08160567810895875,0.0,83.33333333333334,12,2.3706556398129233,1.249980903650565
Double DQN,101,129,5.292243615806424,12,1,0.8651770148743102,0.8717751337558433,-0.006598118881533055,-0.7626322438179435,63.850352564893655,77.19611549647374,13.345762931580083,80.56121927364221,0.0,100.0,0.1645368678297189,0.14546939071037235,-0.01906747711934656,0.0,91.66666666666666,12,2.656469241203174,1.2915011136316397
Double DQN,101,130,5.855815241860525,12,1,0.8449419309202536,0.8154185226190396,0.029523408301214027,3.494134593256501,69.04207723458983,100.0,30.957922765410174,92.02348606420617,0.0,100.0,0.15539159568759173,0.18785377876351694,0.032462183075925216,0.0,100.0,12,2.4762263290540907,1.30016256602048
Double DQN,101,131,5.04670286048507,12,1,0.816760507020569,0.8019217350313426,0.014838771989226451,1.8167837281158794,88.03522492961545,55.35365889235337,-32.68156603726208,74.83886357630884,0.0,100.0,0.1843123271323466,0.19729250171136853,0.012980174579021925,0.0,66.66666666666666,12,2.5703191416711006,1.3068406228873535
Double DQN,101,132,5.152279620177702,12,1,0.8626998244504469,0.8784563107504635,-0.01575648630001658,-1.8264158463291338,67.63451995028412,90.21540278133673,22.58088283105262,74.98983986061121,0.0,100.0,0.13278070621801544,0.1205048828028447,-0.012275823415170736,0.0,83.33333333333334,12,2.250368059994385,1.200648576454046
Double DQN,101,133,5.2337062403001795,12,1,0.8058456270073672,0.7884264845985218,0.017419142408845345,2.161597932042398,76.21263754696247,72.74936682005304,-3.4632707269094283,82.87449177184409,0.0,100.0,0.2147982177914956,0.16851919513937894,-0.04627902265211667,0.0,91.66666666666666,12,2.679429131177797,1.338209154698111
Double DQN,101,134,5.255729418923563,12,1,0.8206825998150847,0.8697497525610846,-0.04906715274599982,-5.978822111868288,78.95707941669927,77.90129691431649,-1.0557825023827832,79.77753672875535,0.0,100.0,0.14668897299609907,0.13169139351252354,-0.014997579483575524,0.0,100.0,12,2.3912567206042943,1.2829491734996217
Double DQN,101,135,4.9635229440009265,12,1,0.8487646216059147,0.8328577750550243,0.015906846550890363,1.874117528696429,100.0,62.83504562841551,-37.16495437158449,74.02317260025437,0.0,100.0,0.12980834679600728,0.1611448249219375,0.03133647812593021,0.0,91.66666666666666,12,2.473396329141861,1.287063374592535
Double DQN,101,136,5.5012351129590105,12,1,0.9062527935742066,0.7308267442516477,0.1754260493225589,19.357297496506366,73.79197029414229,92.04812258494721,18.25615229080492,82.90178798986015,0.0,100.0,0.09165215097640891,0.23073159204720323,0.1390794410707943,0.0,100.0,12,2.3406627816424135,1.1824920331151998
Double DQN,101,137,5.364243351473555,12,1,0.7978113649777675,0.8658183877419644,-0.0680070227641969,-8.524198294178479,96.77506325184798,62.54560772815905,-34.229455523688934,84.34929938617164,0.0,100.0,0.15697221808778633,0.1610699693467573,0.004097751258970966,0.0,100.0,12,2.5793411012778695,1.2125641023832008
Double DQN,101,138,5.592743317811382,12,1,0.8912506773738951,0.8454647851920548,0.04578589218184026,5.137263100517374,89.4775632518691,98.76313703151476,9.28557377964566,86.89691910224686,0.0,100.0,0.09642499752067314,0.14187974546753954,0.045454747946866395,0.0,100.0,12,2.3468234181743495,1.11910711912224
Double DQN,101,139,5.568965086142857,12,1,0.7711262169231426,0.8664201077159911,-0.09529389079284845,-12.35775528072161,93.85905267490283,89.40124836346982,-4.457804311433009,88.34522901586018,0.0,100.0,0.18154037869902195,0.17755892179593605,-0.003981456903085906,0.0,100.0,12,2.525120262564713,1.3050164314924784
Double DQN,101,140,5.484388379937602,12,1,0.8878547950980128,0.7989135046377188,0.08894129046029398,10.017549147828333,61.080149738252324,97.55287686684561,36.472727128593284,79.89784805809741,0.0,100.0,0.11454885835632325,0.18591764736082952,0.07136878900450627,0.0,91.66666666666666,12,2.298896169156564,1.216402110492369
Double DQN,101,141,5.23144473833791,12,1,0.8339169587626664,0.817622412529753,0.016294546232913376,1.9539770790955722,93.70589911842919,83.65384445461264,-10.052054663816548,81.462254106747,0.0,100.0,0.1141619367551219,0.18459419847750433,0.07043226172238243,0.0,91.66666666666666,12,2.5294365967177797,1.1964530793117603
Double DQN,101,142,4.969091152270688,12,1,0.8708376059663797,0.8580923749486031,0.012745231017776582,1.4635600174424064,87.12149738958983,66.21413977924051,-20.907357610349322,76.1420486947747,0.0,100.0,0.16551913470773927,0.1632233279028311,-0.0022958068049081792,0.0,83.33333333333334,12,2.4304694190981126,1.2587472757376132
Double DQN,101,143,5.178194974841151,12,1,0.8382450538397798,0.8317577832864821,0.006487270553297675,0.7739109850492045,88.99782306725905,78.92529397224213,-10.072529095016918,83.33352850051442,0.0,100.0,0.17517566231984016,0.1873617439492343,0.012186081629394135,0.0,91.66666666666666,12,2.4383559310193443,1.3807004919707941
Double DQN,101,144,5.70447314768474,12,1,0.882923463166329,0.8912318933193315,-0.008308430153002533,-0.9410136325075048,91.49805292436206,99.61168251976159,8.11362959539953,92.92462649040483,0.0,100.0,0.1470175160817161,0.1322278655875776,-0.014789650494138495,0.0,100.0,12,2.5853784833925872,1.1628641005897793
Double DQN,101,145,4.79260685553975,12,1,0.8106646764718768,0.8215342146369446,-0.01086953816506786,-1.3408180324784313,71.20000944336877,74.03187788999479,2.831868446626018,75.39436815719739,0.0,100.0,0.20020336712315484,0.1410842547882623,-0.05911911233489253,0.0,83.33333333333334,12,2.6216660616779612,1.3427160206689561
Double DQN,101,146,5.522926218329212,12,1,0.9132371495828169,0.920491236337971,-0.007254086755154154,-0.7943267264661704,87.76956659982382,93.1422302441562,5.372663644332377,84.75242719441478,0.0,100.0,0.1136354723913978,0.11175916891376864,-0.0018763034776291682,0.0,91.66666666666666,12,2.35124086513024,1.1767212340852304
Double DQN,101,147,4.818106141414892,12,1,0.8270177148174425,0.7961789850158081,0.03083872980163438,3.7289080087530873,87.2329113053106,56.627491765031515,-30.60541954027908,75.99982069213635,0.0,100.0,0.17772457778617043,0.1999791370560739,0.022254559269903468,0.0,75.0,12,2.3893236637235336,1.347436326757471
Double DQN,101,148,5.676311403762265,12,1,0.8703360450483213,0.8810964277316117,-0.010760382683290382,-1.2363480456210407,67.94513433121415,77.94388868763743,9.998754356423277,88.05001987613663,0.0,100.0,0.15003391136796396,0.16524037168239925,0.015206460314435288,0.0,100.0,12,2.5236609232746425,1.2901850763700669
Double DQN,101,149,5.199720772582617,12,1,0.8648958735506991,0.8549098892992946,0.009985984251404512,1.1545880327083264,100.0,0.0,-100.0,81.00222449407123,0.0,100.0,0.12723222711519563,0.13543125914614432,0.008199032030948683,0.0,91.66666666666666,12,2.3563870334334696,1.1958523385122708
Double DQN,101,150,5.596769324182372,12,1,0.8255415314174679,0.8462907952434803,-0.020749263826012387,-2.513412473674774,90.85073923013486,87.34139827899259,-3.5093409511422777,89.0874651527547,0.0,100.0,0.15528261492368886,0.15781115150937577,0.0025285365856869135,0.0,100.0,12,2.4130179220489976,1.2511625217361666
Double DQN,101,151,5.419441253327431,12,1,0.9194273863532592,0.8489824011561697,0.07044498519708942,7.661832379879023,100.0,100.0,0.0,82.02133366266085,0.0,100.0,0.11379081455422783,0.1276609766951248,0.013870162140896966,0.0,91.66666666666666,12,2.299508454552115,1.2635590165177484
Double DQN,101,152,4.629702070716787,12,1,0.8472179186287017,0.8230137655710402,0.024204153057661437,2.856898151639431,91.91317035344426,50.13098663756315,-41.78218371588111,69.74954876751735,0.0,100.0,0.16292868084928822,0.18249447524019852,0.0195657943909103,0.0,75.0,12,2.675842340839497,1.2096240993073464
Double DQN,101,153,4.662169264871894,12,1,0.8916545279860821,0.8199710772685946,0.0716834507174875,8.039374944844829,82.06698677588491,74.13147526694794,-7.935511508936969,78.67770741076417,0.0,100.0,0.1491625862767576,0.16330150559043666,0.014138919313679055,0.0,91.66666666666666,12,2.5896330984589686,1.2499853201624738
Double DQN,101,154,5.3517580630439685,12,1,0.8331707710190692,0.8131801146539773,0.019990656365091897,2.399346815856357,100.0,82.63164702782565,-17.36835297217435,84.09715488109232,0.0,100.0,0.17046166137648402,0.1861178448138166,0.015656183437332577,0.0,100.0,12,2.761813358563923,1.3038398404529574
Double DQN,101,155,5.359591683836379,12,1,0.7831183599559178,0.8924537056025901,-0.10933534564667224,-13.961535220911792,83.90091011809005,69.8135569697543,-14.087353148335751,84.69845002902218,0.0,100.0,0.18960168813618447,0.14055010018712796,-0.04905158794905651,0.0,100.0,12,2.5183715602404018,1.3586501443581052
Double DQN,101,156,4.6024805759616765,12,1,0.8110487335746344,0.8865365989831903,-0.0754878654085559,-9.30743891009471,87.7596020181777,0.7581072165982506,-87.00149480157945,65.50669577702833,0.0,100.0,0.1784550478715939,0.09842564293698364,-0.08002940493461028,0.0,66.66666666666666,12,2.6649923834150284,1.301028220946315
Double DQN,101,157,5.451332995795214,12,1,0.8397783559232087,0.815405108138594,0.024373247784614693,2.90234293521652,100.0,97.05990305936308,-2.94009694063692,83.02709709856778,0.0,100.0,0.1675299910117375,0.18021478362791843,0.01268479261618094,0.0,100.0,12,2.4398532097250043,1.352644632325
Double DQN,101,158,5.341900166001284,12,1,0.8778755815228989,0.8838538641594864,-0.005978282636587506,-0.6809942960500909,55.1151906398994,90.51206503121631,35.396874391316906,81.1540531400105,0.0,100.0,0.15439633799200225,0.16168939087558748,0.007293052883585227,0.0,83.33333333333334,12,2.380745630145872,1.2110981924792776
Double DQN,101,159,5.45771476586375,12,1,0.8793676974859237,0.862917896876953,0.01644980060897072,1.8706396261768576,71.02738093101789,79.67242419270715,8.645043261689267,79.78225102540587,0.0,100.0,0.10147833519269381,0.125472482021204,0.0239941468285102,0.0,91.66666666666666,12,2.267992149971802,1.2538239379309435
Double DQN,101,160,5.092526386025902,12,1,0.8438506884945189,0.8855928645886347,-0.04174217609411579,-4.946630566668894,85.35995834233478,77.71264679127215,-7.647311551062629,77.14400831202319,0.0,100.0,0.1467359054462848,0.12562429211690676,-0.021111613329378026,0.0,91.66666666666666,12,2.5053435799544386,1.2598078530123145
Double DQN,101,161,5.66031007539039,12,1,0.8731746478963057,0.8582515324144968,0.014923115481808913,1.7090642195994123,100.0,84.82232891391898,-15.17767108608102,86.0034094054151,0.0,100.0,0.13025257471427173,0.1278233115047603,-0.002429263209511423,0.0,100.0,12,2.476505895664864,1.2736194866554906
Double DQN,101,162,5.619693114237641,12,1,0.9014874058635988,0.9084312262690564,-0.006943820405457601,-0.7702626082508188,71.60517643355465,98.71615660345738,27.11098016990273,87.43954246119036,0.0,100.0,0.12870842527901283,0.11265093262640612,-0.01605749265260671,0.0,100.0,12,2.381119474506398,1.1584652815212324
Double DQN,101,163,4.753066133749483,12,1,0.806387206280313,0.8982863664660805,-0.09189916018576749,-11.396406028026924,100.0,61.440902429977584,-38.559097570022416,70.29648339180696,0.0,100.0,0.1677885319870177,0.0950388319478268,-0.07274970003919091,0.0,66.66666666666666,12,2.4935728867173386,1.316705975755703
Double DQN,101,164,5.386678032397817,12,1,0.8615384345754558,0.8209476313134461,0.0405908032620097,4.711432668933896,74.68694658243173,85.82579877534926,11.138852192917525,81.40484067174032,0.0,100.0,0.13506044714702606,0.18193762502730004,0.046877177880273985,0.0,100.0,12,2.1541721351011325,1.280574842030419
Double DQN,101,165,5.319403068273644,12,1,0.8890113198868338,0.8570982750898608,0.03191304479697299,3.5897231096039746,68.41915320314985,86.49676097047994,18.077607767330093,82.65140312884131,0.0,100.0,0.14164102020987185,0.13831404169446604,-0.0033269785154058096,0.0,91.66666666666666,12,2.3891656457425685,1.2712343172777656
Double DQN,101,166,5.195848426610256,12,1,0.830110523407714,0.7776370549616936,0.05247346844602041,6.321262888056141,72.20752959923101,84.10786118122289,11.900331581991878,85.30985041326385,0.0,100.0,0.18073310366220582,0.16775471667645556,-0.012978386985750268,0.0,100.0,12,2.6130972408052453,1.2901167528636077
Double DQN,101,167,5.18818845983877,12,1,0.8475506261381162,0.8942611111812724,-0.046710485043156225,-5.51123243882122,60.882845129071804,76.68665004187795,15.80380491280615,77.56979650456981,0.0,100.0,0.13594289381024108,0.1093229269241676,-0.026619966886073473,0.0,91.66666666666666,12,2.5532661255313136,1.2089189800835831
Double DQN,101,168,4.887452740159964,12,1,0.8395819853850378,0.829377663907018,0.010204321478019862,1.2154050057827401,86.87208554931702,73.41293465485947,-13.45915089445755,80.26161876853676,0.0,100.0,0.15905012259516807,0.16715784096671366,0.008107718371545586,0.0,91.66666666666666,12,2.4763725520203272,1.2756585981200557
Double DQN,101,169,5.599621967889313,12,1,0.8667371917454462,0.8758708753248214,-0.009133683579375274,-1.0538008137139872,75.51053735947201,93.32815036550227,17.817613006030257,86.35472495558996,0.0,100.0,0.12169357471599535,0.10135515780554273,-0.020338416910452614,0.0,100.0,12,2.406174368730746,1.1575877028465198
Double DQN,101,170,5.624190584729948,12,1,0.9067333182946757,0.8421124793106483,0.06462083898402748,7.126774508028679,93.51906946056971,88.01055095279597,-5.5085185077737435,87.47899023360168,0.0,100.0,0.08416748242013358,0.13729288699140707,0.05312540457127349,0.0,91.66666666666666,12,2.41553625617943,1.1050691088916036
Double DQN,101,171,4.7842738586067695,12,1,0.8094216967939081,0.9128464903722376,-0.10342479357832957,-12.777615671533352,92.77086907843078,60.52429625822564,-32.24657282020514,71.34657202509685,0.0,100.0,0.1771872827171902,0.09760486710921942,-0.07958241560797077,0.0,66.66666666666666,12,2.53756943902175,1.311490889638966
Double DQN,101,172,5.375779274477377,12,1,0.8611093023564662,0.7662697412707622,0.09483956108570402,11.01364958271512,80.01239167506591,75.98696003232061,-4.025431642745303,80.19931277348326,0.0,100.0,0.11540761276307229,0.18996421093825422,0.07455659817518193,0.0,91.66666666666666,12,2.2705516544621003,1.2411272544491418
Double DQN,101,173,5.22237133054267,12,1,0.839472217240681,0.8193953498858921,0.020076867354788863,2.3916059331636847,87.85040469911708,76.36997143692112,-11.480433262195959,80.19063754016857,0.0,100.0,0.1449128574164624,0.14554546204223426,0.0006326046257718598,0.0,100.0,12,2.4077522288156046,1.3274029237028024
Double DQN,101,174,5.5691110470055945,12,1,0.8221766217146953,0.9133857166806483,-0.09120909496595297,-11.09361328904382,100.0,89.22658998574863,-10.773410014251368,90.12177218453708,0.0,100.0,0.14756413097610152,0.07595275846905675,-0.07161137250704477,0.0,100.0,12,2.6096070248291316,1.2093493399001687
Double DQN,101,175,5.448424792634413,12,1,0.8211666710844149,0.9041560073898841,-0.08298933630546923,-10.106271872417242,83.17021335893276,78.17500698128744,-4.995206377645317,86.30757127543966,0.0,100.0,0.1806623050414006,0.09494907240772753,-0.08571323263367307,0.0,100.0,12,2.5388932396344743,1.330389600767326
Double DQN,101,176,5.318537858645064,12,1,0.8482163912777942,0.8670728267677861,-0.01885643548999183,-2.2230689814406417,83.76464063911781,83.7785173389723,0.013876699854492358,81.95471918679544,0.0,100.0,0.16017757487554055,0.10121534914122643,-0.058962225734314117,0.0,91.66666666666666,12,2.6377539092406614,1.3154797426265517
Double DQN,101,177,5.453979777885679,12,1,0.8040620411861962,0.7932279511026155,0.010834090083580716,1.3474196677158985,88.1641943648355,67.31184822713308,-20.852346137702412,82.57683110361674,0.0,100.0,0.1312779362754062,0.13649771315379763,0.0052197768783914245,0.0,100.0,12,2.2771337124859437,1.186447253730847
Double DQN,101,178,5.475841678433405,12,1,0.8292426951364924,0.8126232547186071,0.016619440417885323,2.0041708555719966,71.60171054799626,87.01258764435667,15.410877096360409,82.94690423164462,0.0,100.0,0.17088131632718884,0.21149215680987324,0.0406108404826844,0.0,100.0,12,2.5014792915011355,1.3152182818254154
Double DQN,101,179,5.6525625762021905,12,1,0.8180178415101789,0.8584059899953858,-0.04038814848520689,-4.937318776647285,86.52637582664232,91.04563658625743,4.519260759615108,89.1405873559978,0.0,100.0,0.16737044783002997,0.14954268974782411,-0.017827758082205852,0.0,100.0,12,2.4368149855419485,1.2659677518103643
Double DQN,101,180,5.042492488571604,12,1,0.8454500019331913,0.8865927966514796,-0.0411427947182883,-4.8663782156498785,80.38553881857622,91.65838073622166,11.272841917645437,76.46178230189487,0.0,100.0,0.1798094280260783,0.1400785495945826,-0.0397308784314957,0.0,83.33333333333334,12,2.526920071865059,1.3094710773152667
Double DQN,101,181,5.5429949334651125,12,1,0.837842090913185,0.8480988117454504,-0.010256720832265476,-1.2241830463645507,92.51885905919723,95.74362385808173,3.2247647988845074,85.5160185130062,0.0,100.0,0.1626350428472897,0.14410573586078237,-0.018529306986507316,0.0,100.0,12,2.5568194842890004,1.2563168510740161
Double DQN,101,182,5.40854361446849,12,1,0.850291119414808,0.8103684095806185,0.03992270983418944,4.6951813235054445,92.4035160737294,76.21627325906786,-16.187242814661545,83.02789910339148,0.0,100.0,0.14628642595583943,0.17629361286308168,0.030007186907242245,0.0,91.66666666666666,12,2.393486610464115,1.2035936899268533
Double DQN,101,183,5.527438268801218,12,1,0.8602392244197958,0.854220453826297,0.006018770593498868,0.6996624221080291,78.03573601923775,84.33494570765023,6.299209688412489,83.72890796093002,0.0,100.0,0.15574308094300135,0.1539674347335881,-0.0017756462094132563,0.0,100.0,12,2.6322388265848153,1.2420503921781931
Double DQN,101,184,5.561282696173555,12,1,0.8617333989350942,0.8674772249358952,-0.005743826000801033,-0.6665432728845246,94.61875194973847,91.05385609837877,-3.564895851359694,89.57443906015142,0.0,100.0,0.15376438699342512,0.14499820175978032,-0.008766185233644808,0.0,100.0,12,2.4143648631226653,1.2535833028147103
Double DQN,101,185,4.002673214154615,12,0,0.8177990384824323,0.7925523850065376,0.02524665347589472,3.0871463877903618,99.04503521758737,100.0,0.954964782412631,56.05805186273537,0.0,100.0,0.18530585937330546,0.21937782867985145,0.03407196930654599,0.0,58.333333333333336,12,2.59936259860496,1.3377456239804637
Double DQN,101,186,5.4153501717345724,12,1,0.819477917419485,0.79478730020594,0.02469061721354493,3.0129691952279876,88.68339316572062,85.85739599421754,-2.825997171503076,82.60424644838825,0.0,100.0,0.14416751125874297,0.1590316346057777,0.014864123347034741,0.0,100.0,12,2.500461732490468,1.2228994530197586
Double DQN,101,187,4.80452595579359,12,1,0.8221667446007557,0.8588638883302664,-0.03669714372951072,-4.463467291824222,97.0847583673796,57.156524113005716,-39.92823425437389,76.84965897796305,0.0,100.0,0.1894420559851969,0.16506470435507056,-0.02437735163012633,0.0,83.33333333333334,12,2.6219200158164075,1.2453411152649274
Double DQN,101,188,5.611580133107667,12,1,0.8696760423556038,0.8891001670093889,-0.01942412465378507,-2.233489679809151,57.6044544777236,92.80136594217856,35.19691146445496,88.90036453151193,0.0,100.0,0.13011264626868302,0.12675433931830132,-0.0033583069503816954,0.0,91.66666666666666,12,2.52468512783394,1.1775789573637745
Double DQN,101,189,5.366331964016623,12,1,0.8716516766374343,0.8536412197667114,0.01801045687072289,2.0662447343876775,76.7174416417778,88.25295597163641,11.535514329858614,79.18964970773328,0.0,100.0,0.12505127218619416,0.13472719630519114,0.009675924118996981,0.0,91.66666666666666,12,2.3265318882582804,1.2091620837316073
Double DQN,101,190,5.000330924577018,12,1,0.8507890684710363,0.8985575961486296,-0.04776852767759332,-5.614614649837796,100.0,71.02896103885014,-28.97103896114986,73.6960405901286,0.0,100.0,0.12427624981658661,0.12536236290065697,0.0010861130840703614,0.0,83.33333333333334,12,2.345148784977516,1.3095704879056567
Double DQN,101,191,5.250875245726364,12,1,0.8273779307576896,0.783603996802286,0.04377393395540363,5.290681842977935,80.71354130252547,84.55653111542426,3.842989812898793,79.81386972962854,0.0,100.0,0.14742755657455778,0.1720705972940849,0.02464304071952711,0.0,91.66666666666666,12,2.358031446010892,1.1903720404259337
Double DQN,101,192,5.556640241869035,12,1,0.8585120118699414,0.8633199458406196,-0.0048079339706781354,-0.5600310658677777,71.04585646233184,81.64705972402137,10.601203261689534,86.17629679995069,0.0,100.0,0.16202395854981272,0.14435912874704684,-0.017664829802765875,0.0,100.0,12,2.527945870824111,1.2756786090522014
Double DQN,101,193,5.467345074823524,12,1,0.8688060987314664,0.8729324661428584,-0.00412636741139194,-0.47494687450016765,84.45554838759523,69.57849043447962,-14.87705795311561,82.10564092130437,0.0,100.0,0.13777667791675072,0.16157641398924594,0.02379973607249522,0.0,100.0,12,2.301072704934781,1.2819970377962564
Double DQN,101,194,5.3368695690268595,12,1,0.8683725167140472,0.8768196832596636,-0.008447166545616391,-0.9727583937802147,78.15238794570719,89.19027568986999,11.037887744162802,84.27262909150186,0.0,100.0,0.12025555111411237,0.12639677936727564,0.006141228253163267,0.0,100.0,12,2.4310762044227583,1.1627827882731365
Double DQN,101,195,5.1668345380353955,12,1,0.8542742156864802,0.8920305177666508,-0.037756302080170556,-4.419693511389693,85.31687657760659,69.57883037760648,-15.738046200000113,81.44993436688641,0.0,100.0,0.14542343219170017,0.12742815988428557,-0.0179952723074146,0.0,91.66666666666666,12,2.5819237034347284,1.283423940936105
Double DQN,101,196,4.465043913060936,12,1,0.8878252787312182,0.8400862423968707,0.04773903633434751,5.377075588855824,91.63435511454944,76.97616978797502,-14.658185326574412,65.00901850303924,0.0,100.0,0.1019375559328711,0.15369084091773513,0.051753284984864034,0.0,75.0,12,2.3514941659998145,1.0622530557325927
Double DQN,101,197,5.597367543049951,12,1,0.8729737523193826,0.8933744156707432,-0.020400663351360593,-2.336916006599118,91.23248426835777,94.01494544926227,2.7824611809045052,86.22706420399619,0.0,100.0,0.1309029793378508,0.11968047408646029,-0.011222505251390513,0.0,100.0,12,2.278514118236622,1.2585337586115126
Double DQN,101,198,5.052428130966792,12,1,0.817518738846599,0.8437832283391795,-0.026264489492580534,-3.212707947176347,99.74995033483367,30.435921460158287,-69.31402887467539,77.14219343092263,0.0,100.0,0.1682030273857701,0.15076088508729266,-0.01744214229847743,0.0,83.33333333333334,12,2.487284946140838,1.2903506166024374
Double DQN,101,199,5.5211107172875895,12,1,0.8834341133856952,0.8542486718789952,0.029185441506699994,3.303635332220642,76.23926619906925,86.95584299702375,10.716576797954502,86.35419766328145,0.0,100.0,0.1257875189726436,0.11670974753548219,-0.009077771437161403,0.0,100.0,12,2.287991428402774,1.2158312276077905
Double DQN,101,200,4.873271156182077,12,1,0.8315337518394632,0.8533161568069408,-0.02178240496747763,-2.6195454988197477,73.91610776122785,93.44159910174048,19.52549134051263,74.60613951104321,0.0,100.0,0.16574170018802759,0.1363509969639286,-0.02939070322409898,0.0,91.66666666666666,12,2.570530447195965,1.2448888812363499
Double DQN,202,1,5.617205549381533,12,1,0.8606449861484486,0.7848546318358658,0.07579035431258285,8.806227368122972,93.40052604647887,96.86635565899961,3.4658296125207357,85.46867855731749,0.0,100.0,0.15358623823255876,0.19555410512548804,0.04196786689292928,0.0,100.0,12,2.5642149655584126,1.195789732165528
Double DQN,202,2,5.222250151422761,12,1,0.8966659158075171,0.8342387345415967,0.062427181265920395,6.962145004664294,86.35044560790534,73.34926654284392,-13.001179065061422,80.34650669271278,0.0,100.0,0.11579655101280235,0.1668573227195107,0.05106077170670835,0.0,91.66666666666666,12,2.4801931490378437,1.2074956731158129
Double DQN,202,3,5.093053195576133,12,1,0.7991289263119956,0.8499004524404136,-0.050771526128417954,-6.353358570403664,100.0,71.07937236151517,-28.92062763848483,82.51336665093267,0.0,100.0,0.15378715955593136,0.16807041178994953,0.014283252234018162,0.0,91.66666666666666,12,2.625987974939504,1.3245623549409418
Double DQN,202,4,5.655004649375752,12,1,0.8774286029941001,0.8455146653061154,0.03191393768798467,3.6372119143464103,63.16103518569393,93.93409462998792,30.77305944429399,87.87990128156633,0.0,100.0,0.10144816594391869,0.13179533452696948,0.030347168583050796,0.0,100.0,12,2.3626796874674594,1.0898989274686899
Double DQN,202,5,5.356560009914309,12,1,0.8531557739776167,0.8296299015763611,0.023525872401255588,2.7575119478559387,74.90961716960925,80.93692094679554,6.02730377718629,86.92119886550546,0.0,100.0,0.17523770600262167,0.170167631925893,-0.005070074076728687,0.0,100.0,12,2.5682287473648064,1.207649039521968
Double DQN,202,6,5.374715327219339,12,1,0.8502089764198072,0.9021546099288308,-0.05194563350902359,-6.109748891121378,72.82702564026448,65.25646510573499,-7.570560534529491,82.43935750923244,0.0,100.0,0.1558811146223739,0.08746631854140816,-0.06841479608096573,0.0,100.0,12,2.627259145365678,1.261783579478164
Double DQN,202,7,5.464411620107929,12,1,0.8418216451027207,0.8669822069743498,-0.025160561871629072,-2.9888233473206705,60.364219873474276,71.87607272635242,11.511852852878143,84.79141212094204,0.0,100.0,0.14188154387507007,0.12854501735675303,-0.013336526518317043,0.0,100.0,12,2.441665441322146,1.2272427213975956
Double DQN,202,8,5.319729490777743,12,1,0.8674151848313485,0.8901666217287995,-0.02275143689745096,-2.622900462812917,95.08807515941406,92.81940463691556,-2.268670522498496,79.3091893132101,0.0,100.0,0.1257607294019167,0.12761132494983304,0.0018505955479163338,0.0,91.66666666666666,12,2.4649789325302125,1.229290788663147
Double DQN,202,9,5.173098585998114,12,1,0.8086937703449865,0.8817060925679066,-0.07301232222292009,-9.028426445250497,69.0094586635185,0.0,-69.0094586635185,80.01643757118119,0.0,100.0,0.18666009202683964,0.12900052651453317,-0.05765956551230647,0.0,91.66666666666666,12,2.747579853831849,1.2140426126592303
Double DQN,202,10,5.513737856307989,12,1,0.8794963445356794,0.8639385529727666,0.015557791562912815,1.7689432889145644,80.687886726169,93.58838336730393,12.900496641134936,81.56105392979613,0.0,100.0,0.10140362064728314,0.12326771874870425,0.021864098101421106,0.0,91.66666666666666,12,2.3910852056016116,1.123004568943964
Double DQN,202,11,5.213195771223095,12,1,0.896170493274291,0.7589093878510964,0.13726110542319458,15.316405355156352,100.0,69.39932408381469,-30.60067591618531,82.32590262583574,0.0,100.0,0.10612515423298052,0.18413926218839358,0.07801410795541305,0.0,91.66666666666666,12,2.6702140483172148,1.2678507891218065
Double DQN,202,12,5.647442420630947,12,1,0.8288803355076452,0.8159738071970855,0.012906528310559717,1.5571039337849841,83.4395048398832,95.26002493756212,11.820520097678923,89.85796970347558,0.0,100.0,0.15602622274996006,0.1377713757782647,-0.018254846971695354,0.0,100.0,12,2.64306162254482,1.190637962855128
Double DQN,202,13,5.05446959382356,12,1,0.8774427321452652,0.8328168522056447,0.04462587993962053,5.08590228225088,78.27361579312763,36.57047035630555,-41.70314543682208,76.25732404147816,0.0,100.0,0.13353991896449602,0.18015718107037995,0.04661726210588393,0.0,91.66666666666666,12,2.530627349537397,1.198633006660719
Double DQN,202,14,5.536279488403145,12,1,0.888080911128337,0.8598217803996082,0.028259130728728765,3.182044605915983,73.88544583789918,81.84913322468475,7.9636873867855655,84.96417235164584,0.0,100.0,0.14990598626862411,0.129350559806755,-0.020555426461869114,0.0,100.0,12,2.509225109234144,1.235506432608434
Double DQN,202,15,5.72793820485221,12,1,0.8703131940644505,0.8381338132836447,0.032179380780805844,3.6974483439145494,100.0,93.45070148649106,-6.549298513508944,92.69870398098318,0.0,100.0,0.1595892937719868,0.1461135336258084,-0.013475760146178406,0.0,100.0,12,2.640053938071483,1.2597919614559863
Double DQN,202,16,4.926943548989205,12,1,0.8472564740629764,0.7806249938293714,0.06663148023360499,7.864381361888806,72.81438081123304,37.590328332509635,-35.2240524787234,74.25913798015257,0.0,100.0,0.10970367745156374,0.19090333645875,0.08119965900718625,0.0,91.66666666666666,12,2.477133105700808,1.2496499187573327
Double DQN,202,17,5.598060041025417,12,1,0.9122048037023273,0.8277833001413903,0.08442150356093692,9.254665533255132,83.1546731259497,80.17851055638982,-2.9761625695598752,86.31617588415197,0.0,100.0,0.1211657956460231,0.15904427348172231,0.03787847783569921,0.0,100.0,12,2.3428438025328924,1.1038772134776806
Double DQN,202,18,5.465243139682261,12,1,0.894849259905528,0.9126398937439403,-0.017790633838412284,-1.9881151648145183,94.22503851949419,71.43421530460037,-22.79082321489382,83.60696482575075,0.0,100.0,0.1164502357504912,0.08647324778893084,-0.029976987961560356,0.0,91.66666666666666,12,2.508915069758668,1.138375070861386
Double DQN,202,19,5.5936058092388175,12,1,0.8257443104858515,0.8083798250333312,0.01736448545252034,2.102888900597259,94.82790887922368,85.78547369037788,-9.0424351888458,90.8516838748236,0.0,100.0,0.1487914219726472,0.17584455392660178,0.02705313195395459,0.0,100.0,12,2.544011169342812,1.2481582539550635
Double DQN,202,20,5.371178441832803,12,1,0.8845019431373556,0.8958533326277511,-0.011351389490395491,-1.2833651275125257,93.30790399103768,51.8611625059331,-41.446741485104575,79.59841870395306,0.0,100.0,0.1425493036079132,0.12937507007641427,-0.013174233531498936,0.0,91.66666666666666,12,2.33558758892389,1.2509739084813258
Double DQN,202,21,5.690495026032214,12,1,0.8730942530100055,0.8328587217951846,0.04023553121482093,4.608383467891162,100.0,82.37101964940861,-17.62898035059139,88.31698374809669,0.0,100.0,0.11082811811165526,0.17237125393083086,0.0615431358191756,0.0,100.0,12,2.536506364373721,1.1501538603482342
Double DQN,202,22,5.442852768190659,12,1,0.8494649796077267,0.838290966500392,0.01117401310733468,1.3154177482978417,84.03876124699715,72.61951418805474,-11.419247058942418,85.73227633873712,0.0,100.0,0.17501490863059244,0.1331683774225665,-0.04184653120802595,0.0,100.0,12,2.6118829980243556,1.2753052286769364
Double DQN,202,23,5.262361976615673,12,1,0.862473200091366,0.915179142797484,-0.05270594270611806,-6.111023820860133,86.68167049826019,78.41740828439188,-8.264262213868307,78.58875556144541,0.0,100.0,0.13067497861754593,0.09820327167782139,-0.03247170693972454,0.0,91.66666666666666,12,2.552839424000599,1.3172519318187172
Double DQN,202,24,5.25450660786898,12,1,0.9335715019710035,0.7811317186177278,0.15243978335327568,16.32866717026356,95.23343445104638,68.25182899719478,-26.9816054538516,79.97408627741449,0.0,100.0,0.12041937167557418,0.18484778507479416,0.06442841339921998,0.0,100.0,12,2.5685627773182103,1.3002439056662165
Double DQN,202,25,5.048044847479268,12,1,0.9263518853188348,0.9049867133552916,0.02136517196354326,2.3063775550248624,86.75650751215734,65.49349962307357,-21.263007889083767,79.30485041892332,0.0,100.0,0.11648237641054832,0.10422402103596627,-0.012258355374582044,0.0,100.0,12,2.4904432449571305,1.298245814202798
Double DQN,202,26,4.763055500591996,12,1,0.8992197953004704,0.9170415749389351,-0.017821779638464763,-1.9819158487841888,83.90775634833804,20.568181060578667,-63.339575287759374,68.94698655826339,0.0,100.0,0.12618135898876823,0.09762355516982307,-0.028557803818945154,0.0,75.0,12,2.5528928692154316,1.1445607003197023
Double DQN,202,27,5.50030115210229,12,1,0.7938276963813312,0.8872077807850385,-0.09338008440370726,-11.763268632397308,73.94595368910718,90.165348091012,16.21939440190482,83.99971249634477,0.0,100.0,0.18669835747206806,0.14519300633189303,-0.041505351140175034,0.0,100.0,12,2.6716663467903268,1.3099767793187675
Double DQN,202,28,5.222678093040022,12,1,0.8443848520121087,0.8606927515599049,-0.016307899547796212,-1.9313349249380367,86.95853814959752,75.08998154262491,-11.868556606972604,81.5028642881306,0.0,100.0,0.1576365351842569,0.11553939681754935,-0.04209713836670756,0.0,91.66666666666666,12,2.50526036232464,1.2115114154979822
Double DQN,202,29,5.134587051009656,12,1,0.8589786071067433,0.8446998113488944,0.014278795757848961,1.6622993447931782,77.64973192358372,73.7051554041559,-3.9445765194278124,78.95718028586064,0.0,100.0,0.1688222364645189,0.17648927243548584,0.0076670359709669345,0.0,100.0,12,2.57742687563224,1.3047855651420466
Double DQN,202,30,5.111105949887012,12,1,0.9350244386872572,0.8544066298958686,0.08061780879138858,8.622000180505792,94.69752982530821,64.44582846016336,-30.251701365144854,78.61952058124248,0.0,100.0,0.069109487057698,0.1311180507612067,0.0620085637035087,0.0,100.0,12,2.3563445142352846,1.1500150153252024
Double DQN,202,31,5.61353249204023,12,1,0.8983390274390614,0.8933404107063009,0.004998616732760475,0.5564287624250583,65.05500912696444,100.0,34.944990873035565,88.66654676037028,0.0,100.0,0.1242870883592931,0.1442671572107509,0.019980068851457797,0.0,100.0,12,2.5096481967677,1.233217856445009
Double DQN,202,32,5.311920627395305,12,1,0.8796095675911781,0.8569688750879967,0.02264069250318146,2.5739479579767734,59.96097971708143,100.0,40.03902028291857,86.32601568153541,0.0,100.0,0.15560239007788434,0.14582958129075094,-0.009772808787133408,0.0,91.66666666666666,12,2.7335824311544568,1.2590661142156905
Double DQN,202,33,5.373104975736225,12,1,0.8202192980450214,0.8540688174355552,-0.03384951939053382,-4.126886488919923,86.42003036588487,92.73755598925284,6.31752562336797,86.86742825237634,0.0,100.0,0.21610146267537386,0.15243805696223256,-0.0636634057131413,0.0,91.66666666666666,12,2.779258899795771,1.3708552694130567
Double DQN,202,34,5.157148232237657,12,1,0.8527273969755068,0.7982050467331683,0.054522350242338535,6.39387809465498,82.41553988631358,84.61345095174245,2.197911065428869,81.29217752520647,0.0,100.0,0.14164359821895556,0.15646873163699299,0.014825133418037428,0.0,91.66666666666666,12,2.611767425839236,1.1750064245054646
Double DQN,202,35,4.865376382427521,12,1,0.872118669972689,0.9038412171425177,-0.031722547169828696,-3.637411772278893,74.01663701296816,3.186607976878555,-70.83002903608961,74.17895710320563,0.0,100.0,0.1749537932915953,0.12358945489404698,-0.05136433839754832,0.0,91.66666666666666,12,2.703016498909386,1.318458356245263
Double DQN,202,36,5.542337525671345,12,1,0.8285036507638441,0.8928947512036324,-0.06439110043978824,-7.771975462078225,54.838495326133426,81.37741051445754,26.53891518832411,82.39685654717336,0.0,100.0,0.1533246970090104,0.17042963476220138,0.01710493775319097,0.0,91.66666666666666,12,2.4378607362200952,1.2048127314088164
Double DQN,202,37,5.5863685050253995,12,1,0.8564578626098444,0.8888518526919451,-0.032393990082100754,-3.782321524072189,85.65156696115429,91.86825159497904,6.216684633824755,86.17359549727428,0.0,100.0,0.13333208084670758,0.14994119800157235,0.016609117154864766,0.0,100.0,12,2.4942454918535484,1.240693746897949
Double DQN,202,38,5.371768990856585,12,1,0.8136869865881226,0.8627757316418283,-0.04908874505370575,-6.032878227479115,93.84627235136792,91.59025490817176,-2.256017443196157,84.10555379372092,0.0,100.0,0.18974952100399245,0.17794077868376246,-0.011808742320229992,0.0,91.66666666666666,12,2.7320616480708098,1.2999567657430209
Double DQN,202,39,5.134458601769366,12,1,0.9001769413127183,0.8753749811263705,0.024801960186347838,2.7552316714733225,70.53298473063438,40.424091006753656,-30.108893723880726,71.59842138992231,0.0,100.0,0.10426159726155032,0.12928462343228178,0.02502302617073146,0.0,75.0,12,2.299878434434931,1.2013748537302733
Double DQN,202,40,5.571117566465037,12,1,0.8921246587327787,0.8234149608063339,0.06870969792644477,7.701804591304951,73.74389515232583,99.7918064820349,26.047911329709066,84.01074419855726,0.0,100.0,0.08529360664994429,0.17315490083683288,0.0878612941868886,0.0,91.66666666666666,12,2.3077870037802843,1.1067281914164586
Double DQN,202,41,5.394514962524088,12,1,0.9132799487791032,0.7852820725063496,0.1279978762727536,14.01518520622998,56.78576308426876,75.45595592416822,18.670192839899464,80.57787428140341,0.0,100.0,0.12542642820509195,0.19974241683162983,0.07431598862653788,0.0,83.33333333333334,12,2.5082433068636476,1.2409842059407834
Double DQN,202,42,5.397773493657342,12,1,0.8658932915091304,0.875751349112315,-0.009858057603184589,-1.1384841180607115,83.67691788258749,98.15576225062391,14.47884436803642,84.7429225528167,0.0,100.0,0.14388142540892487,0.16702978305231506,0.023148357643390183,0.0,100.0,12,2.6175053791214786,1.308600779230774
Double DQN,202,43,5.164438312699475,12,1,0.8616506791686135,0.8063353989211073,0.055315280247506204,6.419687419138184,81.06810881409284,58.97885778404881,-22.089251030044025,79.91469651835365,0.0,100.0,0.18131449318228798,0.19689924177305534,0.015584748590767361,0.0,91.66666666666666,12,2.6218731943555,1.280410898683796
Double DQN,202,44,5.1616030554673795,12,1,0.8306955868944298,0.9045139397411157,-0.07381835284668592,-8.886330204624915,6.322202572404565,93.37492492515112,87.05272235274656,76.87983390020007,0.0,100.0,0.16844130406132377,0.12165456999452649,-0.04678673406679727,0.0,91.66666666666666,12,2.613104242510915,1.282419768947799
Double DQN,202,45,5.398493036011157,12,1,0.8324188915911839,0.8419349393063517,-0.009516047715167786,-1.143180171821628,96.23325346615172,94.60673811712941,-1.6265153490223128,89.04126230210134,0.0,100.0,0.16321348930818008,0.15363787723663153,-0.009575612071548556,0.0,100.0,12,2.609827920603139,1.245191138647624
Double DQN,202,46,5.659462810888979,12,1,0.809637195664797,0.8161859620509979,-0.006548766386200944,-0.8088519674326129,68.78209191115778,95.39741424680392,26.61532233564614,90.70746472906082,0.0,100.0,0.18944095000678704,0.1670405052847769,-0.022400444722010138,0.0,100.0,12,2.7399454684538593,1.2536144855735512
Double DQN,202,47,5.5100806720302105,12,1,0.7891258164433946,0.7971767129532553,-0.008050896509860683,-1.0202297709820507,86.7583062943615,82.54686604455937,-4.211440249802138,89.41817448388184,0.0,100.0,0.1919956229971976,0.1968802544986007,0.004884631501403086,0.0,100.0,12,2.7952180124524033,1.2556747984609113
Double DQN,202,48,5.368615057636054,12,1,0.8967141369040454,0.8167666170803528,0.07994751982369264,8.915608278432614,99.9202567049163,62.41751669789852,-37.50274000701778,77.5658370062397,0.0,100.0,0.12509863223086307,0.13253251672054475,0.007433884489681686,0.0,91.66666666666666,12,2.3817796133383675,1.2501477954335938
Double DQN,202,49,4.639857634302714,12,1,0.7858729924282396,0.8963101307372622,-0.11043713830902258,-14.052797255162947,85.14920723851208,79.51638910200329,-5.632818136508789,72.60994265272878,0.0,100.0,0.21744169871099775,0.13845986403181876,-0.07898183467917899,0.0,75.0,12,2.6279416635850965,1.430968835568362
Double DQN,202,50,5.572339701983257,12,1,0.8149367125534894,0.8185463860691528,-0.0036096735156633253,-0.4429391215365573,95.04594306965546,88.68321515887109,-6.362727910784372,91.6847058140885,0.0,100.0,0.20532377406722982,0.17959836145423372,-0.0257254126129961,0.0,100.0,12,2.787373579964717,1.272578608746462
Double DQN,202,51,5.386162667692625,12,1,0.8912373074101891,0.7409096134956819,0.1503276939145073,16.867302643707603,100.0,37.847344407123735,-62.152655592876265,79.27011522107301,0.0,100.0,0.14345449322511403,0.19593435293119357,0.052479859706079546,0.0,91.66666666666666,12,2.532230629744834,1.3030263780896476
Double DQN,202,52,4.703831556514169,12,1,0.8155214637709204,0.9188404351509311,-0.10331897138001067,-12.669068316396014,56.84846753274119,12.43024185988436,-44.41822567285683,68.85651567859193,0.0,100.0,0.1625411961689277,0.13847470407814486,-0.02406649209078285,0.0,75.0,12,2.6468805372507025,1.275563972542935
Double DQN,202,53,5.18502152212663,12,1,0.8910361589146119,0.8305372683195464,0.06049889059506541,6.789723401209696,64.92651995966082,59.51076148701413,-5.415758472646694,82.01666389415185,0.0,100.0,0.12475065827302255,0.15527644387361073,0.030525785600588176,0.0,91.66666666666666,12,2.611721735606364,1.179243515067375
Double DQN,202,54,5.5101705628780175,12,1,0.8653136600968747,0.8378349333358994,0.02747872676097529,3.17557991143916,84.91555620004351,74.0499198406143,-10.865636359429217,84.30682910194297,0.0,100.0,0.1823488194922082,0.15483231857795643,-0.027516500914251757,0.0,100.0,12,2.7704876112505197,1.251936590281175
Double DQN,202,55,5.631446710698317,12,1,0.8281199374044299,0.8205114575246203,0.007608479879809615,0.918765451252969,94.31893973010185,76.96903248708776,-17.349907243014087,87.07626257991933,0.0,100.0,0.15156906957214963,0.17475543208742214,0.023186362515272507,0.0,100.0,12,2.646374852331084,1.2626003581454215
Double DQN,202,56,5.415375112440792,12,1,0.8901026565721004,0.8374447647863411,0.0526578917857593,5.915934684270194,82.86699750437447,72.19945072274933,-10.667546781625134,86.15923859375063,0.0,100.0,0.09340574458133227,0.16125998925921872,0.06785424467788645,0.0,100.0,12,2.5372859749687326,1.1177176985983104
Double DQN,202,57,5.102816713635495,12,1,0.7628001951826215,0.846942083756641,-0.0841418885740195,-11.030659025182228,100.0,76.58144092495345,-23.418559075046545,81.93578020774235,0.0,100.0,0.2233910282965318,0.13285609852218233,-0.09053492977434946,0.0,91.66666666666666,12,2.7658428363291954,1.3902763251164716
Double DQN,202,58,5.5489746624939436,12,1,0.821405982687961,0.8949195540006027,-0.0735135713126418,-8.949724358237166,100.0,90.12544504299171,-9.874554957008286,88.81762611552692,0.0,100.0,0.17439186900772588,0.10798191300141538,-0.0664099560063105,0.0,100.0,12,2.656310090120885,1.2230954177211535
Double DQN,202,59,5.386591979638209,12,1,0.7566995721084243,0.8379608116379093,-0.08126123952948494,-10.738903856264024,79.69703654319078,89.80399889337484,10.106962350184062,84.85643618595834,0.0,100.0,0.21113897811779117,0.18380685900779653,-0.02733211910999464,0.0,100.0,12,2.7517828468495704,1.3473537404308358
Double DQN,202,60,5.269289857703008,12,1,0.8111799991686468,0.8781682656171961,-0.06698826644854927,-8.258126003748053,71.16841039887638,65.42698748584709,-5.741422913029282,82.94934445929924,0.0,100.0,0.17517199713612644,0.12544392915136887,-0.04972806798475757,0.0,100.0,12,2.647725879855098,1.2783750459432175
Double DQN,202,61,5.526123458436259,12,1,0.8360971137410825,0.79765697094637,0.03844014279471253,4.5975691295851595,77.62010944134225,98.1485181633187,20.528408721976447,86.0539327084773,0.0,100.0,0.16410352139097045,0.1772136689420345,0.013110147551064044,0.0,100.0,12,2.72736062689885,1.2414518543399102
Double DQN,202,62,5.558803398733792,12,1,0.8655916506837155,0.9091158288316195,-0.04352417814790399,-5.028257621653931,71.86154423315524,89.59786198172495,17.736317748569704,90.37800989585635,0.0,100.0,0.1257100299524969,0.10157654332440644,-0.02413348662809045,0.0,100.0,12,2.5588784265732527,1.2077966314705406
Double DQN,202,63,5.216486601484974,12,1,0.8556962379493326,0.8314632351988489,0.02423300275048368,2.831963221967392,75.09039610087154,72.91834011950594,-2.1720559813656024,81.92236860589827,0.0,100.0,0.15300162597134345,0.17068128000709445,0.017679654035751002,0.0,100.0,12,2.7245719251058307,1.288871569852552
Double DQN,202,64,5.6731904044155845,12,1,0.8569861792386799,0.8304652423752069,0.02652093686347301,3.0946749791266637,98.41866557722506,83.13984806119986,-15.2788175160252,89.90041666932876,0.0,100.0,0.1502938437413893,0.19030862850656838,0.040014784765179084,0.0,100.0,12,2.6372280704023554,1.2239831961636074
Double DQN,202,65,5.555466310149189,12,1,0.8847359932662272,0.8195613193527675,0.06517467391345966,7.366567474309576,84.43752929829515,99.67758656550176,15.240057267206609,87.02216494698739,0.0,100.0,0.1484267554005606,0.13941169818542937,-0.00901505721513124,0.0,100.0,12,2.4960569690933307,1.234730315739956
Double DQN,202,66,5.261066928816996,12,1,0.7953566714508337,0.9107995340053583,-0.11544286255452463,-14.51460290688728,81.33926807769718,77.27453013100829,-4.0647379466888935,87.0399820643333,0.0,100.0,0.20409605703137468,0.08695599177209075,-0.11714006525928393,0.0,100.0,12,2.714476366877084,1.3121477913655293
Double DQN,202,67,5.381350059519134,12,1,0.885121180564094,0.888746310783066,-0.003625130218972039,-0.40956315344998506,73.92434884738542,54.99445845128238,-18.92989039610304,83.88645398683806,0.0,100.0,0.14797021822371273,0.12708955273314843,-0.020880665490564304,0.0,91.66666666666666,12,2.5802252456657393,1.2316939290140323
Double DQN,202,68,5.2592248485744735,12,1,0.7875629326402152,0.8731911245989028,-0.08562819195868765,-10.872552326914228,75.71185637711848,96.39869033511235,20.68683395799387,83.7122991480112,0.0,100.0,0.2169797594449267,0.12101369443622143,-0.09596606500870528,0.0,91.66666666666666,12,2.8586177340399064,1.2715452914936491
Double DQN,202,69,5.5725424662949345,12,1,0.8374100752103386,0.7521997564357639,0.08521031877457474,10.175458989214075,82.8724061024976,70.63006412130196,-12.24234198119565,91.55526116948647,0.0,100.0,0.19500317405027096,0.2210590737945955,0.02605589974432454,0.0,100.0,12,2.76596956739313,1.2554001570438835
Double DQN,202,70,5.5529180970570655,12,1,0.8418226241995292,0.802251013759323,0.039571610440206295,4.700706455571217,98.51876347383947,87.88869800614837,-10.630065467691097,86.60644332167846,0.0,100.0,0.16596321299322508,0.18670799021492085,0.020744777221695765,0.0,100.0,12,2.5692636905870634,1.2514985506106444
Double DQN,202,71,4.9426810072436895,12,1,0.8033762165609462,0.9246962902374829,-0.12132007367653674,-15.10127772961438,76.29665072956674,72.38810110062359,-3.908549628943149,78.2504630358258,0.0,100.0,0.18229142196060513,0.08033230246019939,-0.10195911950040575,0.0,83.33333333333334,12,2.6711790060675944,1.2471605378806014
Double DQN,202,72,5.273604552732246,12,1,0.8766796315857588,0.916434168768337,-0.039754537182578265,-4.534671018952421,92.22666922942388,100.0,7.773330770576123,80.29737796471017,0.0,100.0,0.15175477975624335,0.11612647049304432,-0.03562830926319903,0.0,83.33333333333334,12,2.5106954433500057,1.2357610587200847
Double DQN,202,73,5.374402428060194,12,1,0.8699453970431144,0.8364267868305314,0.033518610212582955,3.8529556368147295,73.6248915801094,43.14006300044883,-30.484828579660572,82.31721709908778,0.0,100.0,0.13352778825675812,0.18229240031013708,0.04876461205337895,0.0,91.66666666666666,12,2.4787658519044395,1.166780479406276
Double DQN,202,74,4.970741889397538,12,1,0.8788072893077018,0.8753261668046257,0.003481122503076084,0.39611898369873655,82.83073258020227,72.37559321403508,-10.455139366167188,79.87308372457882,0.0,100.0,0.12774336733345892,0.14351745103848165,0.01577408370502273,0.0,100.0,12,2.62004018355015,1.2771262992840198
Double DQN,202,75,5.253088449501378,12,1,0.8580267790024326,0.8546143377334607,0.0034124412689718886,0.3977080147707387,88.49304485480785,84.49090659381334,-4.0021382609945135,80.94913905984893,0.0,100.0,0.14659980548480944,0.14627783848020717,-0.00032196700460226935,0.0,91.66666666666666,12,2.419645253688453,1.2767616230270284
Double DQN,202,76,5.425849984627551,12,1,0.8951054656557975,0.8281151591170357,0.06699030653876181,7.484068538189684,100.0,68.6568978427742,-31.3431021572258,85.11263779800144,0.0,100.0,0.09429220606034915,0.14687067392855294,0.05257846786820379,0.0,100.0,12,2.5240097201383977,1.2241834489510568
Double DQN,202,77,5.452797451579867,12,1,0.8545533285935685,0.8265120567528429,0.02804127184072558,3.2813951923721554,84.87675638091577,84.09594327859546,-0.7808131023203089,80.5794833654942,0.0,100.0,0.13485948623054894,0.1243829358247072,-0.010476550405841736,0.0,91.66666666666666,12,2.3752153760057557,1.199774092093218
Double DQN,202,78,5.169823521788711,12,1,0.8887708037236767,0.8087099806537777,0.08006082306989892,9.008039275645494,84.58871914755515,83.62376580059434,-0.9649533469608116,80.34819731963218,0.0,100.0,0.14784711671043993,0.16427865567808644,0.016431538967646514,0.0,91.66666666666666,12,2.6323527578917227,1.2472960596473441
Double DQN,202,79,3.980233787562062,12,1,0.8262373548850912,0.8422954949923142,-0.01605814010722295,-1.9435262775617586,76.76148973365098,39.255311795315926,-37.50617793833505,63.85687608531339,0.0,100.0,0.20635274500346135,0.17939237622373835,-0.026960368779722993,0.0,58.333333333333336,12,2.8317454332201297,1.3128640929257602
Double DQN,202,80,5.384654734870003,12,1,0.8820157323782739,0.9144257813886097,-0.03241004901033584,-3.6745431879026844,92.17433146782719,69.6713164977016,-22.50301497012559,86.03980174803627,0.0,100.0,0.1562536456494431,0.09858218415116721,-0.0576714614982759,0.0,100.0,12,2.5945100481352106,1.2121670218654927
Double DQN,202,81,5.495257640720468,12,1,0.825021198820852,0.8685916584218631,-0.043570459601011136,-5.281132128881476,83.84119213763515,92.2478971910695,8.40670505343435,84.4480794634366,0.0,100.0,0.12458013622842906,0.15223597908997522,0.027655842861546154,0.0,91.66666666666666,12,2.5188629047557014,1.1732450256782692
Double DQN,202,82,4.840952421299312,12,1,0.7904398347931575,0.8502271783053228,-0.0597873435121653,-7.563806994596935,83.31004685901445,56.760643184353384,-26.549403674661065,76.36601571415302,0.0,100.0,0.1996862257302793,0.13062545208953066,-0.06906077364074864,0.0,75.0,12,2.705980589846249,1.361010612113594
Double DQN,202,83,5.437683781451727,12,1,0.8166689627853352,0.8738962202003069,-0.0572272574149717,-7.007399573481051,88.06604160440965,93.41901155119923,5.352969946789585,83.72719097059203,0.0,100.0,0.16107609258509237,0.13483784588921863,-0.02623824669587374,0.0,100.0,12,2.635896106202401,1.2245972141741481
Double DQN,202,84,5.449822805873115,12,1,0.8694908936231664,0.8175786061904642,0.051912287432702264,5.970423360776545,88.62921034318038,47.91130577874463,-40.71790456443575,85.1670963221107,0.0,100.0,0.18123894077333594,0.1651596480635597,-0.016079292709776233,0.0,91.66666666666666,12,2.6421767550615947,1.2389632156022945
Double DQN,202,85,5.524794421212663,12,1,0.8280277410354557,0.8450609887671885,-0.01703324773173276,-2.057086603213624,75.80284625156453,93.86285615712504,18.060009905560506,86.20852472635464,0.0,100.0,0.1535212014801702,0.15565264688376745,0.0021314454035972485,0.0,100.0,12,2.456892277046793,1.219774539768291
Double DQN,202,86,5.520641068278498,12,1,0.8119824586369653,0.8271230046427582,-0.015140546005792954,-1.864639542978384,100.0,81.87573342096864,-18.124266579031357,89.53954170822992,0.0,100.0,0.1798720528402043,0.12242696836551906,-0.05744508447468524,0.0,100.0,12,2.717441040032726,1.2835069709525464
Double DQN,202,87,5.166791394844564,12,1,0.8623425032367017,0.7604786796011598,0.10186382363554192,11.812455405272033,96.9538666603989,71.6598530634528,-25.2940135969461,83.52317989328685,0.0,100.0,0.16281888303466954,0.20655601959647768,0.04373713656180814,0.0,100.0,12,2.7068531482127582,1.264292526206172
Double DQN,202,88,5.219071277539992,12,1,0.8540803867399687,0.8740383300716011,-0.019957943331632477,-2.336775746345388,96.45579202784656,25.08674248430518,-71.36904954354138,79.03803670530444,0.0,100.0,0.15554748353526449,0.15271949393072953,-0.002827989604534953,0.0,91.66666666666666,12,2.6127881126468187,1.3689713785421682
Double DQN,202,89,5.458276387715269,12,1,0.8509369415191472,0.8696435182955824,-0.01870657677643517,-2.1983505314787473,84.89722678541823,65.56789889435638,-19.32932789106185,81.93984872030492,0.0,100.0,0.12179449374023069,0.15068477935492786,0.02889028561469717,0.0,100.0,12,2.4845311785874413,1.1804893333056385
Double DQN,202,90,5.577234067157834,12,1,0.8711826397456075,0.8216497010091386,0.04953293873646891,5.6857123267439,80.65010496399256,92.03472756105297,11.384622597060414,87.61124639249708,0.0,100.0,0.15284881455388544,0.16329314209913467,0.010444327545249238,0.0,100.0,12,2.6142540090052617,1.2082931913961394
Double DQN,202,91,5.7084921777000375,12,1,0.8283322557668619,0.8035639032829082,0.024768352483953704,2.990147046854213,88.23702903999305,74.46863463178886,-13.768394408204188,91.6366728265122,0.0,100.0,0.19886492469314546,0.13741745373331093,-0.06144747095983452,0.0,100.0,12,2.7890067803291316,1.2773820431724145
Double DQN,202,92,5.508305497917999,12,1,0.9064593063029438,0.8239167044710609,0.08254260183188289,9.106046047289043,87.55546960363667,90.52012354242727,2.9646539387906046,82.83762886773674,0.0,100.0,0.170927198808711,0.13755178778334493,-0.033375411025366064,0.0,100.0,12,2.6531373310243223,1.368532554080789
Double DQN,202,93,5.671602863153972,12,1,0.8685656510916149,0.7766621186331317,0.09190353245848315,10.581069184923283,97.41574565748083,62.74356496292952,-34.67218069455131,89.58516960104384,0.0,100.0,0.1411969657567731,0.2148701526546688,0.0736731868978957,0.0,100.0,12,2.5851707743796486,1.210206539211902
Double DQN,202,94,5.427430493780189,12,1,0.853414877453797,0.8160045176477894,0.0374103598060076,4.383607644340951,92.84113519657362,100.0,7.158864803426383,83.67474100458729,0.0,100.0,0.11680032020923553,0.221132547218443,0.10433222700920747,0.0,100.0,12,2.3942241797336052,1.221423302034355
Double DQN,202,95,5.3317723720559265,12,1,0.8237865787347358,0.7918213455691434,0.03196523316559241,3.8802808871550463,86.32321503678854,90.75317722547247,4.42996218868393,84.09744156845736,0.0,100.0,0.1606607480572558,0.16883215128577966,0.00817140322852386,0.0,100.0,12,2.721842888997419,1.2380198271714744
Double DQN,202,96,5.539540660189039,12,1,0.8437211770525211,0.8723577666408306,-0.028636589588309502,-3.394082117074429,65.36975945354011,92.73015471397717,27.36039526043706,84.34938593486459,0.0,100.0,0.1476422240459044,0.1397936276276602,-0.007848596418244203,0.0,100.0,12,2.5690110703800597,1.1267884415915428
Double DQN,202,97,5.490689192633098,12,1,0.7880877399424486,0.8635891712462127,-0.07550143130376408,-9.580333188443928,85.26712428338428,87.9188450196123,2.651720736228029,88.91094501257113,0.0,100.0,0.15196328107488458,0.1368887334514537,-0.015074547623430884,0.0,100.0,12,2.615763691962055,1.235911807635522
Double DQN,202,98,5.0839542172208745,12,1,0.8348300092147856,0.8108460065886535,0.023984002626132095,2.8729205181172968,75.40499472150213,98.63290770208042,23.22791298057828,78.8072037202616,0.0,100.0,0.1670751034655943,0.15888094167589262,-0.00819416178970167,0.0,91.66666666666666,12,2.696717529193382,1.268292536888497
Double DQN,202,99,5.530578527264473,12,1,0.8784131581337802,0.8735662705978442,0.004846887535935984,0.5517776562265265,81.36989814018479,73.27317642804991,-8.09672171213488,85.67398304317085,0.0,100.0,0.12670012869280378,0.1508364749918773,0.02413634629907352,0.0,100.0,12,2.4591678078038806,1.1112751282933986
Double DQN,202,100,5.8204388141895445,12,1,0.8789397302929267,0.8863705069934447,-0.007430776700517949,-0.8454250552585072,90.13965897437635,100.0,9.860341025623654,87.69776378798583,0.0,100.0,0.1505750593304445,0.12095398942597435,-0.029621069904470138,0.0,100.0,12,2.5241808432219854,1.218530000570203
Double DQN,202,101,5.393972131670932,12,1,0.8527863652794444,0.82152216358148,0.0312642016979644,3.666123541705504,85.13390336415523,77.09203341221999,-8.04186995193524,87.65378997086815,0.0,100.0,0.14277204130440674,0.15848877024192892,0.015716728937522184,0.0,100.0,12,2.5900799911957866,1.1891624732400192
Double DQN,202,102,5.754007243476028,12,1,0.8871599586995836,0.8422390309695572,0.04492092773002643,5.063453021016909,75.17440858919502,100.0,24.825591410804975,93.12648547495264,0.0,100.0,0.14339403428219638,0.1561653586460427,0.012771324363846315,0.0,100.0,12,2.5833501333120568,1.143534853946244
Double DQN,202,103,5.4920302793921785,12,1,0.8497237093678706,0.8978960174728726,-0.04817230810500206,-5.669173117558244,90.96290631920722,100.0,9.037093680792779,87.17793884643436,0.0,100.0,0.13914493691316868,0.0997249734425647,-0.039419963470603975,0.0,91.66666666666666,12,2.692335555467585,1.168317107546722
Double DQN,202,104,5.751342152456896,12,1,0.8257952522436725,0.788119918619632,0.03767533362404041,4.5623093038712845,75.87579428393934,96.3923175082584,20.51652322431906,90.69006522614931,0.0,100.0,0.16513085173253497,0.15553628993442217,-0.0095945617981128,0.0,100.0,12,2.6749212419779957,1.1811141818828232
Double DQN,202,105,5.311443784989288,12,1,0.9237885721215161,0.7761914735976528,0.14759709852386327,15.977367871622489,80.4637173014938,69.79931519591156,-10.66440210558224,83.50373825828301,0.0,100.0,0.11251281022399384,0.22017729102055456,0.10766448079656071,0.0,100.0,12,2.460244701990092,1.2346495253473324
Double DQN,202,106,5.592944753296968,12,1,0.8077206476267133,0.8567096283592415,-0.04898898073252822,-6.065089567348586,81.67870183975802,84.2041903368434,2.5254884970853766,87.50045818589462,0.0,100.0,0.16311263476939533,0.1791491471043355,0.01603651233494016,0.0,100.0,12,2.582468153642504,1.215772896596375
Double DQN,202,107,5.61361655791668,12,1,0.8626955326086444,0.8611005982614659,0.0015949343471785005,0.18487801163820688,79.09575286389816,90.25741114508384,11.16165828118568,88.76643490911334,0.0,100.0,0.1677715458318963,0.10297694011811055,-0.06479460571378574,0.0,100.0,12,2.592839398434934,1.192587905758885
Double DQN,202,108,5.588108466849192,12,1,0.912307178058601,0.8669210212912322,0.04538615676736879,4.974876648888261,70.71959513655847,82.59509283360286,11.875497697044395,84.71790751905101,0.0,100.0,0.10680846201518093,0.133844848981526,0.027036386966345055,0.0,100.0,12,2.499772139149773,1.2983139441444902
Double DQN,202,109,5.223171847620907,12,1,0.8699511635009001,0.8261968898218282,0.04375427367907192,5.029509185664381,100.0,95.4246258478752,-4.575374152124795,82.38115967901425,0.0,100.0,0.14238012382328294,0.1693775077691049,0.026997383945821962,0.0,100.0,12,2.5747280601620077,1.2624762106514207
Double DQN,202,110,5.289739972767381,12,1,0.8863414881712629,0.8599696434624837,0.02637184470877918,2.9753593914678054,77.78803873742896,91.31936600058272,13.531327263153756,83.30027566336555,0.0,100.0,0.1220454148462536,0.12371788888409364,0.0016724740378400438,0.0,91.66666666666666,12,2.625730054901027,1.3167346428050133
Double DQN,202,111,5.298672716773573,12,1,0.8183288069671656,0.8577063724400894,-0.039377565472923814,-4.811949076907394,82.72075783872477,77.81902590837673,-4.901731930348035,86.06241796654098,0.0,100.0,0.20700302771312173,0.14634918787133183,-0.0606538398417899,0.0,100.0,12,2.6090665867795457,1.3542686616843376
Double DQN,202,112,5.199519297620247,12,1,0.7792164369197068,0.7873031377618466,-0.008086700842139805,-1.03779905800076,66.83248000794534,93.76588377745931,26.933403769513973,82.69971405085343,0.0,100.0,0.18626560514656923,0.17216580460975525,-0.014099800536813978,0.0,91.66666666666666,12,2.695103275279161,1.2928969611498724
Double DQN,202,113,4.741681189463026,12,1,0.8184779392862472,0.87722790215239,-0.05874996286614276,-7.177953130584753,100.0,89.26714341778033,-10.732856582219668,77.14071179160378,0.0,100.0,0.19684642775822972,0.15402336582597456,-0.04282306193225516,0.0,91.66666666666666,12,2.6978955954982538,1.35617545011052
Double DQN,202,114,5.324683057782696,12,1,0.7658435975385476,0.7932092732439148,-0.027365675705367187,-3.573272113695483,75.69629014579232,100.0,24.303709854207682,86.46021480831298,0.0,100.0,0.18344337886539416,0.17760784534619528,-0.005835533519198882,0.0,100.0,12,2.6813669018514106,1.3100045114841414
Double DQN,202,115,5.495433303738822,12,1,0.8532969894802346,0.8534604910599608,-0.0001635015797262218,-0.019161157456539825,100.0,83.62885156597069,-16.37114843402931,85.01105218336279,0.0,100.0,0.1457095342642246,0.16539176605383876,0.019682231789614174,0.0,91.66666666666666,12,2.6518937274609264,1.2029501494082002
Double DQN,202,116,5.544145078552436,12,1,0.8393377470688449,0.8620051898053213,-0.022667442736476362,-2.7006342578581912,92.06519753167069,91.46532983867846,-0.599867692992234,87.91176057748868,0.0,100.0,0.12017028479655435,0.16891326638511936,0.04874298158856501,0.0,100.0,12,2.483045095745349,1.1921408934422584
Double DQN,202,117,5.222742043841437,12,1,0.8499010408820883,0.8971417704978842,-0.04724072961579595,-5.558380016427105,97.83930115806794,87.04178387528366,-10.797517282784284,83.8223533913973,0.0,100.0,0.18877990501419706,0.15234040446362646,-0.0364395005505706,0.0,91.66666666666666,12,2.6614576804784065,1.268667861062982
Double DQN,202,118,5.5511801541427745,12,1,0.8501236498333311,0.8086959856975854,0.04142766413574572,4.873133942793818,86.64762641502445,88.33209512783786,1.6844687128134126,85.54606616975313,0.0,100.0,0.11643323645885983,0.1725506384405229,0.05611740198166307,0.0,100.0,12,2.4421974751522986,1.1484520358638113
Double DQN,202,119,5.4062965227849755,12,1,0.858254972501391,0.8958116760686895,-0.037556703567298455,-4.3759377773063335,76.04916421829846,100.0,23.950835781701542,84.71161337703963,0.0,100.0,0.10459757272381093,0.12748416601818147,0.02288659329437054,0.0,100.0,12,2.4359057864962543,1.1832076070333162
Double DQN,202,120,5.416529498919592,12,1,0.7976586472639905,0.8882762121968575,-0.09061756493286699,-11.360444125277125,85.28937186306209,79.08168468797567,-6.20768717508642,85.37660030289999,0.0,100.0,0.16262736160632235,0.1369736525348957,-0.02565370907142664,0.0,100.0,12,2.666306189561102,1.2620563446524584
Double DQN,202,121,5.4935154212884445,12,1,0.8643667200902831,0.8622827522864057,0.002083967803877429,0.24109764471956516,61.74245763717674,97.6387115474304,35.89625391025366,84.92910804852502,0.0,100.0,0.15776857097583277,0.1346735870640533,-0.02309498391177947,0.0,100.0,12,2.6498918324662695,1.26559687111964
Double DQN,202,122,5.464772146313989,12,1,0.8480803235327101,0.8543014070140785,-0.006221083481368406,-0.7335488524782949,100.0,85.06800388310559,-14.93199611689441,85.28946317250931,0.0,100.0,0.1861756798932373,0.1466188033349075,-0.03955687655832979,0.0,91.66666666666666,12,2.6735332279206916,1.3331279810660555
Double DQN,202,123,5.59076255731491,12,1,0.7756320414179309,0.8482034040828011,-0.0725713626648703,-9.35641628886331,100.0,99.64604165971934,-0.35395834028065565,89.00956103519313,0.0,100.0,0.204077206250599,0.14167672970275003,-0.06240047654784897,0.0,91.66666666666666,12,2.7877650279392205,1.3120539457446803
Double DQN,202,124,5.2011557530455415,12,1,0.8089930473681856,0.8774436812103238,-0.06845063384213823,-8.461214106205448,100.0,63.2120331419855,-36.7879668580145,75.50314108775133,0.0,100.0,0.17278368295666768,0.1550557345743389,-0.017727948382328773,0.0,83.33333333333334,12,2.6211982494315555,1.3265232176557828
Double DQN,202,125,5.596247200235945,12,1,0.8546086539022312,0.8070228796994272,0.047585774202803965,5.568136244060064,92.43628693546799,91.60995355912293,-0.8263333763450618,88.26080591945167,0.0,100.0,0.15041932415224932,0.19022702888469578,0.039807704732446464,0.0,91.66666666666666,12,2.5954585011735136,1.2116677002966731
Double DQN,202,126,5.38108443596509,12,1,0.8143211675203983,0.869483844860697,-0.05516267734029867,-6.774068947301052,69.03321716875217,79.0737228591039,10.040505690351722,84.57601077983158,0.0,100.0,0.1764543822871891,0.10832925082283822,-0.06812513146435088,0.0,100.0,12,2.5161650299643092,1.2502319902082626
Double DQN,202,127,5.606441895462098,12,1,0.8685787095725296,0.8368174976773604,0.03176121189516923,3.6566878217404715,69.49712837431055,99.15639638233573,29.65926800802518,87.01457210292489,0.0,100.0,0.09994214139524595,0.18725985654779198,0.08731771515254604,0.0,100.0,12,2.383524755125521,1.1518309677731953
Double DQN,202,128,4.742010570697518,12,1,0.8189754706192701,0.8660134585433479,-0.04703798792407776,-5.743516089500201,94.43470721029217,0.0,-94.43470721029217,74.16642578545246,0.0,100.0,0.1523242860886751,0.12931321296710363,-0.023011073121571468,0.0,83.33333333333334,12,2.6695492340190863,1.2807549408527117
Double DQN,202,129,5.384738446444281,12,1,0.8573499191044014,0.9555686267529916,-0.0982187076485902,-11.456081753782716,86.53774318361141,78.47335168088256,-8.064391502728853,79.43450367196449,0.0,100.0,0.12980801647482373,0.08495573872679574,-0.044852277748028,0.0,100.0,12,2.51417857448757,1.1662322572548187
Double DQN,202,130,5.290560599051246,12,1,0.8445640843339083,0.9040377595112457,-0.05947367517733737,-7.0419375249947,88.08479864457453,59.35279385141049,-28.732004793164045,77.67776174409434,0.0,100.0,0.1584553353970194,0.11609359022885722,-0.04236174516816217,0.0,83.33333333333334,12,2.58317523853888,1.2623869208513852
Double DQN,202,131,5.668869413122095,12,1,0.8504573199661619,0.821854551084165,0.028602768881996865,3.363222140663674,95.64688317151004,100.0,4.353116828489959,89.56249650861191,0.0,100.0,0.12212042735663904,0.15974597482815958,0.03762554747152054,0.0,100.0,12,2.6506861546835743,1.1558622200985607
Double DQN,202,132,5.44355040331263,12,1,0.8536645989594694,0.7840664685382953,0.06959813042117413,8.152865950632975,88.65911306163818,78.95663378658791,-9.702479275050266,83.13911162217123,0.0,100.0,0.13029618215033864,0.2033971789946437,0.07310099684430507,0.0,100.0,12,2.529371078540682,1.1944185812849237
Double DQN,202,133,5.2029291991318685,12,1,0.8331401243461087,0.8474716932078842,-0.014331568861775446,-1.720187090139681,67.92935761035402,85.32598692853834,17.396629318184324,80.27105330039204,0.0,100.0,0.1154905877591078,0.16183729223477605,0.04634670447566826,0.0,100.0,12,2.3764203826461285,1.2520852800086173
Double DQN,202,134,5.518895649315655,12,1,0.8893335213122342,0.8896760978294456,-0.00034257651721136817,-0.038520589745215925,83.14355751431835,100.0,16.856442485681654,88.88929786361537,0.0,100.0,0.13063878803155263,0.12172606106375443,-0.008912726967798199,0.0,100.0,12,2.6136032563559946,1.2667216660269154
Double DQN,202,135,5.480379441145256,12,1,0.8031173471149267,0.8865730590343773,-0.08345571191945067,-10.39147170948956,67.9677943421787,90.37355814871052,22.40576380653181,84.97612213707498,0.0,100.0,0.18307765077852256,0.13266294531259393,-0.05041470546592863,0.0,100.0,12,2.6855089039672824,1.2421663858216234
Double DQN,202,136,5.720716760966402,12,1,0.8760460040715754,0.7565440079925514,0.11950199607902401,13.641063999335401,80.63434110516634,93.84271978984128,13.20837868467494,90.94649586411106,0.0,100.0,0.1548372255919782,0.19403364656953323,0.03919642097755502,0.0,100.0,12,2.646403537195431,1.2266869238127682
Double DQN,202,137,4.918594504025433,12,1,0.901201489111083,0.8010803576305128,0.10012113148057022,11.109738797627442,62.18434710653019,36.625159852804,-25.559187253726186,73.26041199810493,0.0,100.0,0.13999095586759777,0.18334336178443983,0.04335240591684206,0.0,83.33333333333334,12,2.570458417096504,1.2237600187944524
Double DQN,202,138,5.488579050688778,12,1,0.8224436424388945,0.845147079086059,-0.022703436647164565,-2.7604853968886234,73.13178335005578,94.68619675983643,21.55441340978065,85.78811964643808,0.0,100.0,0.12100856349050909,0.11641873744862401,-0.004589826041885084,0.0,100.0,12,2.401264660536079,1.1840713232033413
Double DQN,202,139,5.5243113855418535,12,1,0.801881769334314,0.8947505950713162,-0.09286882573700217,-11.581361403701406,74.18499973304955,79.73543585502686,5.550436121977313,84.44285871330608,0.0,100.0,0.15528397546792766,0.10201707032290262,-0.05326690514502504,0.0,100.0,12,2.496528744342878,1.2890130006384728
Double DQN,202,140,5.617364179920957,12,1,0.8137553899895382,0.8475739374784403,-0.03381854748890212,-4.155861565394595,78.6997300427238,92.13695826648615,13.437228223762347,89.22600645180638,0.0,100.0,0.15395539626668883,0.17318945417542048,0.019234057908731644,0.0,100.0,12,2.702820730417026,1.161852448538566
Double DQN,202,141,5.6239367262092825,12,1,0.8650302534204144,0.8084120480439241,0.056618205376490316,6.545228349253264,64.94165620876974,87.16399758191875,22.222341373149007,88.80773713836815,0.0,100.0,0.11124550338444256,0.17708950262734258,0.06584399924290002,0.0,100.0,12,2.490405211044019,1.1500753186546309
Double DQN,202,142,5.440258745910304,12,1,0.8234486486987429,0.8978622569511385,-0.07441360825239562,-9.036824381215263,97.5067282965262,90.13337267547871,-7.373355621047494,81.11384219622768,0.0,100.0,0.1668579423505387,0.11253281757239068,-0.05432512477814801,0.0,91.66666666666666,12,2.7658657760548935,1.2543298740031399
Double DQN,202,143,5.641564349476733,12,1,0.861143584972902,0.8556278459806178,0.0055157389922841915,0.6405132765934449,81.44857636887221,83.2757530187408,1.8271766498685906,87.78537550830686,0.0,100.0,0.15763810177721663,0.13397787599747946,-0.02366022577973717,0.0,100.0,12,2.659174618223963,1.244906247455014
Double DQN,202,144,5.509245779012942,12,1,0.8751211829918045,0.8038498199983148,0.07127136299348968,8.144170702145733,98.56904593204277,94.54050081715314,-4.028545114889624,85.52633875557359,0.0,100.0,0.11746979446060858,0.1921698050376094,0.0747000105770008,0.0,100.0,12,2.5218073925598445,1.2026171035719524
Double DQN,202,145,5.172927512692169,12,1,0.812807235702647,0.8277717434472056,-0.014964507744558597,-1.8410893859258326,68.28075585645308,78.18468251353445,9.90392665708137,83.13470079198471,0.0,100.0,0.14285445996807036,0.12264141434052853,-0.020213045627541837,0.0,100.0,12,2.596668651495943,1.1977574165718865
Double DQN,202,146,5.247028249973785,12,1,0.8555399832800281,0.7945578701943841,0.06098211308564405,7.127909189217157,90.77911457837808,78.61062055617055,-12.16849402220754,81.6761136797955,0.0,100.0,0.12621656073001064,0.17351688228167977,0.04730032155166913,0.0,91.66666666666666,12,2.5778466533399396,1.137625959986869
Double DQN,202,147,4.932309154592914,12,1,0.8814647148892412,0.8745496804572099,0.006915034432031231,0.7844936178642302,59.587085094974725,60.6718856900196,1.0848005950448751,70.84043374777588,0.0,100.0,0.14314394322916463,0.1498622065008069,0.006718263271642266,0.0,66.66666666666666,12,2.323769385922826,1.2085607825260432
Double DQN,202,148,5.3396847741499185,12,1,0.8012108127415372,0.8928708723896539,-0.09166005964811674,-11.44019254239463,100.0,76.33364310244137,-23.66635689755863,85.4627898316348,0.0,100.0,0.1929522171514631,0.1344115512459322,-0.05854066590553089,0.0,100.0,12,2.7672298177196417,1.3146900168219742
Double DQN,202,149,5.522869346315672,12,1,0.8291862634406305,0.8498638662956213,-0.020677602854990762,-2.493722311461238,88.39320766064482,100.0,11.60679233935518,85.23503612165631,0.0,100.0,0.13829852367862244,0.14600727113871492,0.00770874746009248,0.0,100.0,12,2.4958594803458216,1.2032146692330692
Double DQN,202,150,5.705821626678116,12,1,0.8673133287315885,0.8661546924402069,0.0011586362913815762,0.13358912552122726,94.92256878046294,89.89027694381805,-5.032291836644887,90.84720064045926,0.0,100.0,0.1528040246038752,0.11753931146669212,-0.03526471313718309,0.0,100.0,12,2.5641590139846184,1.2390637436363199
Double DQN,202,151,5.189407902251407,12,1,0.807395517893896,0.7594951642636024,0.047900353630293546,5.9326999678227565,54.92304007043452,82.80228825105233,27.879248180617815,79.57776408168841,0.0,100.0,0.16059864248434355,0.22461314065331697,0.06401449816897342,0.0,91.66666666666666,12,2.5232293296951482,1.2930304828618295
Double DQN,202,152,5.460026442543583,12,1,0.8067562245178406,0.9076591941465872,-0.10090296962874667,-12.507244017739252,72.12852469154824,81.7968583628214,9.66833367127316,83.72330005306553,0.0,100.0,0.18679446548313777,0.11314670472647219,-0.07364776075666558,0.0,100.0,12,2.6080515651437755,1.1953461128553138
Double DQN,202,153,5.6318274161469875,12,1,0.812970006809009,0.8438882454100145,-0.03091823860100551,-3.803121682479134,99.7942327219922,86.37560298215358,-13.418629739838622,90.85897699830504,0.0,100.0,0.17112669368519093,0.1693194189707362,-0.0018072747144547152,0.0,100.0,12,2.7038252890212053,1.242378610745812
Double DQN,202,154,5.174357029565431,12,1,0.8634567111669563,0.8166168046609348,0.046839906506021545,5.424696559798314,89.39832591458284,89.94989016390792,0.5515642493250823,79.48129770984201,0.0,100.0,0.13430960185027382,0.16923531201809328,0.03492571016781945,0.0,83.33333333333334,12,2.698024795291197,1.1516972435875905
Double DQN,202,155,5.298412827670159,12,1,0.8321697640843284,0.8519544754361803,-0.01978471135185189,-2.3774850043514673,82.7241686708631,100.0,17.275831329136906,82.75457513134153,0.0,100.0,0.17400591745861305,0.15671657855329793,-0.017289338905315116,0.0,91.66666666666666,12,2.5828087370925625,1.2071581811496175
Double DQN,202,156,5.29061021688743,12,1,0.934773932063304,0.8052749799158819,0.12949895214742202,13.853504864174177,74.88362097674546,86.94097709823454,12.057356121489079,78.54555705416344,0.0,100.0,0.11465738827093208,0.1593032555830116,0.04464586731207951,0.0,100.0,12,2.5272769411837332,1.1891843941713902
Double DQN,202,157,5.469110388091246,12,1,0.8535791419149324,0.8525288774895794,0.0010502644253530535,0.12304241912435611,92.48653320114808,76.80451670646131,-15.682016494686764,80.39806293871214,0.0,100.0,0.14884031666699524,0.1325030933807923,-0.016337223286202934,0.0,100.0,12,2.5561936032263186,1.268058708872225
Double DQN,202,158,4.798326388490613,12,1,0.8641885555557204,0.9164718419472726,-0.05228328639155222,-6.049985973018495,63.01138005571192,62.570045783753756,-0.4413342719581621,71.66387649481398,0.0,100.0,0.1612862464059114,0.0871879547337679,-0.0740982916721435,0.0,91.66666666666666,12,2.6650876192373505,1.3345781338171054
Double DQN,202,159,4.61612976587056,12,1,0.8526063504113924,0.8157125154571474,0.03689383495424503,4.327182753968854,93.2070257355433,91.85233367316027,-1.3546920623830232,73.37937712361328,0.0,100.0,0.14343802310880735,0.16061373062385897,0.017175707515051625,0.0,66.66666666666666,12,2.583056050788,1.3531629521647053
Double DQN,202,160,5.587792443006684,12,1,0.8673964685349607,0.8663625608337556,0.001033907701205039,0.11919666942514962,72.8975713039639,92.64706958753001,19.749498283566112,89.07926407204026,0.0,100.0,0.15182537792491616,0.12598197315476284,-0.025843404770153316,0.0,100.0,12,2.576675859877283,1.1340379330478134
Double DQN,202,161,5.468256657185467,12,1,0.7891294914094592,0.8688455791608563,-0.07971608775139705,-10.101775262386486,83.77286360588975,72.40472777725459,-11.368135828635161,86.8590185819981,0.0,100.0,0.16387150426940056,0.14906903927222084,-0.014802464997179715,0.0,100.0,12,2.5375650214963583,1.3435170125412372
Double DQN,202,162,5.494379938531848,12,1,0.7757219247619458,0.8157394857424901,-0.04001756098054432,-5.158750797565113,81.93565955099409,95.8248469924786,13.88918744148451,88.66252114955999,0.0,100.0,0.16853337133951335,0.1515478747120617,-0.016985496627451663,0.0,100.0,12,2.523547276497807,1.219494562549333
Double DQN,202,163,5.517916126155775,12,1,0.8286607751244132,0.846104818084141,-0.01744404295972779,-2.105088533617243,73.81383667719633,100.0,26.186163322803665,85.88923564046644,0.0,100.0,0.16577157840247514,0.16890559188916499,0.003134013486689846,0.0,100.0,12,2.544830902945398,1.26098497496846
Double DQN,202,164,5.680055133098932,12,1,0.8796316542041692,0.847654331236171,0.03197732296799827,3.635308349257755,100.0,81.31399921381379,-18.686000786186213,87.68931610422474,0.0,100.0,0.13339843791588243,0.16884503668060655,0.03544659876472411,0.0,100.0,12,2.4742281997749807,1.2821914558244483
Double DQN,202,165,5.4824634807036485,12,1,0.8106197969877268,0.8563808215564805,-0.04576102456875375,-5.645189611554305,99.87729410398674,81.44573956977491,-18.431554534211827,89.31664033442928,0.0,100.0,0.19658590066904313,0.10640082607342859,-0.09018507459561455,0.0,100.0,12,2.7017822930176325,1.2900281558626812
Double DQN,202,166,5.780122511202977,12,1,0.8415905388660011,0.8117077862184214,0.02988275264757967,3.5507472182191004,86.01977615053353,100.0,13.98022384946647,92.8585455343504,0.0,100.0,0.14797750193354262,0.15707025831180285,0.009092756378260236,0.0,100.0,12,2.609098459483746,1.1573046684724855
Double DQN,202,167,5.445561006626967,12,1,0.8376363328396297,0.8673743384800788,-0.02973800564044915,-3.5502287179492087,88.36044719369583,84.3776627420024,-3.9827844516934334,87.05548936111994,0.0,100.0,0.13509081002713813,0.1401029619366461,0.005012151909507961,0.0,100.0,12,2.6293735179159827,1.172737398502807
Double DQN,202,168,5.304643213120891,12,1,0.8768922735668496,0.8443063252272791,0.032585948339570514,3.716072010421966,77.50623986061204,74.27732139416031,-3.2289184664517308,84.71914209499221,0.0,100.0,0.13051158067073332,0.1472290829443175,0.01671750227358418,0.0,100.0,12,2.624133152997159,1.224860314398193
Double DQN,202,169,5.8122586354704575,12,1,0.8495729667227165,0.8740173574726718,-0.024444390749955303,-2.8772561872173434,75.3113337221513,100.0,24.688666277848696,90.82667238880477,0.0,100.0,0.16475852264765706,0.1522941870053015,-0.01246433564235555,0.0,100.0,12,2.610007109505855,1.162502720503189
Double DQN,202,170,5.106491684953328,12,1,0.9178676239735608,0.7754552066579129,0.1424124173156479,15.515572572341881,81.44647645066179,68.1950536492469,-13.25142280141489,79.61202589078341,0.0,100.0,0.09454764481184037,0.18849987226774725,0.09395222745590688,0.0,100.0,12,2.490832975344653,1.1947704748700196
Double DQN,202,171,4.213836638870898,12,1,0.837197181983831,0.8604793192743194,-0.023282137290488447,-2.7809622143398594,98.14227849822935,55.356961450778726,-42.78531704745062,66.06288309941398,0.0,100.0,0.186134109668561,0.13082531777264653,-0.05530879189591448,0.0,58.333333333333336,12,2.7428524566812524,1.334440541187325
Double DQN,202,172,5.10586558167626,12,1,0.7528799440689695,0.843805737740721,-0.09092579367175146,-12.077064130615488,37.2269687171224,100.0,62.7730312828776,76.23106062055211,0.0,100.0,0.19547213405000727,0.1577981952347013,-0.03767393881530598,0.0,83.33333333333334,12,2.653252699575724,1.232905202737168
Double DQN,202,173,5.3601135657218135,12,1,0.8390421176624627,0.7566552745381807,0.08238684312428202,9.81915465147428,68.06845825221927,83.30529712474085,15.236838872521574,86.55893433883772,0.0,100.0,0.14420038590289916,0.2083187068831546,0.06411832098025544,0.0,100.0,12,2.628345594168999,1.2657301552169429
Double DQN,202,174,4.889284512153875,12,1,0.8479889838605803,0.8379745632646891,0.010014420595891194,1.1809611665353528,100.0,79.5971227816889,-20.402877218311104,77.70784933108898,0.0,100.0,0.17154403363847415,0.1542366503682218,-0.017307383270252358,0.0,83.33333333333334,12,2.71334716476566,1.3184707823876276
Double DQN,202,175,5.516853107299976,12,1,0.8303975309353167,0.8374614546806821,-0.0070639237453654635,-0.850667720243463,68.71387201943875,71.97633389704563,3.2624618776068814,84.19563413385328,0.0,100.0,0.15284183704894957,0.12965963331528257,-0.023182203733667,0.0,100.0,12,2.565371950632515,1.1753557126580827
Double DQN,202,176,5.2565188917158014,12,1,0.9189499799246864,0.7760019642405748,0.14294801568411164,15.555581784312908,100.0,74.8733960188431,-25.126603981156904,84.06230963151486,0.0,100.0,0.09274780577475562,0.23354281886540906,0.14079501309065345,0.0,100.0,12,2.508564465411109,1.1955600186857105
Double DQN,202,177,5.510410764742993,12,1,0.8877455772970395,0.8234709683370467,0.06427460895999282,7.240206045936351,64.24596375447916,79.46941172293694,15.223447968457776,85.64482043739967,0.0,100.0,0.13388776245005737,0.16217058383101884,0.02828282138096147,0.0,91.66666666666666,12,2.541392384700064,1.186796617611428
Double DQN,202,178,5.567584215064796,12,1,0.8136661913844246,0.8353034305499758,-0.02163723916555116,-2.659227997262139,70.02765345058359,94.84112187249063,24.813468421907046,86.24921394557084,0.0,100.0,0.12878828504318757,0.1476785234848242,0.01889023844163662,0.0,100.0,12,2.5299284063889385,1.173369883032947
Double DQN,202,179,5.382835457507856,12,1,0.8378006040130487,0.8209587325717426,0.01684187144130611,2.0102481856224346,100.0,94.93928071367264,-5.060719286327355,86.73384962206819,0.0,100.0,0.1750792082754598,0.17270388466583583,-0.002375323609623975,0.0,100.0,12,2.531375062277926,1.3206131770095852
Double DQN,202,180,5.460488492219207,12,1,0.8445608392231152,0.8240621658700563,0.020498673353058883,2.427139928949934,99.80863817873622,65.8515145586972,-33.95712362003901,83.26539110456125,0.0,100.0,0.13902823168182463,0.14977407876894622,0.01074584708712159,0.0,91.66666666666666,12,2.5191997766604137,1.3303288254227204
Double DQN,202,181,5.543459290999149,12,1,0.8058616660333964,0.9710510707959065,-0.1651894047625101,-20.498481529169098,93.23147179248681,97.29194605225166,4.060474259764845,87.32567573807496,0.0,100.0,0.1974402895861522,0.12900946281916237,-0.06843082676698983,0.0,100.0,12,2.656086807801324,1.287909660636946
Double DQN,202,182,5.012315661890728,12,1,0.8099138994436352,0.85485419864315,-0.04494029919951481,-5.5487749043924595,82.85299718687692,68.04406444851382,-14.808932738363097,80.94829460702667,0.0,100.0,0.18603123666381602,0.15626864658107686,-0.029762590082739154,0.0,100.0,12,2.527084520245666,1.349885785178526
Double DQN,202,183,4.8817474339396805,12,1,0.7765108923664629,0.8923348533752866,-0.11582396100882375,-14.9159480114752,77.79959269255757,60.69119850820507,-17.1083941843525,78.3099357436565,0.0,100.0,0.20716686165212853,0.12056750481942727,-0.08659935683270126,0.0,100.0,12,2.628854889011087,1.3471882590506195
Double DQN,202,184,5.155065421400751,12,1,0.8493582737498653,0.8284261811193658,0.020932092630499444,2.4644597312375054,79.56595160065231,83.06392026001134,3.4979686593590316,82.08441425537232,0.0,100.0,0.14197384639571697,0.13373783308555556,-0.00823601331016141,0.0,91.66666666666666,12,2.562170688265556,1.2609265191862078
Double DQN,202,185,5.0670261955968146,12,1,0.905193719306663,0.8735652207807597,0.031628498525903326,3.4941137848514137,79.12676034865049,46.82671480790347,-32.30004554074702,74.19446375572532,0.0,100.0,0.10763957560730725,0.11020307386732936,0.0025634982600221123,0.0,83.33333333333334,12,2.3953049141636855,1.3086057342204924
Double DQN,202,186,5.204934318610507,12,1,0.755139683606632,0.8659462814868331,-0.11080659788020109,-14.673655786566044,89.41810805263162,85.6615458104845,-3.756562242147126,86.18216670826742,0.0,100.0,0.19285782839288107,0.15195476536715136,-0.04090306302572971,0.0,91.66666666666666,12,2.7564161783100984,1.271731603114628
Double DQN,202,187,5.792729789226305,12,1,0.8399509470801305,0.9226413635833233,-0.08269041650319275,-9.84467209551276,100.0,81.23346535330651,-18.766534646693486,92.780244003365,0.0,100.0,0.1616232775790831,0.09247398940556167,-0.06914928817352142,0.0,100.0,12,2.654034333659546,1.273617667617252
Double DQN,202,188,5.673039231154161,12,1,0.9031468811741368,0.8559160553745919,0.04723082579954485,5.229584111295649,100.0,71.56490276335555,-28.435097236644452,88.24286932035255,0.0,100.0,0.11876568811827243,0.15987963828376822,0.041113950165495794,0.0,100.0,12,2.5271041079487753,1.1524400025697732
Double DQN,202,189,5.555141131290853,12,1,0.8923226760697259,0.9044377816155883,-0.01211510554586237,-1.357704546882511,87.82348534244599,78.79137970741616,-9.032105635029836,81.39679957925348,0.0,100.0,0.10997218574021737,0.10498207069510818,-0.0049901150451091975,0.0,91.66666666666666,12,2.412172445720699,1.1392381048196987
Double DQN,202,190,5.401404042706945,12,1,0.8113857512452609,0.8264991474705953,-0.015113396225334363,-1.8626647315582416,100.0,92.03589709509879,-7.96410290490121,87.22862050203365,0.0,100.0,0.2083096111488404,0.18335195391670991,-0.024957657232130476,0.0,91.66666666666666,12,2.866122224783412,1.328540319021831
Double DQN,202,191,5.363621254543502,12,1,0.8789938927485694,0.863180267564549,0.015813625184020408,1.7990597334609462,63.2916383575673,100.0,36.7083616424327,81.5319064476302,0.0,100.0,0.14394528484422414,0.16134402062670772,0.017398735782483576,0.0,91.66666666666666,12,2.5111699894322537,1.2150996362554856
Double DQN,202,192,5.472122599610691,12,1,0.9015133923824813,0.8514099721209651,0.05010342026151615,5.557701159503018,71.20181003395942,93.04522695467517,21.843416920715754,82.34585347133948,0.0,100.0,0.1520183936401911,0.1788963921702564,0.02687799853006531,0.0,100.0,12,2.4825149347860522,1.2712218725068007
Double DQN,202,193,5.615163220275305,12,1,0.883426631861704,0.7951006084663518,0.08832602339535223,9.998116449038545,86.96435076627584,82.1423182761766,-4.822032490099247,88.56502572516227,0.0,100.0,0.11168658627375289,0.18464571016508252,0.07295912389132964,0.0,100.0,12,2.5186442599768806,1.1980568666026368
Double DQN,202,194,5.3511806977536,12,1,0.819025153321807,0.8834887861830414,-0.06446363286123435,-7.870775714247892,85.54934542355456,76.76411302958005,-8.78523239397451,84.71914053965115,0.0,100.0,0.17422599914320744,0.15065926422658935,-0.023566734916618093,0.0,100.0,12,2.6109664832578816,1.2632738457667594
Double DQN,202,195,5.563442197948237,12,1,0.8028177628593154,0.8667885576109304,-0.06397079475161505,-7.968283427583452,67.57405691997727,75.04522040362048,7.47116348364321,86.0672885282558,0.0,100.0,0.2176030513397145,0.13870147560200233,-0.07890157573771217,0.0,100.0,12,2.80279914371971,1.3050818267983222
Double DQN,202,196,5.289045496277183,12,1,0.8451378734084629,0.8611773763329256,-0.016039502924462656,-1.89785636511294,72.34445302024474,83.86879625218539,11.524343231940648,80.05238992621749,0.0,100.0,0.14376426546073262,0.17232184875556147,0.028557583294828853,0.0,100.0,12,2.702085965641881,1.1767505523469104
Double DQN,202,197,5.689228360033017,12,1,0.8294831139046561,0.8614101548153699,-0.031927040910713744,-3.849028434156112,79.97452123500052,100.0,20.025478764999477,90.38814503494757,0.0,100.0,0.15659982341845236,0.14216320966894191,-0.01443661374951044,0.0,100.0,12,2.5928739691846494,1.244255764647793
Double DQN,202,198,5.4124182580906615,12,1,0.8133839008192802,0.8052603675940375,0.00812353322524273,0.9987329743138889,90.24789703129954,100.0,9.752102968700456,89.16591571358303,0.0,100.0,0.1520633958466226,0.17637049875581384,0.024307102909191247,0.0,91.66666666666666,12,2.6275411373390942,1.1612828670532365
Double DQN,202,199,5.689601253047368,12,1,0.8278307738821816,0.8071210453748231,0.020709728507358527,2.501686233556953,83.31104259941543,89.24496552958996,5.933922930174532,89.46282940238028,0.0,100.0,0.16111176925956483,0.1601565297218384,-0.0009552395377264433,0.0,100.0,12,2.686837345676862,1.256614436630034
Double DQN,202,200,5.551084090955404,12,1,0.8474318269381286,0.8378882773429928,0.009543549595135814,1.1261731376809139,73.01424829671511,73.48118803958621,0.46693974287110507,87.46254185049914,0.0,100.0,0.12862564401434087,0.15666482172550686,0.028039177711165986,0.0,100.0,12,2.5171918216081455,1.1118327623551807
Double DQN,303,1,5.557014782605361,12,1,0.813719122972816,0.8648046381438192,-0.05108551517100324,-6.278028097013257,100.0,66.40736046891793,-33.59263953108207,87.2397124455856,0.0,100.0,0.15238259687401798,0.12823418304967654,-0.024148413824341436,0.0,100.0,12,2.5282258053576943,1.1996760956900863
Double DQN,303,2,5.670572462145891,12,1,0.7894049274021199,0.8416767730764766,-0.05227184567435672,-6.621677146908615,95.97100571183881,85.37496076558847,-10.596044946250345,92.16364137630266,0.0,100.0,0.17766667449872528,0.1469401785039327,-0.030726495994792574,0.0,100.0,12,2.6842019423425234,1.2565279223292054
Double DQN,303,3,5.234803523957016,12,1,0.8701827217764665,0.8099924296860415,0.060190292090425035,6.916971641030443,86.4834796176776,93.56179812243731,7.078318504759707,81.67257832037141,0.0,100.0,0.13407125999978814,0.20520256638852713,0.07113130638873899,0.0,100.0,12,2.576045222107855,1.1541310215454323
Double DQN,303,4,5.488772604576014,12,1,0.8490554757229386,0.8341316438654802,0.01492383185745838,1.7576980873659993,87.89316335827144,86.66666499650583,-1.2264983617656071,84.96903920594555,0.0,100.0,0.16990508808339377,0.1340841593922448,-0.03582092869114897,0.0,100.0,12,2.6334750156941817,1.295551587328235
Double DQN,303,5,5.599343290389156,12,1,0.9499513178850574,0.8165499581646903,0.13340135972036704,14.042968014126004,90.47137599000645,90.78287723167465,0.31150124166819637,86.70519115983598,0.0,100.0,0.10591124652662902,0.1665428488442003,0.06063160231757127,0.0,100.0,12,2.5890549644926275,1.1967470966971114
Double DQN,303,6,5.261276839417021,12,1,0.9070283275649546,0.8599660846204229,0.04706224294453165,5.188618868263672,92.93971889470386,94.56164191430618,1.6219230196023204,83.01558638613174,0.0,100.0,0.10171309857193525,0.16239176757765308,0.060678669005717834,0.0,91.66666666666666,12,2.565517914325364,1.188819407894653
Double DQN,303,7,5.59703246262038,12,1,0.8366351328266486,0.8935145793008934,-0.05687944647424481,-6.798596454116429,86.68551242050772,59.52154475767409,-27.163967662833628,86.44955906036171,0.0,100.0,0.1626545256203318,0.11884233317135595,-0.043812192448975856,0.0,91.66666666666666,12,2.6083417470380468,1.2464096045245134
Double DQN,303,8,5.414584715081335,12,1,0.8925206945164685,0.7968280831080323,0.09569261140843621,10.721612618772786,91.80649270888547,93.87280273130172,2.0663100224162463,84.96174311932609,0.0,100.0,0.133269754719148,0.16432601171878755,0.031056256999639542,0.0,100.0,12,2.66238424675526,1.181880712833526
Double DQN,303,9,4.830565562077023,12,1,0.9309014485596909,0.9138579493603425,0.017043499199348444,1.8308596710982117,93.21372239672311,62.38806762593987,-30.825654770783245,77.44229389519033,0.0,100.0,0.12360691367429921,0.142497358279133,0.0188904446048338,0.0,91.66666666666666,12,2.497515648609274,1.2992324187397217
Double DQN,303,10,4.184630594916762,12,1,0.7747863342142546,0.9326175903416075,-0.15783125612735294,-20.370939594258157,84.1037978062434,13.03767083570361,-71.0661269705398,65.09654131556353,0.0,100.0,0.18507622240276056,0.10093704202140864,-0.08413918038135192,0.0,66.66666666666666,12,2.5697012719944405,1.2891328706719365
Double DQN,303,11,5.100945917252729,12,1,0.8644744169638556,0.8219348457375639,0.042539571226291706,4.920859471549905,88.76660778976348,40.39416716855059,-48.372440621212895,75.52256286734031,0.0,100.0,0.108395504834563,0.16179526960667096,0.05339976477210795,0.0,75.0,12,2.4731417906854083,1.1846609617245791
Double DQN,303,12,4.348807134602642,12,1,0.9118969680681959,0.7968628174279677,0.11503415064022815,12.614818852169421,83.69790836014408,63.19317545999441,-20.504732900149676,66.66208556580062,0.0,100.0,0.11770965760281642,0.18201125566458498,0.06430159806176856,0.0,75.0,12,2.5795295666063205,1.205460753991112
Double DQN,303,13,5.3616066157598326,12,1,0.7825511738983292,0.9182616129577055,-0.1357104390593763,-17.34205296547266,73.60192126441103,80.5885334224465,6.98661215803547,84.6724356448505,0.0,100.0,0.18031115315220864,0.12391194759810621,-0.056399205554102425,0.0,100.0,12,2.610852325687408,1.2386986346627076
Double DQN,303,14,5.577266672032846,12,1,0.836137466575904,0.8314495402708942,0.004687926305009804,0.560664542901958,86.25753741746071,79.64115207752288,-6.616385339937835,90.28288572017225,0.0,100.0,0.15875030756317055,0.14306662370259898,-0.015683683860571562,0.0,100.0,12,2.56259501706351,1.222195927303741
Double DQN,303,15,5.661103444008936,12,1,0.8944779409790404,0.7969020568023547,0.09757588417668572,10.908696537545149,98.3763036522766,95.35911468376938,-3.0171889685072273,87.33718362826357,0.0,100.0,0.1177213093237228,0.17151244634821383,0.05379113702449104,0.0,100.0,12,2.594857669531442,1.1696553588583176
Double DQN,303,16,5.529015133430779,12,1,0.8574082393239412,0.8194776954986608,0.03793054382528038,4.423860430264617,71.28430018767475,71.85014611509946,0.5658459274247178,87.40077826009771,0.0,100.0,0.15899831609824497,0.16214866778365547,0.003150351685410502,0.0,100.0,12,2.7553017996477784,1.1745084740879665
Double DQN,303,17,5.260095258971157,12,1,0.8836004638142054,0.8291591327241873,0.05444133109001814,6.161306305229092,90.98986243978986,100.0,9.01013756021014,83.25002810928522,0.0,100.0,0.1355976816203249,0.16975866706224624,0.03416098544192134,0.0,100.0,12,2.528251026236735,1.2618840724317302
Double DQN,303,18,5.187641728148231,12,1,0.8531741215983859,0.8800680469412269,-0.026893925342840963,-3.1522200055079406,89.64940326539848,80.29614112023128,-9.353262145167193,81.12559113348287,0.0,100.0,0.16180532493947342,0.14069199504119623,-0.02111332989827719,0.0,100.0,12,2.6489009975570172,1.2157467546487553
Double DQN,303,19,5.441409410000568,12,1,0.8145598155622593,0.8265940745233775,-0.012034258961118205,-1.477394137447281,73.08681466852133,93.67928373020844,20.59246906168711,85.74603870746786,0.0,100.0,0.1629633285811971,0.16925681383091906,0.006293485249721953,0.0,100.0,12,2.545944061967572,1.1892170727932205
Double DQN,303,20,5.5086130657938925,12,1,0.8861117661902395,0.8689967304827115,0.017115035707527926,1.9314759560312051,75.40837054987057,86.26146586550594,10.853095315635372,86.69675254511672,0.0,100.0,0.1162644682651304,0.12735525664431754,0.011090788379187144,0.0,100.0,12,2.5916482403297794,1.160915955293282
Double DQN,303,21,5.296060854306222,12,1,0.8125664679134358,0.8566211817297592,-0.04405471381632342,-5.421675094401834,71.05161694320385,77.43140099502732,6.379784051823464,83.04502019838269,0.0,100.0,0.16525720947449118,0.12003812170950308,-0.045219087764988106,0.0,100.0,12,2.6525197053703953,1.2543329409155897
Double DQN,303,22,4.916881973501284,12,1,0.7980384196650073,0.8507032693776893,-0.05266484971268193,-6.599287504828283,80.26583892176545,68.22991356651248,-12.03592535525297,79.74187173972469,0.0,100.0,0.1727237527685513,0.15067118155611267,-0.022052571212438615,0.0,100.0,12,2.587518316510405,1.3086177797174465
Double DQN,303,23,5.154904821922342,12,1,0.8587488264080825,0.8600741260709655,-0.0013252996628829727,-0.1543291381749362,100.0,87.23721506021752,-12.762784939782478,82.74265281201518,0.0,100.0,0.11508000856076611,0.15506389644945764,0.03998388788869153,0.0,100.0,12,2.5180438116678765,1.185510495969331
Double DQN,303,24,4.668009830571733,12,1,0.7738496815027593,0.879347872832797,-0.10549819133003768,-13.632904923494692,80.30740684573499,80.18941579415252,-0.11799105158246448,73.4596444846514,0.0,100.0,0.22151565612762641,0.1550166009172732,-0.06649905521035321,0.0,91.66666666666666,12,2.7208222772562984,1.3462409200199483
Double DQN,303,25,5.4693441448967555,12,1,0.8679398766080875,0.9105948375051168,-0.04265496089702936,-4.914506413016201,73.17832616475764,92.47307883263835,19.294752667880715,84.75915624845443,0.0,100.0,0.12842786929160138,0.12211515255020805,-0.006312716741393332,0.0,100.0,12,2.5508160029100178,1.1255726682785183
Double DQN,303,26,5.138132183772338,12,1,0.8573340845195322,0.8017681223771888,0.05556596214234344,6.481249625516027,84.93066741886372,47.388241472360164,-37.542425946503556,79.12338120629057,0.0,100.0,0.16129489066542974,0.17625386567899462,0.014958975013564885,0.0,91.66666666666666,12,2.526288185151008,1.2631415083056445
Double DQN,303,27,4.611912200619064,12,1,0.8183181395019735,0.812751087252251,0.005567052249722537,0.6803041483487867,68.22129643114134,79.74589760853252,11.524601177391176,70.83161256098013,0.0,100.0,0.18780364781873574,0.14813394765088475,-0.039669700167850985,0.0,75.0,12,2.7227836980790414,1.3794020453840794
Double DQN,303,28,5.617092405725938,12,1,0.8085680762992904,0.8100431511073409,-0.001475074808050536,-0.18243050292088692,88.40757384959682,62.08412617244156,-26.323447677155258,89.82105651020693,0.0,100.0,0.16069252405763543,0.1640018911294151,0.003309367071779673,0.0,100.0,12,2.681237923492301,1.153999372370717
Double DQN,303,29,4.773966593868955,12,1,0.8380778928972263,0.8544821377371943,-0.01640424483996794,-1.9573651779858603,100.0,49.37087819818121,-50.62912180181879,76.3575609416194,0.0,100.0,0.13623720349328902,0.16487998605203122,0.028642782558742197,0.0,75.0,12,2.4694743921840265,1.244223030177216
Double DQN,303,30,5.275976671700513,12,1,0.8232105423833135,0.8519795513109951,-0.02876900892768164,-3.4947328109272267,94.34049608749974,64.64773774151391,-29.692758345985837,85.63102960145561,0.0,100.0,0.1660446268618024,0.16555330527835585,-0.0004913215834465579,0.0,100.0,12,2.589343277723262,1.212950089779501
Double DQN,303,31,3.8773991033753554,12,1,0.8172036577170871,0.87279285218992,-0.05558919447283284,-6.802367310509226,94.47838961103746,9.077989829734143,-85.40039978130332,61.265233253154896,0.0,100.0,0.19995097582551746,0.13505981577778567,-0.0648911600477318,0.0,50.0,12,2.6716015867774074,1.3378122394590815
Double DQN,303,32,4.615866311025785,12,1,0.7916154214828653,0.9096274569793458,-0.11801203549648043,-14.907748420996978,80.34710981224083,84.48228541406216,4.135175601821331,71.20188964766116,0.0,100.0,0.2045827976433782,0.15425434454305084,-0.05032845310032735,0.0,66.66666666666666,12,2.6977228467681944,1.236434681953877
Double DQN,303,33,5.537298033845686,12,1,0.8449065316075876,0.7611559433432488,0.08375058826433879,9.912408666670872,100.0,96.26680491751186,-3.7331950824881375,87.46458568178208,0.0,100.0,0.1622669173482444,0.22639143068011036,0.06412451333186597,0.0,100.0,12,2.5297776178272255,1.2901086910038853
Double DQN,303,34,5.625788524287576,12,1,0.8684738388116926,0.8068286764589525,0.06164516235274009,7.098102395011388,76.65272811433557,86.51803665731221,9.865308542976635,88.64091492904032,0.0,100.0,0.14889434438409732,0.16998381966987022,0.021089475285772902,0.0,100.0,12,2.6422630790791395,1.1467763455748687
Double DQN,303,35,5.183382160116386,12,1,0.8799474339679815,0.8237947347705845,0.05615269919739696,6.381369730710548,79.40589037652279,55.76738751615049,-23.6385028603723,81.85819278965151,0.0,100.0,0.13894132950133592,0.16943155562588152,0.030490226124545605,0.0,91.66666666666666,12,2.5066491095452608,1.3191035235662103
Double DQN,303,36,5.298826049374609,12,1,0.8041577703918741,0.8989886051248872,-0.09483083473301313,-11.79256586512882,100.0,96.83870518112518,-3.161294818874822,87.31443866108883,0.0,100.0,0.1719547449981877,0.08419832062128302,-0.08775642437690467,0.0,100.0,12,2.774396385733837,1.2061080001848137
Double DQN,303,37,5.082836479309031,12,1,0.8060775673714566,0.9237449861185929,-0.11766741874713627,-14.597530499557093,80.44594111916152,57.42776874624968,-23.018172372911835,80.19714157910464,0.0,100.0,0.1699628688671872,0.14483894024507174,-0.02512392862211546,0.0,75.0,12,2.5886901740475796,1.2784126767210526
Double DQN,303,38,5.088930807767899,12,1,0.8414790732927757,0.9146097890956921,-0.07313071580291641,-8.690734936134538,83.78119686603246,95.30916147696246,11.527964610929999,78.85031137813529,0.0,100.0,0.1585836809358233,0.12122779194608377,-0.037355888989739544,0.0,91.66666666666666,12,2.7876830430180632,1.0981363091399177
Double DQN,303,39,5.484712858859849,12,1,0.7978044380674473,0.7711169112870355,0.026687526780411752,3.3451213739870873,98.56993042330566,88.32472154861652,-10.24520887468914,83.68369664118045,0.0,100.0,0.16539676079197851,0.20168973220196093,0.036292971409982416,0.0,91.66666666666666,12,2.615187380435808,1.2493699771971267
Double DQN,303,40,5.394056406942657,12,1,0.847020103012245,0.9105444387313584,-0.06352433571911342,-7.4997435708081515,100.0,93.30674456924056,-6.693255430759436,87.6410645699749,0.0,100.0,0.15506931381123704,0.11362021673512793,-0.04144909707610911,0.0,100.0,12,2.64464820565033,1.2060529210550404
Double DQN,303,41,5.423898047404315,12,1,0.8750323422348825,0.844033204153915,0.030999138080967437,3.5426276932568994,100.0,67.6599884585943,-32.3400115414057,78.45297956394118,0.0,100.0,0.11383162418602139,0.14395530255090047,0.030123678364879086,0.0,91.66666666666666,12,2.482624076337001,1.1922609347450042
Double DQN,303,42,5.169352147036352,12,1,0.8574374820141866,0.8045052551132281,0.052932226900958446,6.1733045278842456,84.82079316806268,72.97089538509935,-11.849897782963325,80.63257865612844,0.0,100.0,0.13104103634528907,0.14309731939971415,0.012056283054425077,0.0,100.0,12,2.635997921593754,1.1535671230331903
Double DQN,303,43,5.088559835156834,12,1,0.8300855634922868,0.8190983054493646,0.010987258042922221,1.3236295782205005,97.48192970744505,63.56060221685409,-33.921327490590954,80.32752715468803,0.0,100.0,0.16869339320499963,0.16852024998313517,-0.00017314322186445796,0.0,100.0,12,2.5944915766013494,1.3078279303811733
Double DQN,303,44,4.403932354841983,12,1,0.8873488315819908,0.8611917033227939,0.026157128259196916,2.9477841552530406,81.34104631757505,44.057970286011326,-37.28307603156372,66.09750787485103,0.0,100.0,0.12416190683263822,0.100585846610841,-0.02357606022179723,0.0,66.66666666666666,12,2.672090490691572,1.0524306894805253
Double DQN,303,45,5.080889160182855,12,1,0.8504075158564992,0.8637181181687044,-0.013310602312205155,-1.56520280736221,86.86259771650559,79.7678122337645,-7.094785482741088,76.32867591478164,0.0,100.0,0.12346714143014924,0.14603909943024476,0.022571958000095524,0.0,91.66666666666666,12,2.4308243187622707,1.2291435719148034
Double DQN,303,46,5.548437026068504,12,1,0.780497881679584,0.8546584824389493,-0.07416060075936526,-9.501704296720979,84.84984556594443,73.97029560962011,-10.879549956324325,86.1080318844394,0.0,100.0,0.16699544667740035,0.14793009674971327,-0.019065349927687075,0.0,100.0,12,2.566055812210402,1.2319951393212094
Double DQN,303,47,5.390753384227992,12,1,0.8996880517240683,0.8696150652031852,0.030072986520883083,3.3426015231895487,62.73093388421771,81.24520974342732,18.51427585920961,79.85049026324401,0.0,100.0,0.11556392247075781,0.17234522698377577,0.056781304513017966,0.0,91.66666666666666,12,2.428005228184715,1.2071559116392618
Double DQN,303,48,5.482625211098,12,1,0.8042221855492702,0.7979369026880002,0.006285282861269947,0.7815356221461617,51.94368564746006,90.75444938953315,38.81076374207309,83.8005103520416,0.0,100.0,0.17893090696068914,0.18772824806219096,0.008797341101501821,0.0,91.66666666666666,12,2.652262847106183,1.3055811151834495
Double DQN,303,49,5.524667147243857,12,1,0.8096061014226551,0.8841097081313801,-0.07450360670872502,-9.202451238670989,76.46424985742176,97.40980310493855,20.945553247516784,86.37412944533729,0.0,100.0,0.15416858814678036,0.14464345396690248,-0.009525134179877881,0.0,100.0,12,2.637034822349039,1.2588077932379607
Double DQN,303,50,4.744817641493522,12,1,0.833227642295513,0.8108511761346258,0.022376466160887287,2.68551654134288,78.05980014771046,87.93119618398276,9.871396036272301,75.14224169763031,0.0,100.0,0.17341358466303583,0.16669195506876655,-0.006721629594269279,0.0,75.0,12,2.6501659711293497,1.2590435142008018
Double DQN,303,51,5.223288302137203,12,1,0.8070955659759311,0.8262973345673696,-0.019201768591438517,-2.3791195740519213,43.54736948228387,93.98473360450026,50.437364122216394,78.83096037053161,0.0,100.0,0.17923688530645263,0.16020261958732285,-0.019034265719129778,0.0,75.0,12,2.5797931800301668,1.2516059241823492
Double DQN,303,52,5.403265883015805,12,1,0.8244509684119865,0.8584648546415796,-0.034013886229593115,-4.125640885001185,100.0,82.26004396410444,-17.73995603589556,83.48622491441489,0.0,100.0,0.14758464800855886,0.11111671482615787,-0.03646793318240099,0.0,91.66666666666666,12,2.613848155515323,1.1336824736332058
Double DQN,303,53,5.161736044610643,12,1,0.8436397853401942,0.8637788157137665,-0.02013903037357223,-2.3871598665123708,88.94000493212314,72.4499505128972,-16.49005441922594,83.69857202523264,0.0,100.0,0.16431778451384915,0.14398026173927175,-0.0203375227745774,0.0,100.0,12,2.6711286274705945,1.1884251109498647
Double DQN,303,54,5.235114506034624,12,1,0.8594525640625099,0.8445667957486205,0.014885768313889436,1.7320058065248567,83.86433028944444,89.9659708921476,6.1016406027031564,83.48548574430647,0.0,100.0,0.1508802066288517,0.11655259006283902,-0.034327616566012686,0.0,100.0,12,2.727212000609221,1.180423382591622
Double DQN,303,55,5.511125746659535,12,1,0.8282681821039217,0.8346502401252393,-0.006382058021317527,-0.7705303860769069,70.90815836087077,75.95023876282796,5.042080401957193,85.75159711376813,0.0,100.0,0.18952249885395264,0.14610611415203412,-0.043416384701918526,0.0,100.0,12,2.668711920485036,1.282755865058621
Double DQN,303,56,5.395067045372829,12,1,0.892534803115209,0.841349078766428,0.0511857243487811,5.734871533314764,87.39789352713565,100.0,12.60210647286435,84.06780525048958,0.0,100.0,0.15017757137742827,0.17834683581700306,0.028169264439574793,0.0,91.66666666666666,12,2.52741941281759,1.3086146344231269
Double DQN,303,57,5.615907861341115,12,1,0.7928440667925633,0.8752376449401007,-0.08239357814753745,-10.392154220294444,90.21944267614359,69.86433266613727,-20.355110010006314,87.51649676435245,0.0,100.0,0.15508114475652762,0.1110972019811377,-0.04398394277538992,0.0,100.0,12,2.6008472053021876,1.189974543004553
Double DQN,303,58,4.931563871053654,12,1,0.859123677026879,0.8682569520572979,-0.009133275030418941,-1.0630919941615338,97.93704643911161,74.38697991704018,-23.550066522071432,78.36785297283417,0.0,100.0,0.1509759654797901,0.13399915089469508,-0.016976814585095007,0.0,83.33333333333334,12,2.5247352865103503,1.3095472002366346
Double DQN,303,59,4.7656210938258825,12,1,0.8110118090793812,0.8402958817587303,-0.02928407267934907,-3.6108071857290023,74.30061186085578,97.71937879964972,23.418766938793937,72.71737330054366,0.0,100.0,0.18111004652196605,0.17225739286196318,-0.008852653660002874,0.0,91.66666666666666,12,2.588942929988284,1.224508687076358
Double DQN,303,60,5.710141426538292,12,1,0.8035148762016716,0.8682611771557085,-0.06474630095403688,-8.057884536015287,89.90526872527015,95.17586795321503,5.270599227944885,88.69371465630864,0.0,100.0,0.19210578608939163,0.13430990813695237,-0.05779587795243926,0.0,100.0,12,2.6543548760367464,1.3618967025315325
Double DQN,303,61,5.372821693172733,12,1,0.8843178914420002,0.8833765261141451,0.0009413653278551593,0.10645101009096802,75.05635155525242,46.814001059623514,-28.242350495628905,81.00954357114566,0.0,100.0,0.16056222095726036,0.12203545387492534,-0.03852676708233502,0.0,91.66666666666666,12,2.501149151374014,1.324987704323114
Double DQN,303,62,5.222810187739614,12,1,0.8185398437282305,0.863279241970307,-0.04473939824207651,-5.465756931061596,100.0,73.25289211156459,-26.74710788843541,83.92808753222137,0.0,100.0,0.14807304991022768,0.1141773958598111,-0.033895654050416585,0.0,100.0,12,2.5541577495846384,1.2025247774411498
Double DQN,303,63,5.094731874688831,12,1,0.8610603970739955,0.8223720848153002,0.03868831225869529,4.493100877727466,71.90875817020037,84.2170629187772,12.30830474857683,78.21015576480434,0.0,100.0,0.13761880846817273,0.1701868468322629,0.03256803836409017,0.0,91.66666666666666,12,2.5044833766144223,1.233037694808652
Double DQN,303,64,5.298626070016522,12,1,0.883811449313739,0.8251824211117086,0.05862902820203042,6.6336579196337215,92.36871652865662,63.91222745039593,-28.456489078260688,83.90586403465772,0.0,100.0,0.11660871193051027,0.1776597433216643,0.06105103139115402,0.0,100.0,12,2.514903877698582,1.235515900026717
Double DQN,303,65,5.231186158265572,12,1,0.8442868009934983,0.8840761220537521,-0.03978932106025379,-4.7127730782279755,100.0,70.31350114502926,-29.686498854970736,79.53697240698149,0.0,100.0,0.14096536246492275,0.1421102827753318,0.0011449203104090533,0.0,91.66666666666666,12,2.55990630454971,1.203253895432119
Double DQN,303,66,5.007150490860805,12,1,0.8701677110928594,0.8216559497714995,0.048511761321359925,5.574989821264814,92.80897019724492,84.71544172210393,-8.093528475140985,80.89451848659291,0.0,100.0,0.15612413583543064,0.16289135759517231,0.006767221759741676,0.0,91.66666666666666,12,2.511309441924356,1.3446086929368166
Double DQN,303,67,5.189549783382509,12,1,0.8220645644539004,0.847322227316317,-0.025257662862416597,-3.0724670487646337,83.46434222426205,96.30084847872332,12.83650625446127,82.84202369210577,0.0,100.0,0.17891790825371506,0.1527068439776014,-0.026211064276113666,0.0,100.0,12,2.5607757810335032,1.3418295825736326
Double DQN,303,68,5.100250197852189,12,1,0.870662989694058,0.8663217925543076,0.004341197139750341,0.49860820904719905,99.80493452237373,82.14565152190096,-17.65928300047277,80.85712859707749,0.0,100.0,0.16887108912778218,0.13392446871291855,-0.03494662041486363,0.0,100.0,12,2.587400814837958,1.3026272386899114
Double DQN,303,69,5.028215780584225,12,1,0.852097060797346,0.8577367221043651,-0.005639661307019095,-0.6618566788320812,88.70319432718587,75.80250817664637,-12.9006861505395,79.6852882542022,0.0,100.0,0.15113936824079696,0.1329641884025924,-0.018175179838204575,0.0,91.66666666666666,12,2.5095005320430293,1.255715892857187
Double DQN,303,70,5.469839495460628,12,1,0.8789250476161868,0.8094987361758763,0.06942631144031053,7.899002494991807,88.8043709884212,83.59545458764597,-5.208916400775223,84.51818336514833,0.0,100.0,0.14593586082371537,0.20090668450626176,0.05497082368254638,0.0,91.66666666666666,12,2.544957097073438,1.2102126160695494
Double DQN,303,71,4.915543401379547,12,1,0.8371225242995843,0.9206585560386362,-0.08353603173905189,-9.978949235531084,84.19395070963466,69.94999614125537,-14.243954568379294,77.78145052641013,0.0,100.0,0.17784810298558554,0.10528824612453379,-0.07255985686105175,0.0,83.33333333333334,12,2.5684801507291195,1.3448764606169448
Double DQN,303,72,5.6795314482716535,12,1,0.8252062752136664,0.9197231108605297,-0.0945168356468633,-11.45372235837525,93.41205582837863,93.95737829685653,0.5453224684779059,88.88149948180069,0.0,100.0,0.1661540923833042,0.12937839230075585,-0.03677570008254835,0.0,100.0,12,2.5924326535682236,1.2691890664950503
Double DQN,303,73,5.342929499192795,12,1,0.8419277604800346,0.8329722224933036,0.008955537986730988,1.0636943461307047,99.770935274451,100.0,0.22906472554899437,85.66295252316188,0.0,100.0,0.1484167696079695,0.14434653577628698,-0.004070233831682535,0.0,100.0,12,2.585596774034142,1.2948592836942812
Double DQN,303,74,4.551436432814478,12,1,0.8587005443078537,0.8420030735485667,0.01669747075928696,1.944504503924098,38.600298534314234,66.25240495063255,27.65210641631832,68.03331588136176,0.0,100.0,0.13143883276084914,0.15110907884422048,0.01967024608337134,0.0,66.66666666666666,12,2.60308106697098,1.1484205120677877
Double DQN,303,75,5.555797881126396,12,1,0.859360146460489,0.8535190852604713,0.005841061200017705,0.6796988694525482,83.46933227781513,91.98431496670598,8.514982688890854,88.34298180680075,0.0,100.0,0.15764995142502222,0.13866407331973066,-0.018985878105291565,0.0,100.0,12,2.571344980891079,1.2717766684212262
Double DQN,303,76,5.52175857308887,12,1,0.8268855341625629,0.8448576387554942,-0.017972104592931304,-2.173469464686275,86.85684370219451,81.2174811906294,-5.6393625115651105,84.26965130656669,0.0,100.0,0.1453200083186491,0.14303149506783053,-0.00228851325081858,0.0,100.0,12,2.5109315975823785,1.1609558353648342
Double DQN,303,77,5.605206766618252,12,1,0.8374356890249469,0.8060273238537115,0.031408365171235464,3.7505405588583436,89.013933790146,86.27258560278524,-2.7413481873607566,86.0018364215798,0.0,100.0,0.15829659319330144,0.17617610100036743,0.017879507807065986,0.0,100.0,12,2.6360069590792015,1.2613833424982583
Double DQN,303,78,5.186528917501736,12,1,0.8791304121738637,0.8614622709334462,0.01766814124041749,2.0097292728991953,90.54734489316988,52.4136891770394,-38.13365571613048,81.0997683774274,0.0,100.0,0.1334013538156117,0.11990601036589865,-0.013495343449713038,0.0,83.33333333333334,12,2.5820699013233424,1.196341263010386
Double DQN,303,79,5.391433739543402,12,1,0.9035638966581363,0.843241267969735,0.060322628688401325,6.676077797210218,82.04174164876943,83.42798517281769,1.386243524048254,81.3922517430429,0.0,100.0,0.13161862518089137,0.185674860653227,0.05405623547233562,0.0,83.33333333333334,12,2.476524264736384,1.198779627120741
Double DQN,303,80,5.3397761891030004,12,1,0.8757991788616633,0.8182163521803514,0.05758282668131187,6.5748893206495405,73.77667091285481,86.38084618245085,12.604175269596041,81.29131963335679,0.0,100.0,0.13740892593533768,0.13846445840867258,0.001055532473334897,0.0,100.0,12,2.5548028009307107,1.2683936074834365
Double DQN,303,81,5.2013721159445785,12,1,0.865379536624577,0.889672177157955,-0.024292640533377985,-2.807166047412181,82.88551203464763,87.82048350436136,4.93497146971373,80.24817475359606,0.0,100.0,0.11060404809851641,0.13294368522795033,0.022339637129433917,0.0,91.66666666666666,12,2.6090848582277766,1.0953354122101229
Double DQN,303,82,5.186830567664974,12,1,0.8331321485761485,0.8019426822438799,0.0311894663322686,3.743639755778537,83.39647119490984,71.73203773138924,-11.664433463520595,79.8530824217121,0.0,100.0,0.13780285390865588,0.19323869240441688,0.055435838495761,0.0,100.0,12,2.4615034910595583,1.2606831075192129
Double DQN,303,83,5.411487127370613,12,1,0.8334581616760657,0.8708376373327393,-0.037379475656673655,-4.484865272841574,98.27850067780037,68.45095430403607,-29.827546373764292,83.60366345690859,0.0,100.0,0.1439997997816105,0.14505099950942318,0.001051199727812674,0.0,100.0,12,2.634949765422084,1.2108532074177187
Double DQN,303,84,5.659095936792864,12,1,0.8302213796359277,0.8570176605379262,-0.02679628090199848,-3.2276067033770324,95.93866308630194,83.10872753021003,-12.829935556091911,88.83103871244542,0.0,100.0,0.1777211064244526,0.15801616975865662,-0.01970493666579598,0.0,100.0,12,2.630653114741637,1.3204251527364228
Double DQN,303,85,4.896540149272138,12,1,0.8663253680385136,0.9059898189791603,-0.039664450940646745,-4.578470445861792,92.53804447377445,66.46450498745504,-26.073539486319405,76.78329676863241,0.0,100.0,0.14864096454263212,0.1161801100070358,-0.032460854535596315,0.0,91.66666666666666,12,2.553961449165125,1.2603478426794992
Double DQN,303,86,5.0272741579432205,12,1,0.8539960479381709,0.8463536688753983,0.007642379062772542,0.8948963032350997,57.91973362408961,62.57289690758097,4.653163283491359,79.03398277403868,0.0,100.0,0.1285344469852664,0.12703269945214885,-0.0015017475331175478,0.0,91.66666666666666,12,2.50096230635677,1.1549529141949608
Double DQN,303,87,5.522327396748214,12,1,0.8190246864269504,0.8583234748435089,-0.03929878841655854,-4.798242234675748,93.12499085420001,100.0,6.875009145799993,89.12340447969363,0.0,100.0,0.17687255301231988,0.11963467452272934,-0.05723787848959054,0.0,100.0,12,2.590068211162933,1.2570590693578314
Double DQN,303,88,5.3092379671626615,12,1,0.8226686400862635,0.8592099961491696,-0.036541356062906094,-4.441807342877983,94.18751416825684,63.54188478817444,-30.645629380082397,82.39374890450357,0.0,100.0,0.15535964624225695,0.1654526617559595,0.010093015513702536,0.0,100.0,12,2.640880853328366,1.207436186653502
Double DQN,303,89,5.434383214956169,12,1,0.8437303301966821,0.8574311674222492,-0.013700837225567142,-1.6238407859977415,81.3486099305189,94.14846863033934,12.799858699820433,82.60074782018529,0.0,100.0,0.12453174665528365,0.17867956856212625,0.0541478219068426,0.0,100.0,12,2.4364084285301533,1.1919062052049676
Double DQN,303,90,4.962952019084943,12,1,0.8542450333779458,0.9017885181209971,-0.04754348474305137,-5.5655558868220645,78.71682533244788,55.54657220581173,-23.170253126636155,79.36650433465546,0.0,100.0,0.12510396581354702,0.1274598663517087,0.002355900538161676,0.0,91.66666666666666,12,2.591960052875327,1.1245199769210086
Double DQN,303,91,4.9419216629080065,12,1,0.873915514712414,0.8699206046495489,0.00399491006286512,0.4571277195118518,86.79231422916459,61.64653955235341,-25.14577467681118,74.8755970604885,0.0,100.0,0.16137965254476547,0.11792251129031801,-0.043457141254447454,0.0,91.66666666666666,12,2.5222847700778472,1.3287741784233231
Double DQN,303,92,4.9721301411304335,12,1,0.8490913942946916,0.8115763207028346,0.03751507359185702,4.418260960355084,80.98996342010159,56.77253905589325,-24.21742436420834,75.19329553324783,0.0,100.0,0.1383703148361405,0.17046831577444252,0.03209800093830201,0.0,83.33333333333334,12,2.6574655311857542,1.227174834566487
Double DQN,303,93,5.573370426554586,12,1,0.8614158636856899,0.8610172249009382,0.00039863878475165926,0.046277158519698804,94.91090182498237,82.19917248824848,-12.711729336733896,83.11936727976163,0.0,100.0,0.15056465567133817,0.14515819365111096,-0.0054064620202272096,0.0,100.0,12,2.5654086936138487,1.2948915372928604
Double DQN,303,94,5.330707460527996,12,1,0.8229840610392303,0.8275041642833154,-0.0045201032440851385,-0.549233388357162,85.12246855745889,59.46988302760481,-25.65258552985408,87.03367185840172,0.0,100.0,0.17201301107106404,0.14174427018436997,-0.030268740886694068,0.0,91.66666666666666,12,2.7223932879443145,1.284268340280537
Double DQN,303,95,4.7684968544342645,12,1,0.8802409578451718,0.8026104962114304,0.07763046163374132,8.819228523946505,98.21728769297376,74.81093872133536,-23.406348971638394,76.2093189745669,0.0,100.0,0.13644460575443834,0.18615616431497042,0.04971155856053208,0.0,75.0,12,2.6049020364526423,1.1170609103732394
Double DQN,303,96,5.263708829143806,12,1,0.7913191590681159,0.8504558754298367,-0.0591367163617208,-7.473181419158635,88.8377401899892,78.78587722250211,-10.051862967487097,83.59748981307648,0.0,100.0,0.16860639051321794,0.1715136997747309,0.0029073092615129748,0.0,100.0,12,2.640688843477992,1.3067353008330727
Double DQN,303,97,4.710625261599058,12,1,0.9069228195851144,0.8646765399524426,0.0422462796326718,4.6582000938071,74.45898239979049,85.47782238053281,11.018839980742328,70.9300164897585,0.0,100.0,0.06357566504570236,0.1489838105064445,0.08540814546074213,0.0,66.66666666666666,12,2.4338608790002634,1.1986901503622767
Double DQN,303,98,3.808860371471893,12,0,0.87196251059887,0.8547171193325168,0.01724539126635316,1.977767513709839,81.08453901126725,2.3668199117862168,-78.71771909948103,55.95333599999136,0.0,100.0,0.11212725857976144,0.10357898300207138,-0.008548275577690057,0.0,58.333333333333336,12,2.399500940029159,1.1943225008957077
Double DQN,303,99,5.115089126059083,12,1,0.9146799699889183,0.863325620547567,0.05135434944135131,5.614460918169389,81.62463058516109,78.48256617866407,-3.1420644064970134,80.36028840743508,0.0,100.0,0.11695624721608154,0.1712298092384841,0.05427356202240256,0.0,91.66666666666666,12,2.589806805375015,1.1460346886269335
Double DQN,303,100,4.975562597853475,12,1,0.8754905264412427,0.8277186807057129,0.04777184573552984,5.456580544590961,86.78945107959909,67.95279687468275,-18.836654204916343,79.90826310391505,0.0,100.0,0.15224186969683226,0.1579830485160269,0.005741178819194642,0.0,91.66666666666666,12,2.682445561967876,1.179281615933593
Double DQN,303,101,5.3302624421209615,12,1,0.8826330214769484,0.8499277311363318,0.032705290340616644,3.7054233803636136,84.60982467971021,84.42931893463249,-0.1805057450777241,80.16225216194483,0.0,100.0,0.13035957548621713,0.14002344631583596,0.009663870829618837,0.0,91.66666666666666,12,2.607915389307712,1.2027970550934977
Double DQN,303,102,4.8603513256188515,12,1,0.9401879134173802,0.840181036380991,0.10000687703638922,10.636903071098395,84.96235925718916,83.03199195263163,-1.9303673045575351,74.72744962459475,0.0,100.0,0.09937006903045395,0.15214722635649283,0.05277715732603888,0.0,83.33333333333334,12,2.4252379527716994,1.2581638315127504
Double DQN,303,103,5.585554189476466,12,1,0.8744496008039949,0.8052770374019623,0.0691725634020326,7.910411685068332,88.79820456641954,86.85034498148568,-1.947859584933866,86.43436515875955,0.0,100.0,0.17004787711579425,0.17872441067550732,0.008676533559713068,0.0,100.0,12,2.5879522521643668,1.3437285759479352
Double DQN,303,104,5.656057555172972,12,1,0.7898863907371836,0.7967751454072883,-0.006888754670104746,-0.8721196808664627,78.81134959010343,97.8880894852591,19.07673989515567,91.88273819692654,0.0,100.0,0.17714927465206387,0.1643749768066035,-0.012774297845460358,0.0,100.0,12,2.7818260800867596,1.1994786843991596
Double DQN,303,105,5.335836011487261,12,1,0.8368276686978142,0.821165429586836,0.015662239110978193,1.8716206092169694,100.0,91.2631082812604,-8.7368917187396,88.48748805631963,0.0,100.0,0.16992968175793494,0.1736152006001809,0.003685518842245966,0.0,100.0,12,2.6360860524039227,1.299465991123354
Double DQN,303,106,5.268361916154425,12,1,0.7855808041994147,0.8910886228844161,-0.10550781868500148,-13.430549489116462,96.63937586296824,53.66684044101064,-42.972535421957595,82.82690183569532,0.0,100.0,0.1907267893351481,0.15364228490717735,-0.03708450442797076,0.0,83.33333333333334,12,2.620501372165422,1.3546687260231725
Double DQN,303,107,4.317215275272208,12,1,0.8093467351352622,0.8620152182225056,-0.05266848308724337,-6.507530184629847,95.96790233270498,47.53046765571449,-48.43743467699049,66.48534783912415,0.0,100.0,0.1958859028317604,0.1418512828055742,-0.0540346200261862,0.0,75.0,12,2.634111230008918,1.3197077867209714
Double DQN,303,108,5.6058128979243556,12,1,0.8554579689950053,0.8073068313314133,0.048151137663591914,5.628697073236692,84.55998867174048,89.77672833635785,5.216739664617364,89.7914093686196,0.0,100.0,0.16617577435826994,0.17518006049554496,0.009004286137275025,0.0,100.0,12,2.601297483503538,1.2680724459849346
Double DQN,303,109,5.715552011777889,12,1,0.8008799193687361,0.8594817307329181,-0.058601811364181966,-7.317178261926291,98.90371111941995,96.35946467781834,-2.544246441601615,91.16134084615491,0.0,100.0,0.20237252172658765,0.1563748916498883,-0.04599763007669935,0.0,100.0,12,2.7220747820106914,1.3237977275465407
Double DQN,303,110,4.9144401818659516,12,1,0.8481258936805152,0.9198767653594067,-0.07175087167889149,-8.459931740501688,81.13045466827057,88.232720663538,7.10226599526743,79.25672518418604,0.0,100.0,0.15777689533596978,0.10619795994829657,-0.051578935387673205,0.0,91.66666666666666,12,2.5826751354620767,1.2900113061643463
Double DQN,303,111,5.001734073567461,12,1,0.8672574250127392,0.9087478081852047,-0.04149038317246556,-4.784090856513117,85.77870440150416,86.79067608039753,1.0119716788933744,76.56854644042181,0.0,100.0,0.08793087404140074,0.11416136137853927,0.026230487337138536,0.0,91.66666666666666,12,2.4359029041583606,1.1322518045885381
Double DQN,303,112,4.955836672469387,12,1,0.8420681619038092,0.808873493612549,0.033194668291260165,3.9420405369811435,89.7186326119686,100.0,10.281367388031398,75.31223887705826,0.0,100.0,0.15394479668218564,0.19191566020062156,0.03797086351843593,0.0,91.66666666666666,12,2.6528476923652318,1.204661593276604
Double DQN,303,113,5.6124342896909605,12,1,0.9049331638868979,0.7903397144863784,0.11459344940051952,12.66319480527314,87.74518572402769,100.0,12.254814275972308,89.88518280169292,0.0,100.0,0.145999654649903,0.17692143678283948,0.030921782132936476,0.0,100.0,12,2.62815553436394,1.266450833416803
Double DQN,303,114,5.179610437416324,12,1,0.830889346281751,0.8874175176513297,-0.05652817136957866,-6.803333274465912,96.12237847706436,92.36075622499553,-3.7616222520688325,85.10535827327188,0.0,100.0,0.1706868024863958,0.1380709293220247,-0.03261587316437112,0.0,100.0,12,2.799762063096093,1.2138431464858488
Double DQN,303,115,5.487826894990998,12,1,0.7489354838728615,0.8187572770703418,-0.06982179319748039,-9.322804794402458,85.186816647435,70.58801121061008,-14.598805436824918,83.28853667848905,0.0,100.0,0.16846012056171222,0.18724419563423197,0.01878407507251975,0.0,100.0,12,2.562379239306116,1.1765115567932052
Double DQN,303,116,4.784372719600516,12,1,0.8851563732066481,0.8901695407263199,-0.005013167519671846,-0.5663595350401973,89.79113531528424,56.218691100856375,-33.57244421442786,73.58149166671755,0.0,100.0,0.15074113551260515,0.12576152528686232,-0.024979610225742827,0.0,83.33333333333334,12,2.5135070117881995,1.2559418728083076
Double DQN,303,117,5.583607478010238,12,1,0.8335121065816014,0.9016339997628258,-0.06812189318122441,-8.172873872295128,85.06699966534812,83.54310429081427,-1.5238953745338506,85.59396289920006,0.0,100.0,0.1403650206370705,0.13595809018219107,-0.004406930454879415,0.0,100.0,12,2.5662525154723963,1.1625037637478746
Double DQN,303,118,5.0158588351286255,12,1,0.9168446322829682,0.8815648629346994,0.03527976934826882,3.8479550521467556,58.91603020956615,78.99790869971513,20.081878490148974,76.50495610767406,0.0,100.0,0.09082241492499003,0.10894991604168275,0.018127501116692715,0.0,91.66666666666666,12,2.4489966073307197,1.167780519212383
Double DQN,303,119,5.402173995072274,12,1,0.8969552661493863,0.8406286248190306,0.0563266413303557,6.279760368893871,58.65501609030763,100.0,41.34498390969237,87.73677296806345,0.0,100.0,0.12175081051203793,0.13267382191022437,0.010923011398186439,0.0,91.66666666666666,12,2.673298827044554,1.0991567284182855
Double DQN,303,120,5.234998028232193,12,1,0.9041336533387284,0.8269561411473525,0.07717751219137592,8.53607338985554,91.48531410388502,94.99497947266838,3.5096653687833594,78.28625000257959,0.0,100.0,0.14367002248346392,0.17441174956036082,0.030741727076896902,0.0,91.66666666666666,12,2.747896941407344,1.190207421352472
Double DQN,303,121,5.396598853882452,12,1,0.8220942392132077,0.7989561471065577,0.023138092106649966,2.8145303789982123,93.73286699226355,78.06870895016978,-15.664158042093774,84.78835448254947,0.0,100.0,0.1729761535235494,0.17463760148216473,0.0016614479586153363,0.0,100.0,12,2.620235955138178,1.2921621637420047
Double DQN,303,122,5.069564066185551,12,1,0.8727967464984656,0.9013389695518151,-0.028542223053349525,-3.2702027325212657,70.70988455637637,46.20181896039175,-24.50806559598462,74.89791863837436,0.0,100.0,0.1385835093362008,0.1232344956475426,-0.015349013688658208,0.0,83.33333333333334,12,2.7136406786891833,1.1553967666762455
Double DQN,303,123,4.84613705924516,12,1,0.8955141958199914,0.8968108447120043,-0.0012966488920129748,-0.14479378418179942,70.68448876127097,57.32073754281613,-13.363751218454837,74.09122901519744,0.0,100.0,0.10284742347773074,0.12272822603326326,0.019880802555532526,0.0,75.0,12,2.4907021604199833,1.2305861335502162
Double DQN,303,124,5.048379692934278,12,1,0.8577036133454008,0.8847392216617834,-0.02703560831638263,-3.152092155812719,72.6584765905015,95.46328075476144,22.80480416425995,78.64581215881431,0.0,100.0,0.10979949225228694,0.12878398404708555,0.018984491794798608,0.0,91.66666666666666,12,2.4263403447856673,1.103114664989959
Double DQN,303,125,5.480245335747197,12,1,0.8284288801570042,0.8033804749836042,0.025048405173400012,3.0236035673518318,71.21197762518385,96.44511594116123,25.233138315977385,87.33779670849283,0.0,100.0,0.17428962273243853,0.1675381132608315,-0.00675150947160702,0.0,100.0,12,2.634970697337685,1.2362318968913721
Double DQN,303,126,5.618211147000308,12,1,0.8373428033412169,0.8378538307730015,-0.0005110274317845498,-0.061029655924122905,79.06952889315669,88.44188526893083,9.372356375774146,88.62595806969568,0.0,100.0,0.16086676281602305,0.13186952315004852,-0.028997239665974534,0.0,100.0,12,2.6496931976455764,1.1753875011957318
Double DQN,303,127,5.3485347125376075,12,1,0.8749060601371916,0.817143871268651,0.057762188868540676,6.602101814163127,42.387121721445354,100.0,57.612878278554646,81.10544117582744,0.0,100.0,0.1815233631443962,0.20120730456503208,0.01968394142063587,0.0,91.66666666666666,12,2.627496810920996,1.2990616713235512
Double DQN,303,128,5.39434641058339,12,1,0.8782767741917776,0.863773864949518,0.01450290924225961,1.6512914457524754,86.14233791378187,92.1516699097108,6.009331995928932,86.12712557281914,0.0,100.0,0.15529269773178334,0.1448512155278229,-0.010441482203960434,0.0,100.0,12,2.6106191589119514,1.2917479052866396
Double DQN,303,129,4.503826953999406,12,1,0.8290957250413973,0.9021294098734451,-0.07303368483204786,-8.808836256923318,86.03590789683359,58.821064107701545,-27.214843789132047,73.19293066583712,0.0,100.0,0.20075600857502093,0.11889033592741116,-0.08186567264760977,0.0,66.66666666666666,12,2.7304581856612256,1.331762345521521
Double DQN,303,130,5.256577528295094,12,1,0.9128040377810898,0.9188851204351318,-0.006081082654042058,-0.6661980449631221,100.0,97.60135934422397,-2.3986406557760347,82.13712721100156,0.0,100.0,0.10024487589885243,0.11047061984442226,0.010225743945569826,0.0,91.66666666666666,12,2.608186343826898,1.0871986733604395
Double DQN,303,131,5.360671249778779,12,1,0.8477870067776019,0.8954934395780658,-0.04770643280046394,-5.62717196879365,79.11613655998673,67.4007163732723,-11.715420186714425,82.65442970404656,0.0,100.0,0.16835097201570084,0.10286193232988032,-0.06548903968582052,0.0,100.0,12,2.598204805205124,1.2702902413588963
Double DQN,303,132,5.600759438945232,12,1,0.7863703838966019,0.8481882837132207,-0.06181789981661889,-7.861168360677631,100.0,85.49137036570885,-14.508629634291154,88.80574576787477,0.0,100.0,0.1645248823555177,0.17352159021195213,0.008996707856434416,0.0,100.0,12,2.5953050093442642,1.3172820467866713
Double DQN,303,133,5.6024740164270455,12,1,0.8764228248887866,0.8428263715546119,0.033596453334174714,3.833361293213458,100.0,80.83796399516794,-19.16203600483206,90.26703645480991,0.0,100.0,0.16763852552397443,0.163236771820925,-0.0044017537030494325,0.0,100.0,12,2.5746718404133255,1.3118335192924462
Double DQN,303,134,5.158692262828842,12,1,0.7871082045262426,0.8737174725343309,-0.08660926800808821,-11.003476715150999,79.78793810779074,2.709552619978389,-77.07838548781234,78.75525257972699,0.0,100.0,0.18161891721241671,0.14762190832779606,-0.03399700888462065,0.0,91.66666666666666,12,2.572813282799135,1.2557751933420342
Double DQN,303,135,5.065798966247398,12,1,0.8979404867532171,0.7966408119956665,0.10129967475755064,11.28133503856487,100.0,77.3809241722481,-22.6190758277519,81.16911178532558,0.0,100.0,0.12004179551876776,0.17146628349329074,0.05142448797452298,0.0,91.66666666666666,12,2.6816785229461293,1.1026366659142217
Double DQN,303,136,4.9411330943985465,12,1,0.8652248279778261,0.8767924040966083,-0.01156757611878223,-1.3369445425898807,79.35353137714806,64.98605719154094,-14.367474185607122,76.17146581896142,0.0,100.0,0.12280627740810116,0.15156048337894487,0.028754205970843716,0.0,91.66666666666666,12,2.5276174443946733,1.2289357034810244
Double DQN,303,137,5.563255416825216,12,1,0.8480020395501228,0.7747833309240306,0.07321870862609214,8.634260911086454,62.47926261876241,99.52278755354685,37.043524934784436,86.90111482852313,0.0,100.0,0.13711773988660622,0.21815812526619904,0.08104038537959282,0.0,100.0,12,2.550622724679465,1.1377176393297623
Double DQN,303,138,5.663885048297233,12,1,0.8865163666652149,0.9097338936704682,-0.023217527005253258,-2.6189620269042537,90.9262361968792,71.94648806465993,-18.97974813221927,88.76998321775767,0.0,100.0,0.15750506051878554,0.11991640904600537,-0.03758865147278018,0.0,100.0,12,2.6705097887956804,1.295976735565739
Double DQN,303,139,5.3397181165014445,12,1,0.8292002372960401,0.8008892012137109,0.02831103608232921,3.4142580777170757,54.112359592141836,85.51315954244507,31.40079995030323,82.49347850361927,0.0,100.0,0.19152652865359465,0.16214852442819422,-0.029378004225400434,0.0,91.66666666666666,12,2.68295415857779,1.293388877982184
Double DQN,303,140,5.4216891112687655,12,1,0.9312487757194496,0.8041570889009458,0.1270916868185038,13.647447398823939,90.15382578167036,88.24765968388564,-1.9061660977847197,83.42732571336172,0.0,100.0,0.11525442193284685,0.17539709406496712,0.06014267213212027,0.0,91.66666666666666,12,2.5940139856745694,1.157915001184362
Double DQN,303,141,4.476858259692907,12,1,0.8758249893640446,0.8418723742061616,0.03395261515788306,3.876643801010609,54.98891148616772,0.0,-54.98891148616772,69.41528478828873,0.0,100.0,0.10877363529078334,0.11266349067646836,0.003889855385685023,0.0,83.33333333333334,12,2.599625884017266,1.2161509263165724
Double DQN,303,142,5.190545223810007,12,1,0.7707667774163057,0.8887955460695901,-0.11802876865328438,-15.313162439217953,87.63078289933274,100.0,12.369217100667257,79.0173563824778,0.0,100.0,0.17935814473944475,0.128157971296981,-0.05120017344246375,0.0,91.66666666666666,12,2.566858135055638,1.2536184843997698
Double DQN,303,143,5.269565396386385,12,1,0.8975913725667766,0.8995325218018856,-0.0019411492351090187,-0.216262020161586,57.14377285720054,67.41675454972199,10.272981692521448,82.03631446129064,0.0,100.0,0.15101135842795937,0.13207558935091188,-0.0189357690770475,0.0,91.66666666666666,12,2.6766971476472894,1.1622066475253996
Double DQN,303,144,5.274831983775988,12,1,0.7937169249840543,0.8843156411544216,-0.0905987161703673,-11.41448711984911,77.32108985729288,94.16972613607709,16.848636278784213,81.50243218528165,0.0,100.0,0.1637700835173782,0.1032946911382439,-0.06047539237913431,0.0,100.0,12,2.5686647738557418,1.2863725899313068
Double DQN,303,145,5.652508288228467,12,1,0.8851540106978636,0.8856660550460816,-0.0005120443482180548,-0.05784805152883556,78.94313604629819,100.0,21.056863953701807,90.66068976661852,0.0,100.0,0.1563814991488421,0.12474066782308516,-0.03164083132575696,0.0,100.0,12,2.6312531527443404,1.1960905426589334
Double DQN,303,146,5.138335256050011,12,1,0.8286836622276439,0.8214842999339196,0.00719936229372431,0.8687708738424007,97.93375594062744,63.77764556022372,-34.15611038040372,82.99703103700324,0.0,100.0,0.14598697176239162,0.14975249065397048,0.0037655188915788618,0.0,100.0,12,2.553487442648457,1.2200170240517285
Double DQN,303,147,4.58095958691639,12,1,0.8628844978623634,0.890576725498953,-0.027692227636589517,-3.2092623873985318,100.0,81.9493129869407,-18.050687013059303,67.83281064962834,0.0,100.0,0.14042918411545388,0.11862623074668585,-0.02180295336876803,0.0,75.0,12,2.5426933585887133,1.203655557172673
Double DQN,303,148,5.002539474210208,12,1,0.8919118359166307,0.812016410935349,0.07989542498128166,8.957771582790128,70.55746562664764,69.54068653268509,-1.0167790939625547,81.80158883330328,0.0,100.0,0.12157983380289876,0.1846959809468269,0.06311614714392814,0.0,100.0,12,2.537121185246112,1.1522107049755403
Double DQN,303,149,4.340336647277835,12,1,0.7775209313810916,0.8651073229773342,-0.0875863915962426,-11.264827487108935,98.13450400394952,100.0,1.865495996050484,72.49031066659698,0.0,100.0,0.20963364199477103,0.12475952987299757,-0.08487411212177345,0.0,66.66666666666666,12,2.6458043198415457,1.380417284433392
Double DQN,303,150,4.626004099473715,12,1,0.8165008382324046,0.8882065938804278,-0.07170575564802317,-8.782079857168892,94.96977133588193,0.0,-94.96977133588193,73.76914306720063,0.0,100.0,0.1798106223974199,0.1047986707388979,-0.07501195165852201,0.0,83.33333333333334,12,2.701654474780586,1.2632274970207633
Double DQN,303,151,4.723219321933219,12,1,0.8502220609236728,0.8122820238407404,0.037940037082932365,4.462367989100952,91.8063745780058,75.15431213753882,-16.652062440466977,74.13367192595896,0.0,100.0,0.18256522353552918,0.19925881328212325,0.016693589746594073,0.0,83.33333333333334,12,2.728433756726641,1.3354146993124494
Double DQN,303,152,4.909192021236619,12,1,0.85469302618287,0.8019920296817858,0.052700996501084174,6.16607306794712,92.63389495573702,89.02281997823684,-3.6110749775001807,74.4619524884334,0.0,100.0,0.14080420130997084,0.19671049463013648,0.05590629332016564,0.0,91.66666666666666,12,2.5882884067020346,1.173417012904615
Double DQN,303,153,5.300875363231464,12,1,0.8899374950044848,0.8685691498277247,0.021368345176760117,2.4011062908021907,93.80602935532403,82.64050496084782,-11.165524394476208,83.01486661095646,0.0,100.0,0.13903704031824984,0.13679938560744004,-0.0022376547108098055,0.0,100.0,12,2.6387336487830964,1.1608963546044082
Double DQN,303,154,5.072345482556776,12,1,0.9033956007866119,0.8140202938238913,0.08937530696272056,9.893263470056638,90.56414084004327,64.40092276059619,-26.163218079447077,79.75187458409897,0.0,100.0,0.1261510169062094,0.15744570984863723,0.03129469294242784,0.0,91.66666666666666,12,2.455478150896504,1.3280067513902893
Double DQN,303,155,5.309321138051353,12,1,0.8511493018607178,0.8306854100829228,0.02046389177779495,2.4042658242282933,75.27700589076414,86.86755858788749,11.590552697123343,81.12032446921201,0.0,100.0,0.1440652239564964,0.1475060772234613,0.0034408532669648884,0.0,100.0,12,2.5907119013970004,1.1886344188080986
Double DQN,303,156,4.8487596176406536,12,1,0.8432652076476848,0.8258387308655586,0.017426476782126166,2.0665475848028736,72.69869664446647,54.74122932596763,-17.957467318498836,70.13325082520413,0.0,100.0,0.16148655286086996,0.14715514311629166,-0.014331409744578305,0.0,75.0,12,2.5223404776518543,1.2182320858179203
Double DQN,303,157,5.098321187802936,12,1,0.8319264650700522,0.860164742721597,-0.028238277651544852,-3.394323757829612,84.41808143569567,77.37086293847236,-7.047218497223312,80.88627699792512,0.0,100.0,0.1509017363524723,0.15737025093487525,0.00646851458240294,0.0,91.66666666666666,12,2.777433370003539,1.1158275009251355
Double DQN,303,158,5.245966152419277,12,1,0.8342627704569722,0.812458009325535,0.021804761131437145,2.6136562607838134,83.3273966342841,92.99324162351894,9.665844989234841,83.29326375230183,0.0,100.0,0.15847592689293644,0.16602976336567765,0.0075538364727412155,0.0,91.66666666666666,12,2.599953024873899,1.1919151301951032
Double DQN,303,159,5.409297078563299,12,1,0.9026315881533874,0.836309030219948,0.06632255793343944,7.347688559085638,73.10274333044028,100.0,26.897256669559724,87.1001977960541,0.0,100.0,0.13424882131308252,0.1491678022887497,0.014918980975667184,0.0,100.0,12,2.5876038393311425,1.1215630108203667
Double DQN,303,160,5.1013036473027755,12,1,0.8728602524882246,0.7834037894719819,0.08945646301624277,10.2486581054909,83.52354086496308,56.25875411979436,-27.26478674516872,82.48999512902623,0.0,100.0,0.1553676274266465,0.19475316848637123,0.03938554105972472,0.0,91.66666666666666,12,2.557260272075557,1.2955165861706395
Double DQN,303,161,5.36766103782622,12,1,0.8453556674206604,0.856283207464465,-0.010927540043804584,-1.2926559157220263,100.0,92.93714923190308,-7.062850768096922,83.48501501271296,0.0,100.0,0.15765740019824892,0.11412395775636745,-0.04353344244188147,0.0,100.0,12,2.5795797264544142,1.3259722125351328
Double DQN,303,162,4.5561414109749965,12,1,0.7952105418922273,0.8231375580946002,-0.027927016202372923,-3.5119021606428595,97.02081213732838,89.52219092132897,-7.498621215999407,74.35234855376534,0.0,100.0,0.1945427712746821,0.14397025364486968,-0.050572517629812436,0.0,83.33333333333334,12,2.6531775930864367,1.3559805373952982
Double DQN,303,163,5.591617221328605,12,1,0.8906037365263135,0.8752294449958693,0.015374291530444228,1.7262774565049204,97.9114037687623,78.59275647780535,-19.318647290956946,86.24775511922691,0.0,100.0,0.15777617056861712,0.13131689213246836,-0.02645927843614876,0.0,100.0,12,2.594830583077618,1.3290678384267869
Double DQN,303,164,4.987756342017222,12,1,0.8506102110720999,0.8134434314895718,0.03716677958252812,4.369425513442111,67.01089803626672,13.175084780882218,-53.83581325538451,76.88444457035854,0.0,100.0,0.1537832421175589,0.18851819865854347,0.034734956540984574,0.0,91.66666666666666,12,2.5734709403390936,1.1785297456441526
Double DQN,303,165,5.3998233262999396,12,1,0.8565079882935278,0.8540560790348979,0.002451909258629925,0.28626811333248753,88.12727871972513,70.93523759997237,-17.19204111975276,86.98434552365505,0.0,100.0,0.14408217844239476,0.17367820125424,0.02959602281184523,0.0,100.0,12,2.6255035131610693,1.1997679638057024
Double DQN,303,166,4.693715618799917,12,1,0.826246171758515,0.8450876831232623,-0.01884151136474732,-2.280375027293208,84.03215589077448,63.53555194643463,-20.496603944339846,73.48100659268854,0.0,100.0,0.18112096609888637,0.1284581320375769,-0.05266283406130948,0.0,91.66666666666666,12,2.6490287387279317,1.277806810815507
Double DQN,303,167,5.3243500666845165,12,1,0.8835908561386361,0.8370251261910042,0.04656572994763186,5.270055662541359,100.0,93.22216326979245,-6.777836730207554,82.58338767570153,0.0,100.0,0.1294546378802598,0.16896600890413718,0.03951137102387739,0.0,91.66666666666666,12,2.7054150899590295,1.1003513752427638
Double DQN,303,168,5.178606482122266,12,1,0.7654325989492309,0.8649946625812731,-0.09956206363204223,-13.007293361782454,98.15036650836039,77.78645918271721,-20.363907325643183,86.50859189719988,0.0,100.0,0.2046577052257703,0.14279631502846574,-0.06186139019730455,0.0,100.0,12,2.6840341026477113,1.3254953580024487
Double DQN,303,169,5.586207456433233,12,1,0.8679376290356512,0.919809837548671,-0.05187220851301977,-5.976490334985704,75.95040874605209,89.19723555170678,13.246826805654692,87.27598356686656,0.0,100.0,0.1466406381530521,0.11447564332299683,-0.03216499483005526,0.0,100.0,12,2.567393787807737,1.1783322180376783
Double DQN,303,170,4.980228199515867,12,1,0.8531068026283061,0.8680054049164194,-0.01489860228811335,-1.7463935631755345,97.45618654122765,68.13887172018102,-29.317314821046637,77.49508439297087,0.0,100.0,0.14080662425036225,0.13807006642744538,-0.002736557822916874,0.0,100.0,12,2.645175987897004,1.166503634114178
Double DQN,303,171,5.179993686877506,12,1,0.8175162923272363,0.9309905524679541,-0.11347426014071782,-13.880366814181633,91.09946578070196,77.84672045911557,-13.252745321586389,82.54806335926371,0.0,100.0,0.14874210097313448,0.10056600028503562,-0.048176100688098855,0.0,100.0,12,2.4910322085305325,1.2711133531731997
Double DQN,303,172,5.581736960078466,12,1,0.8144864508508569,0.8333700066258348,-0.01888355577497791,-2.318461621461121,92.2239982487772,80.7832725275066,-11.44072572127061,86.97574794887298,0.0,100.0,0.19290381580316088,0.15765547312141906,-0.03524834268174182,0.0,100.0,12,2.705777231405173,1.3117648510834268
Double DQN,303,173,5.405703401250269,12,1,0.8773528515605186,0.880248030350573,-0.002895178790054409,-0.3299902410877049,81.16876302595479,76.77652040889835,-4.392242617056439,85.71056133378556,0.0,100.0,0.13887710829893135,0.14257337025649228,0.0036962619575609257,0.0,100.0,12,2.5369635458097357,1.207084029646321
Double DQN,303,174,4.236795939392984,12,1,0.8050086806124103,0.8371924477152886,-0.03218376710287829,-3.9979403797726123,88.1425654427725,5.9821282122067885,-82.1604372305657,68.96571763144665,0.0,100.0,0.20833796578570296,0.1356279674315738,-0.07270999835412917,0.0,58.333333333333336,12,2.7538538353904163,1.3408198425867244
Double DQN,303,175,5.620106659712342,12,1,0.8727698553138298,0.8233385097810284,0.049431345532801374,5.663731994390078,72.0301576895331,72.59515189347174,0.5649942039386389,85.84644547194392,0.0,100.0,0.15398800967201892,0.19006719649792989,0.036079186825910964,0.0,100.0,12,2.655367620028026,1.3048530458159249
Double DQN,303,176,4.612079039981614,12,1,0.9481515228849166,0.9448724127012994,0.003279110183617151,0.34584242122397124,81.58678640175822,63.59646166508125,-17.990324736676968,74.37669656622086,0.0,100.0,0.12299333013497504,0.12430960660462745,0.0013162764696524054,0.0,83.33333333333334,12,2.548748851251494,1.3173040885468823
Double DQN,303,177,5.29847069266356,12,1,0.887076836498163,0.8031994504641322,0.08387738603403083,9.455481485137902,82.24605747737345,87.25779004975239,5.011732572378932,83.48992009408128,0.0,100.0,0.14684712289251928,0.15586345744214278,0.0090163345496235,0.0,100.0,12,2.73764146256827,1.1739567329990814
Double DQN,303,178,5.346817231000869,12,1,0.8367904177364108,0.8849285173625265,-0.048138099626115705,-5.752706843409292,86.0221762608817,66.07794800185873,-19.944228259022964,83.01723599890522,0.0,100.0,0.19135838466871782,0.1554500131730353,-0.03590837149568252,0.0,100.0,12,2.6421041652589774,1.2796298478054355
Double DQN,303,179,5.780673363964617,12,1,0.8734373699390229,0.9155237132469944,-0.04208634330797156,-4.818472938810682,94.3670908836365,100.0,5.632909116363507,90.69031725985137,0.0,100.0,0.1445630071616644,0.06934918470574919,-0.07521382245591521,0.0,100.0,12,2.612534787812876,1.296205813342178
Double DQN,303,180,4.873693995850969,12,1,0.8031577527592149,0.8544363035610083,-0.05127855080179344,-6.384617545635105,97.35843367287778,41.032227226920824,-56.326206445956956,73.79952648897428,0.0,100.0,0.15823019256077867,0.14981040870916384,-0.00841978385161482,0.0,83.33333333333334,12,2.6797026157254233,1.1756850286843956
Double DQN,303,181,4.972700953548663,12,1,0.8567214189186672,0.9004675443831376,-0.04374612546447043,-5.1062252557763435,92.40606435264081,67.11409212355157,-25.29197222908924,79.06543425440601,0.0,100.0,0.162519544782879,0.11378557940115083,-0.04873396538172817,0.0,91.66666666666666,12,2.5865247271818426,1.3104493489935147
Double DQN,303,182,5.104533968088773,12,1,0.7960882232427405,0.8757134720486613,-0.07962524880592081,-10.002063399654356,89.69670348532387,57.68411688702749,-32.01258659829637,84.95864530458446,0.0,100.0,0.18572526493987412,0.15524079656445902,-0.030484468375415102,0.0,91.66666666666666,12,2.653869462100165,1.3083339190099021
Double DQN,303,183,4.9958972534325365,12,1,0.8549068576604999,0.8519178856426759,0.0029889720178239987,0.3496254581468075,74.58015283832363,60.86359179577555,-13.71656104254808,77.62420789791612,0.0,100.0,0.12777721325840372,0.15534518789504104,0.02756797463663732,0.0,83.33333333333334,12,2.500024188412835,1.223207929505842
Double DQN,303,184,5.581757581080827,12,1,0.8052821050037057,0.8684227553628675,-0.06314065035916183,-7.840811309084198,85.48094584869109,93.05933442437511,7.578388575684016,88.41163162916929,0.0,100.0,0.17207198158714263,0.12295726488100502,-0.04911471670613761,0.0,100.0,12,2.6400797364584707,1.258947196346594
Double DQN,303,185,4.670701717847298,12,1,0.8308639163321402,0.881466485390159,-0.050602569058018854,-6.090355840870377,66.98164954853371,81.22680433435777,14.245154785824056,72.15446268076111,0.0,100.0,0.18089599505796686,0.15214262174209103,-0.028753373315875824,0.0,83.33333333333334,12,2.552785645673865,1.2809139960159779
Double DQN,303,186,5.257103393622836,12,1,0.9174922799244545,0.9146292357924993,0.0028630441319551503,0.31205103242840265,27.431658096401534,88.73941771361547,61.30775961721393,80.21535190304793,0.0,100.0,0.07137031305093655,0.13361747911402597,0.062247166063089415,0.0,91.66666666666666,12,2.444883228577928,1.0533530475188433
Double DQN,303,187,5.47914501079695,12,1,0.8072167941535933,0.8881844544675515,-0.08096766031395819,-10.030472718157057,100.0,61.64245182563117,-38.35754817436883,86.67777616418307,0.0,100.0,0.1559104605399022,0.1310398567925567,-0.02487060374734551,0.0,100.0,12,2.5930094441501397,1.2290525786896878
Double DQN,303,188,5.178922517137957,12,1,0.8117349409394198,0.8056815889634225,0.006053351975997323,0.7457301233074662,88.90539333842013,85.25682250849106,-3.6485708299290707,79.44468854024741,0.0,100.0,0.17946781877565965,0.15449214275948883,-0.024975676016170817,0.0,91.66666666666666,12,2.646211541168339,1.280555095181749
Double DQN,303,189,5.260215826156093,12,1,0.8613308026363462,0.8330747527827687,0.028256049853577547,3.2805107825114264,88.34204064885834,70.58967050267691,-17.752370146181434,79.20776504926413,0.0,100.0,0.15262427781809842,0.14366613175349072,-0.008958146064607708,0.0,100.0,12,2.649139101420855,1.1982504068924642
Double DQN,303,190,4.882691333533406,12,1,0.8254021545114709,0.8653882864002933,-0.039986131888822385,-4.844442393355381,100.0,100.0,0.0,77.48487948798154,0.0,100.0,0.1605339961881494,0.14704708777321515,-0.013486908414934246,0.0,83.33333333333334,12,2.5961515591473168,1.1823178428552228
Double DQN,303,191,5.537202384959973,12,1,0.8060853054095052,0.7946419776487683,0.011443327760736866,1.4196174628097777,71.83443088304615,100.0,28.165569116953847,86.4228898440211,0.0,100.0,0.16938652393538864,0.1738797405080708,0.004493216572682174,0.0,100.0,12,2.5995368153388765,1.184647701970546
Double DQN,303,192,5.477401582631246,12,1,0.9080174587929501,0.8845250770069619,0.023492381785988226,2.5872169701689685,84.42192351553587,84.11052345101622,-0.3114000645196455,83.5709837234685,0.0,100.0,0.12457743458618793,0.12762618981832977,0.0030487552321418337,0.0,100.0,12,2.6034684058155317,1.20074889522437
Double DQN,303,193,5.696110033745686,12,1,0.7767278989307225,0.8395707771299522,-0.06284287819922973,-8.090719837119535,86.24828870327428,90.98136879796816,4.733080094693875,92.58500152168119,0.0,100.0,0.17707585210403187,0.11234007114617962,-0.06473578095785225,0.0,100.0,12,2.7066565229986437,1.1999556959688134
Double DQN,303,194,5.1033754763523325,12,1,0.8080537237843384,0.8645833894598652,-0.05652966567552686,-6.995780603643883,87.26153305929414,56.08873990539385,-31.172793153900287,85.02602379219272,0.0,100.0,0.18836903846581612,0.15716570956998321,-0.03120332889583291,0.0,91.66666666666666,12,2.7455898652720507,1.2094406474826649
Double DQN,303,195,5.492141522284816,12,1,0.9141099328630913,0.8384801610889132,0.07562977177417807,8.273596977258242,93.76285404235941,90.00761091357336,-3.7552431287860486,86.13732726017538,0.0,100.0,0.12020882234129188,0.16477814962529244,0.044569327284000565,0.0,100.0,12,2.5135349908353684,1.1891042379783767
Double DQN,303,196,5.438549617803903,12,1,0.8715632087355749,0.841181208942048,0.03038199979352696,3.4859204116249707,88.45885697301392,93.25010198487249,4.791245011858564,84.78668669127431,0.0,100.0,0.1261171219324314,0.11285176512195123,-0.013265356810480175,0.0,100.0,12,2.6038434005128486,1.1576936383604894
Double DQN,303,197,5.516169528708507,12,1,0.8421085947684295,0.8873142253079127,-0.04520563053948323,-5.368147388629168,97.12371392638211,81.44322636490261,-15.680487561479495,86.90994865709597,0.0,100.0,0.13888993426643825,0.10855305142317748,-0.030336882843260776,0.0,100.0,12,2.5595928197511495,1.2102789056627172
Double DQN,303,198,5.185516797364139,12,1,0.8996189629284975,0.8621054871577701,0.03751347577072739,4.169929416406598,89.6573221385892,90.94785171525906,1.2905295766698686,80.74058661290694,0.0,100.0,0.14141516084896952,0.1318418407560245,-0.009573320092945009,0.0,100.0,12,2.6462155450541993,1.2564993369177826
Double DQN,303,199,5.468362759806045,12,1,0.8227933539686749,0.8649757057130956,-0.04218235174442064,-5.126724898901723,77.45110739899182,76.32919493226034,-1.1219124667314873,86.16081812881292,0.0,100.0,0.17955330130203861,0.14606607875852642,-0.03348722254351219,0.0,100.0,12,2.6676196186083527,1.2474709810766733
Double DQN,303,200,5.5662774140966835,12,1,0.8556798325444112,0.8607901767047332,-0.005110344160322078,-0.5972262014316952,96.09987742371816,97.85397608950758,1.754098665789428,86.70326704955922,0.0,100.0,0.14592607360894586,0.16822003757795634,0.022293963969010483,0.0,100.0,12,2.665999146086302,1.1408300680536814
Double DQN,404,1,5.275488017089465,12,1,0.8865790816291501,0.8758820337596024,0.010697047869547727,1.206553153712037,79.58973773807145,85.73462359543235,6.144885857360904,79.01332355822922,0.0,100.0,0.10326355937990231,0.13363760619572704,0.03037404681582473,0.0,91.66666666666666,12,2.1792730090221144,1.2118920702375342
Double DQN,404,2,5.352576812679214,12,1,0.8683004316846654,0.8101651200223483,0.05813531166231711,6.6952991776733,81.59574008373905,84.82165739282829,3.2259173090892403,80.40868136272235,0.0,100.0,0.15158135173305126,0.1957646963727675,0.04418334463971624,0.0,91.66666666666666,12,2.4300941696866754,1.235993213096259
Double DQN,404,3,5.453131434428391,12,1,0.8298079247198951,0.8560897344927761,-0.026281809772881082,-3.1672160496361386,84.10333175291052,60.85041682148516,-23.25291493142536,85.04489716574555,0.0,100.0,0.17267075112721203,0.15412847810420194,-0.018542273023010092,0.0,91.66666666666666,12,2.6039850250287264,1.2418037097927317
Double DQN,404,4,5.454001069848929,12,1,0.8538273316284686,0.879449423750834,-0.025622092122365436,-3.0008517147720615,69.98501082226534,100.0,30.014989177734662,79.19501146615528,0.0,100.0,0.12590593888412396,0.1430188068941348,0.01711286801001083,0.0,91.66666666666666,12,2.3600277528254217,1.2607558863704182
Double DQN,404,5,4.849156428399987,12,1,0.9108468697702573,0.8027202440301036,0.10812662574015375,11.870999322578394,70.79773318105077,4.255228631747774,-66.542504549303,69.70817496896508,0.0,100.0,0.13544452939143645,0.20440732885725413,0.06896279946581768,0.0,75.0,12,2.4457433711958045,1.3166777010650004
Double DQN,404,6,5.319376877003822,12,1,0.808958517125701,0.8505064229430157,-0.04154790581731471,-5.1359748290849305,82.3357295744277,76.53794397129077,-5.79778560313693,81.74611280529619,0.0,100.0,0.20243104358918135,0.1346723892529741,-0.06775865433620726,0.0,91.66666666666666,12,2.6633868931776083,1.2735118361235538
Double DQN,404,7,5.489301850568372,12,1,0.868278486176403,0.7820842609499795,0.0861942252264235,9.927025326401088,98.76203570347762,90.47269249530129,-8.289343208176334,84.14815949432139,0.0,100.0,0.15636668906945303,0.19819914642778136,0.04183245735832833,0.0,91.66666666666666,12,2.5413601728240507,1.244550581248335
Double DQN,404,8,5.391636922400245,12,1,0.900079462606079,0.8643706219908143,0.03570884061526469,3.9672986773716348,84.41228361184127,78.41291508527158,-5.999368526569697,82.71975407578005,0.0,100.0,0.11421308566179272,0.12826018348615875,0.014047097824366028,0.0,100.0,12,2.3642778305077568,1.242367281302631
Double DQN,404,9,4.8928592157563005,12,1,0.8626311044114704,0.7879741639334361,0.07465694047803428,8.654561619241512,52.99448272885328,86.66293635872793,33.668453629874655,75.2161022901128,0.0,100.0,0.1653759496419556,0.20733781235018775,0.041961862708232156,0.0,66.66666666666666,12,2.4192764485643363,1.248430590210541
Double DQN,404,10,5.488330210579635,12,1,0.8958407534032775,0.8797451210015608,0.016095632401716742,1.796706874583437,75.33761462335173,82.28738386667797,6.949769243326244,86.4826369610969,0.0,100.0,0.10678119591527593,0.12216791461462757,0.01538671869935164,0.0,100.0,12,2.237584133870855,1.1285518426229266
Double DQN,404,11,5.2181840794650105,12,1,0.8283382394877064,0.9081027712844939,-0.07976453179678755,-9.629463906690905,99.7290103885251,28.556134239366926,-71.17287614915817,78.13048963785833,0.0,100.0,0.15764077586451394,0.1334959516495136,-0.024144824215000332,0.0,83.33333333333334,12,2.4581475082279134,1.3685399239023979
Double DQN,404,12,5.1545718301629435,12,1,0.8299559594483694,0.85335523302246,-0.02339927357409055,-2.8193391839300594,66.56656630619331,62.4433366043791,-4.123229701814211,80.92628608975382,0.0,100.0,0.14956494327152386,0.14157361269908458,-0.007991330572439281,0.0,91.66666666666666,12,2.5407997404827074,1.2808222945676346
Double DQN,404,13,4.869829406065491,12,1,0.8456103198801337,0.9009165489047358,-0.05530622902460214,-6.540391918637164,94.38491009608785,85.54335761493492,-8.841552481152931,74.5848241347695,0.0,100.0,0.1302658189205495,0.14974655016066318,0.01948073124011368,0.0,75.0,12,2.4040336156413207,1.2469865505067674
Double DQN,404,14,5.6184205651303705,12,1,0.8943113011225146,0.8423130135897307,0.051998287532783904,5.814338638851718,84.57578992591938,100.0,15.42421007408062,83.57316464128562,0.0,100.0,0.12635489408890774,0.1681109588190729,0.04175606473016516,0.0,100.0,12,2.3390843998102526,1.2777853032849895
Double DQN,404,15,4.9428660040235926,12,1,0.8352595155234834,0.8054477523551384,0.029811763168344996,3.5691617532379776,100.0,1.780967775682865,-98.21903222431713,73.25915505416485,0.0,100.0,0.15444767874943846,0.19422455453439588,0.03977687578495742,0.0,75.0,12,2.5986491209488882,1.291138999630445
Double DQN,404,16,5.369329759005454,12,1,0.8016523233753645,0.803399154806913,-0.0017468314315485234,-0.21790386937238249,95.56074028005703,85.27183460957188,-10.28890567048515,85.11910362865923,0.0,100.0,0.1633018699114735,0.19711754373921614,0.03381567382774264,0.0,91.66666666666666,12,2.5739707397906337,1.2592627522995603
Double DQN,404,17,4.838487381853368,12,1,0.791886963795451,0.8144443597872646,-0.02255739599181361,-2.848562613494458,82.94389186279466,66.49717541019412,-16.44671645260054,75.81804045770723,0.0,100.0,0.20503213813450097,0.16861036370052515,-0.03642177443397582,0.0,91.66666666666666,12,2.872635493066935,1.300777876560588
Double DQN,404,18,5.176040406116513,12,1,0.8304491338504608,0.8615378198451588,-0.03108868599469794,-3.7435990631421485,92.28947812736918,5.456256149527101,-86.83322197784207,79.22201915812899,0.0,100.0,0.15788864242732834,0.12286713192963318,-0.035021510497695155,0.0,91.66666666666666,12,2.618746887970588,1.250152757244621
Double DQN,404,19,5.044417554590515,12,1,0.8590006216850525,0.7954339768317091,0.0635666448533434,7.400069714576962,69.53067116912538,0.0,-69.53067116912538,77.29149991141676,0.0,100.0,0.13571949992172394,0.15469594921044486,0.018976449288720915,0.0,91.66666666666666,12,2.5932857626132964,1.1874223995315285
Double DQN,404,20,5.2193133866910655,12,1,0.819224031273178,0.7583862324541143,0.060837798819063704,7.42627126361443,76.35727685316644,90.57461090878327,14.217334055616831,79.00166539744532,0.0,100.0,0.154112231686855,0.1828468595679572,0.028734627881102204,0.0,91.66666666666666,12,2.5590366608168114,1.2150886814081576
Double DQN,404,21,5.501788943073755,12,1,0.7950194115491079,0.8569675480765951,-0.06194813652748721,-7.792028172844267,95.55347605333985,70.67409683731782,-24.87937921602203,88.67736648961427,0.0,100.0,0.18265239497164848,0.14661127076339914,-0.03604112420824934,0.0,100.0,12,2.7721262962480657,1.2814759353047334
Double DQN,404,22,5.696215710370997,12,1,0.8725876447263617,0.8678678469965714,0.004719797729790365,0.5408966948266228,97.6005763507855,100.0,2.399423649214498,87.24567025320322,0.0,100.0,0.13880448038068383,0.1341306244962776,-0.0046738558844062195,0.0,100.0,12,2.3609015448875037,1.2490265266636091
Double DQN,404,23,5.072217376139123,12,1,0.786367339414263,0.8690032701646266,-0.08263593075036368,-10.508565985448511,83.77102173346222,91.69885201161175,7.9278302781495285,78.14907292982221,0.0,100.0,0.19124989337915915,0.16417993704257772,-0.027069956336581436,0.0,75.0,12,2.71258060921581,1.2666806633755643
Double DQN,404,24,5.400051448054139,12,1,0.8741169088111619,0.8099031531343426,0.0642137556768193,7.346128993678075,91.05739254425525,76.68207692661322,-14.37531561764203,80.18292710334792,0.0,100.0,0.14914522745643094,0.20614325279880227,0.05699802534237133,0.0,91.66666666666666,12,2.4895336210435164,1.3909016998529715
Double DQN,404,25,5.281644733017866,12,1,0.8582838831786681,0.9143030725212993,-0.05601918934263117,-6.526883521937195,90.12452360704816,7.111731462765289,-83.01279214428287,81.38079402724489,0.0,100.0,0.13478395387576853,0.12119621329240851,-0.013587740583360014,0.0,91.66666666666666,12,2.5155121287712894,1.2421465598084598
Double DQN,404,26,5.6811161829089984,12,1,0.8414254195090415,0.814459881523726,0.026965537985315535,3.204744872225218,95.80246178762057,100.0,4.197538212379428,90.9080627161306,0.0,100.0,0.14816519058633684,0.15850622209365808,0.010341031507321241,0.0,100.0,12,2.5555642965427348,1.2575009175048488
Double DQN,404,27,5.3989136714857775,12,1,0.8197258977078403,0.8414950605821255,-0.02176916287428521,-2.6556636718636386,71.37588253408855,72.87906775561535,1.503185221526806,84.6913903546383,0.0,100.0,0.1789112569212792,0.15362632727051698,-0.025284929650762233,0.0,100.0,12,2.55312955840936,1.2548423984142205
Double DQN,404,28,5.385639831446851,12,1,0.8034776291857193,0.8393271630703371,-0.03584953388461776,-4.46179614495917,77.86866347044287,94.84564996278849,16.976986492345617,86.36713319595403,0.0,100.0,0.18270301400322275,0.20287522745731534,0.02017221345409259,0.0,100.0,12,2.6035771910577856,1.2240843858265298
Double DQN,404,29,5.446335572755816,12,1,0.8826255978379907,0.8663466866458458,0.016278911192144863,1.8443733370095299,89.47421079000661,90.23281949839739,0.7586087083907813,80.89534428083753,0.0,100.0,0.07895854623137907,0.15648527712580262,0.07752673089442355,0.0,91.66666666666666,12,2.100251936440121,1.1741657987142673
Double DQN,404,30,5.387548075278177,12,1,0.9183856237142732,0.8104043631416291,0.10798126057264412,11.757725489640187,82.18077369244934,82.73014148836396,0.5493677959146197,82.2949721801739,0.0,100.0,0.08606347142323166,0.15363638118918116,0.0675729097659495,0.0,100.0,12,2.140569965478866,1.1643257439942598
Double DQN,404,31,5.411211621884307,12,1,0.7995859317813492,0.8261710490148155,-0.02658511723346635,-3.3248605530413684,87.81120566432506,74.32359733796464,-13.487608326360416,83.21421108752156,0.0,100.0,0.18546474178240235,0.16546828974746586,-0.019996452034936496,0.0,100.0,12,2.6149570302318605,1.3186376235336539
Double DQN,404,32,5.276635676422408,12,1,0.8775529024047456,0.791546644292381,0.08600625811236462,9.800692115162848,54.405861917178335,86.7116539107811,32.30579199360276,83.76316650039934,0.0,100.0,0.12441221143291822,0.17741399737487368,0.053001785941955454,0.0,91.66666666666666,12,2.3428250814592197,1.1539881556858835
Double DQN,404,33,5.588329278452193,12,1,0.8844368388942812,0.8331215347327443,0.051315304161536845,5.80203151936672,91.69051142782277,91.78877596457838,0.09826453675560742,87.06770829447193,0.0,100.0,0.13070414111493853,0.1575712887257316,0.026867147610793063,0.0,100.0,12,2.497029105372522,1.2450920684143378
Double DQN,404,34,5.214873392667437,12,1,0.8962441922145657,0.8972537984848369,-0.001009606270271135,-0.11264857045003085,74.70332596686853,90.85555284919452,16.15222688232599,76.06815988580547,0.0,100.0,0.09737062820933062,0.14519315680531752,0.0478225285959869,0.0,83.33333333333334,12,2.0676827874641215,1.2102250246739696
Double DQN,404,35,5.430007038955566,12,1,0.8263818045202939,0.8650387037624203,-0.03865689924212645,-4.677849757905353,84.7630514411172,69.96835905240107,-14.794692388716129,84.19731170493102,0.0,100.0,0.16797616782995042,0.1459502131185548,-0.022025954711395623,0.0,100.0,12,2.5747310643750025,1.298600466110605
Double DQN,404,36,5.716494721602343,12,1,0.8534168127082171,0.881632629613321,-0.028215816905103885,-3.3062176049197265,94.20744942209957,78.57137893475435,-15.636070487345222,88.177342213884,0.0,100.0,0.14226052837969172,0.15415118020132657,0.011890651821634846,0.0,100.0,12,2.5507255215174762,1.1823635753189994
Double DQN,404,37,5.280248340390423,12,1,0.8266846278116825,0.7541904438949468,0.07249418391673568,8.76926720031496,100.0,100.0,0.0,83.9947146043305,0.0,100.0,0.14197305063323512,0.2001192710041109,0.05814622037087577,0.0,83.33333333333334,12,2.5914788639156816,1.2513969440522161
Double DQN,404,38,4.881754341647356,12,1,0.8145912537322628,0.887238970093593,-0.07264771636133016,-8.9183030174306,100.0,100.0,0.0,74.9397726164285,0.0,100.0,0.1857953403142686,0.13859881745422686,-0.04719652286004172,0.0,75.0,12,2.602200036313858,1.3100954755856136
Double DQN,404,39,4.771737883548693,12,1,0.8307583820831356,0.8391149168718568,-0.008356534788721226,-1.0058923230804033,94.77657827078114,38.783825104622245,-55.9927531661589,70.81907299642486,0.0,100.0,0.1659618864827665,0.12839507749510717,-0.03756680898765932,0.0,75.0,12,2.5339430211114657,1.3362603344739865
Double DQN,404,40,4.903712524277058,12,1,0.8856108631306627,0.8423344933236999,0.04327636980696281,4.886612349579753,77.20604381680343,43.78969363943106,-33.41635017737237,75.37117850296681,0.0,100.0,0.15471888442602982,0.14283059080607055,-0.011888293619959273,0.0,83.33333333333334,12,2.5622404109720303,1.3210601534377693
Double DQN,404,41,5.574160798927295,12,1,0.8434121547179518,0.8177828475821343,0.02562930713581757,3.0387642616305843,72.80606998860594,97.0956289060619,24.289558917455963,88.81042834759312,0.0,100.0,0.1369513240710273,0.20294039058089358,0.06598906650986627,0.0,100.0,12,2.499463499757664,1.1713991965263484
Double DQN,404,42,5.333628138597569,12,1,0.8378128854992571,0.8664411213201737,-0.02862823582091656,-3.4170202340415,89.12317486675423,45.88377402781556,-43.239400838938664,82.20823105219118,0.0,100.0,0.1358537195894155,0.14210508358285953,0.006251363993444031,0.0,91.66666666666666,12,2.370330156689574,1.1590511380815314
Double DQN,404,43,5.491501664889166,12,1,0.9240713766174095,0.7759988759289731,0.14807250068843636,16.023924605311347,55.02561769484166,86.14042426510807,31.11480657026641,82.04283496512745,0.0,100.0,0.09304459265206626,0.21161617387328951,0.11857158122122326,0.0,91.66666666666666,12,2.3297776878300627,1.209385504658536
Double DQN,404,44,5.036405462954435,12,1,0.855886198156029,0.8114792434696506,0.04440695468637834,5.188418131061264,97.51386289305584,35.610970158259725,-61.90289273479612,74.34518323242955,0.0,100.0,0.1650925127188,0.20398407882052638,0.038891566101726394,0.0,75.0,12,2.5267401156206657,1.173026690854548
Double DQN,404,45,5.020859908228503,12,1,0.8450181746805694,0.8646821135822957,-0.019663938901726352,-2.3270433099453323,88.79377353250194,19.735408969111017,-69.05836456339092,80.26652027849636,0.0,100.0,0.17655304928212534,0.1483299331976998,-0.028223116084425542,0.0,83.33333333333334,12,2.672506100418694,1.3284876560031542
Double DQN,404,46,5.421522109992958,12,1,0.9220392265467231,0.912952071675839,0.009087154870884073,0.9855497043133222,79.11047311303254,75.2596622407006,-3.850810872331934,80.68630476331218,0.0,100.0,0.09130632140798019,0.09782859647006395,0.006522275062083763,0.0,100.0,12,2.2348815732374425,1.184350088623474
Double DQN,404,47,5.485257095155576,12,1,0.8659011760871941,0.8720325793122123,-0.0061314032250182615,-0.7080950337456112,91.33336184339058,73.93470303711022,-17.398658806280352,85.392038709348,0.0,100.0,0.10272619602352874,0.16300303390964946,0.06027683788612072,0.0,100.0,12,2.2936833154929457,1.1957427128986315
Double DQN,404,48,5.278634513925867,12,1,0.9027504327300419,0.8602978122702444,0.042452620459797474,4.7025865533417575,79.05260565903667,89.98126490961096,10.928659250574285,78.2389481415895,0.0,100.0,0.11183553071468623,0.16779950550614284,0.05596397479145661,0.0,100.0,12,2.221013917597262,1.266917825991807
Double DQN,404,49,5.227396155592371,12,1,0.8020175729456774,0.8889662663971455,-0.08694869345146805,-10.841245427094561,89.23357468430152,57.586818996465226,-31.64675568783629,82.85073651723039,0.0,100.0,0.1787353844845413,0.11653592868791979,-0.062199455796621506,0.0,83.33333333333334,12,2.501141505068438,1.277132813231674
Double DQN,404,50,5.360263867774163,12,1,0.8512400443646312,0.7695929394382041,0.08164710492642713,9.591548878244895,100.0,74.22610276717703,-25.773897232822975,84.05602196556204,0.0,100.0,0.17008847472035094,0.20023009911428405,0.030141624393933114,0.0,91.66666666666666,12,2.562515490099773,1.361683538270157
Double DQN,404,51,5.132762151850884,12,1,0.8939821584239797,0.8271638799532696,0.06681827847071009,7.4742295292006125,91.96520409409939,25.080050719034787,-66.8851533750646,77.1611065999266,0.0,100.0,0.09413634010574029,0.1321153021089178,0.03797896200317752,0.0,91.66666666666666,12,2.3415770959452815,1.23208816738488
Double DQN,404,52,5.2618847841900775,12,1,0.8898040826827419,0.7894801231809996,0.10032395950174233,11.274836950541692,74.69729073657435,91.34688569493548,16.649594958361135,79.415475972058,0.0,100.0,0.1418488279300351,0.19160454843537533,0.049755720505340245,0.0,91.66666666666666,12,2.56780304944852,1.2773739724512132
Double DQN,404,53,5.37330480483003,12,1,0.8611852647279299,0.8164856255704624,0.04469963915746744,5.190478865379703,94.02848025440811,32.06490748060059,-61.96357277380752,82.36384871493443,0.0,100.0,0.15837492721653829,0.1872361185603147,0.028861191343776404,0.0,83.33333333333334,12,2.609389116923442,1.2904647641918463
Double DQN,404,54,4.7002998578211415,12,1,0.8730082560562928,0.9078303954549432,-0.03482213939865031,-3.988752587055136,99.54156679038715,56.203395792652145,-43.338170997735006,72.72543739599246,0.0,100.0,0.1320617795153828,0.12528488997625195,-0.006776889539130859,0.0,66.66666666666666,12,2.2949596532948466,1.2243821880851842
Double DQN,404,55,5.395179166973341,12,1,0.793193807141052,0.7906783615368058,0.0025154456042462137,0.31712874982127753,87.8569457899067,65.17500089542546,-22.681944894481248,89.18586221147586,0.0,100.0,0.20028811557726364,0.16620704496835023,-0.03408107060891341,0.0,100.0,12,2.705993035273772,1.2483773114102061
Double DQN,404,56,5.238147747679266,12,1,0.8033888226680632,0.8262162368362465,-0.022827414168183235,-2.8413905600992977,89.59311554377699,57.48041487784331,-32.11270066593368,81.15683961557082,0.0,100.0,0.169503429080008,0.1848289902665055,0.0153255611864975,0.0,91.66666666666666,12,2.534516633305786,1.284608612891767
Double DQN,404,57,4.72480381028753,12,1,0.8894319465747271,0.7696998829998815,0.11973206357484567,13.461632903556403,98.05375175246483,21.03662137323576,-77.01713037922907,74.44644295058552,0.0,100.0,0.17273366552625088,0.20973320477731505,0.03699953925106417,0.0,83.33333333333334,12,2.7085737342444136,1.284973166047875
Double DQN,404,58,5.289076152503896,12,1,0.9269064009890595,0.8812775857493259,0.04562881523973361,4.922699335234408,97.17702524257204,23.042245731857626,-74.13477951071442,82.50652735138685,0.0,100.0,0.13621751485943004,0.13840956656491105,0.0021920517054810074,0.0,91.66666666666666,12,2.621453247534661,1.27101010926781
Double DQN,404,59,5.404620258024758,12,1,0.8643578375123425,0.828381404215199,0.035976433297143506,4.162215200209808,88.18958236929728,96.51881285401915,8.329230484721862,84.37258135658841,0.0,100.0,0.11206928662760303,0.1798550529989592,0.06778576637135618,0.0,91.66666666666666,12,2.305530810825701,1.2198416117655932
Double DQN,404,60,5.3496277775592125,12,1,0.8366972825250503,0.8432262648494152,-0.00652898232436494,-0.7803278988383072,100.0,43.21244433806994,-56.78755566193006,82.67014064323604,0.0,100.0,0.1250067817295945,0.15952168326193275,0.034514901532338244,0.0,91.66666666666666,12,2.290716630018134,1.1845341452918892
Double DQN,404,61,4.896381246665253,12,1,0.8351665869727432,0.9064580554961562,-0.07129146852341306,-8.536197404858555,92.84636003058391,21.37757859972609,-71.46878143085782,78.20762668181833,0.0,100.0,0.1684033673092006,0.16220414131733374,-0.006199225991866869,0.0,83.33333333333334,12,2.598977289502166,1.2813795844848135
Double DQN,404,62,5.243419667322627,12,1,0.8255323079729825,0.8277363848547699,-0.0022040768817873646,-0.26698856731595033,80.13474536897178,67.62365032292868,-12.511095046043096,82.16479678960329,0.0,100.0,0.16882911014035806,0.18557492004298878,0.01674580990263072,0.0,100.0,12,2.476739190804852,1.2497055314824341
Double DQN,404,63,5.576240042211111,12,1,0.8890349036911245,0.8270455555172734,0.061989348173851044,6.972656294649582,98.48295591792429,99.12799906956242,0.6450431516381343,84.10820177008524,0.0,100.0,0.12074544022447922,0.12948278068488936,0.008737340460410137,0.0,83.33333333333334,12,2.3542941780242725,1.2056692107620675
Double DQN,404,64,5.122622537377627,12,1,0.8299952365423321,0.7572726022102245,0.07272263433210757,8.761813457515972,89.99434005783485,68.07504031441411,-21.919299743420737,79.2643685645156,0.0,100.0,0.19668983668429613,0.18295757302334964,-0.013732263660946487,0.0,91.66666666666666,12,2.7883763326081126,1.22066635476418
Double DQN,404,65,5.0238579818429505,12,1,0.7990369023904437,0.8706044261543251,-0.07156752376388142,-8.956723218887138,95.05896308341887,0.4148139647706446,-94.64414911864823,78.26130887785524,0.0,100.0,0.14269367790967796,0.15276698167775973,0.01007330376808177,0.0,91.66666666666666,12,2.5227082893055925,1.197365116155721
Double DQN,404,66,4.986754983750346,12,1,0.8932010849215066,0.8526136302382025,0.04058745468330416,4.54404448992255,99.97438976347478,12.38545927073568,-87.5889304927391,73.00827479295806,0.0,100.0,0.09727935606399825,0.14343375063952266,0.04615439457552441,0.0,83.33333333333334,12,2.3223409110690736,1.2035388252446086
Double DQN,404,67,5.121397164091898,12,1,0.861583871687899,0.8783596612459588,-0.016775789558059806,-1.947087231936566,95.72734463541029,85.17769403112496,-10.549650604285333,79.87136129846938,0.0,100.0,0.11578084017494573,0.15215108955567194,0.03637024938072621,0.0,91.66666666666666,12,2.504464772570062,1.2118511313625668
Double DQN,404,68,4.912895233467875,12,1,0.7768898068337668,0.7599451631872938,0.01694464364647308,2.1810871371232663,100.0,62.382571587215416,-37.617428412784584,77.04433816502191,0.0,100.0,0.21731872502593066,0.20151296251082088,-0.01580576251510979,0.0,91.66666666666666,12,2.798841213071855,1.3662143216520668
Double DQN,404,69,5.331543280979216,12,1,0.8508830762727241,0.8366738510044434,0.014209225268280723,1.669938639574775,59.48422385914232,94.35800154304967,34.87377768390735,80.91926059267116,0.0,100.0,0.16104951988095578,0.15815188909511652,-0.002897630785839267,0.0,91.66666666666666,12,2.4881665192339746,1.2477575013756386
Double DQN,404,70,5.128937363171449,12,1,0.8863750176472195,0.822709425774318,0.06366559187290144,7.182692495315857,100.0,82.80755876049851,-17.19244123950149,80.89396797051295,0.0,100.0,0.12091030348210602,0.16332305566846897,0.04241275218636295,0.0,91.66666666666666,12,2.312596362869229,1.294386718139249
Double DQN,404,71,4.5000747470259626,12,1,0.8861401081299695,0.8189351279439613,0.06720498018600818,7.584012908278301,93.58578142033569,35.213315756650346,-58.37246566368535,66.14702803065673,0.0,100.0,0.14243442447294535,0.1498631053479137,0.007428680874968341,0.0,75.0,12,2.5252371726885623,1.1407388460967693
Double DQN,404,72,5.2977226368464185,12,1,0.8247915301358898,0.7680650076794823,0.056726522456407524,6.877680042017582,85.7017568872977,76.37763197573615,-9.324124911561555,81.49083420793013,0.0,100.0,0.1526485154077091,0.1769576705290142,0.024309155121305104,0.0,100.0,12,2.339335076023066,1.211231279045378
Double DQN,404,73,5.255667780888626,12,1,0.8726997962732301,0.7983657669770269,0.07433402929620325,8.517709023611403,100.0,82.60384550543856,-17.396154494561443,74.68553750392478,0.0,100.0,0.0793437380964683,0.20735969481242808,0.12801595671595978,0.0,91.66666666666666,12,2.1634304789137526,1.1458015675000672
Double DQN,404,74,5.063634289531097,12,1,0.7894766752615063,0.8392935050581112,-0.049816829796604845,-6.310107867354474,70.88156244278366,98.26115298014,27.379590537356336,81.63819387427772,0.0,100.0,0.17479878688536973,0.14861452553524912,-0.026184261350120613,0.0,91.66666666666666,12,2.457277822214538,1.2463471829936699
Double DQN,404,75,5.39685371024991,12,1,0.8526457173751643,0.8280911045784174,0.024554612796746866,2.879814241293237,99.37756018511203,86.77991701700583,-12.597643168106202,81.81235018274849,0.0,100.0,0.13446518172925742,0.13935690768448986,0.004891725955232434,0.0,100.0,12,2.2997630278593255,1.3020488408499027
Double DQN,404,76,5.30334205964915,12,1,0.8457606179737267,0.8073495161182658,0.03841110185546093,4.5416044491981955,86.50173059806261,85.80616000122126,-0.6955705968413497,81.82534458265106,0.0,100.0,0.18148598879858033,0.1693199708170843,-0.012166017981496025,0.0,100.0,12,2.651066279663642,1.3467126173357757
Double DQN,404,77,5.414389967970225,12,1,0.799602003418405,0.8095514206129011,-0.009949417194496046,-1.2442961813453397,80.94986386657675,73.02558280080814,-7.924281065768611,83.0198237445925,0.0,100.0,0.17649263301339949,0.18674428951151395,0.010251656498114464,0.0,100.0,12,2.567053094643328,1.2851203724250553
Double DQN,404,78,5.437706830000318,12,1,0.8195097951378452,0.8540306321823019,-0.03452083704445674,-4.212376380278674,74.953133018438,92.97644808483734,18.02331506639935,85.53389062152809,0.0,100.0,0.1784404242769443,0.1551077175681072,-0.02333270670883708,0.0,100.0,12,2.6315324829107505,1.2744726557919894
Double DQN,404,79,5.366348808934387,12,1,0.902127959914699,0.8412291992334314,0.06089876068126754,6.750567922429301,80.88644757555237,74.1302834925749,-6.756164082977463,80.47838069589356,0.0,100.0,0.1150343386917683,0.15844046243197077,0.043406123740202474,0.0,91.66666666666666,12,2.4541590939471676,1.3051322834904346
Double DQN,404,80,4.894942843397832,12,1,0.8953381895943033,0.8224819189060204,0.07285627068828293,8.137290638892065,100.0,45.965324863606924,-54.034675136393076,77.44788164898308,0.0,100.0,0.13411604080012363,0.15926832147687706,0.02515228067675343,0.0,83.33333333333334,12,2.4004334542808023,1.2733862963349616
Double DQN,404,81,5.21091029360728,12,1,0.7836546128029749,0.7813455568816532,0.00230905592132169,0.294652246486837,78.96420382927994,93.88938470294936,14.925180873669419,80.74068336656659,0.0,100.0,0.19658476286316492,0.2009472209345948,0.0043624580714298755,0.0,83.33333333333334,12,2.7486075659581837,1.3091662187311979
Double DQN,404,82,5.115543862775236,12,1,0.8395753361641841,0.8278017424612342,0.011773593702949947,1.4023272475750228,90.72023609324316,80.85582270412883,-9.864413389114333,79.41111559178294,0.0,100.0,0.1297421852133521,0.1566993212819514,0.026957136068599313,0.0,91.66666666666666,12,2.478332149531002,1.198800844212846
Double DQN,404,83,5.318530565661019,12,1,0.8974057014582829,0.8545320292117609,0.042873672246522054,4.7775127990442225,88.81681510174474,80.56156639502275,-8.255248706721986,83.66077725324874,0.0,100.0,0.12608152722463972,0.14549215526198772,0.019410628037348,0.0,91.66666666666666,12,2.435547486470034,1.275367920130094
Double DQN,404,84,5.4133930330079165,12,1,0.8111773446522346,0.8319213266049271,-0.02074398195269256,-2.5572684061567146,87.99087649675718,40.58487441372346,-47.40600208303372,83.51132040409983,0.0,100.0,0.17367257423400462,0.16260153322738993,-0.011071041006614685,0.0,83.33333333333334,12,2.6711947513539314,1.2326285120447311
Double DQN,404,85,5.298477331682446,12,1,0.8135315503174461,0.8618322245688639,-0.04830067425141782,-5.937160548053795,87.48026522012049,10.228608759691907,-77.25165646042858,81.41029112411661,0.0,100.0,0.15207655008793067,0.1249231555451419,-0.02715339454278877,0.0,91.66666666666666,12,2.6449341917388614,1.2102036156510303
Double DQN,404,86,5.0206804947148935,12,1,0.819109918242124,0.8260564448027397,-0.006946526560615673,-0.8480579231079853,89.07112868066383,44.37684796708143,-44.6942807135824,79.83282822357312,0.0,100.0,0.15453816745092272,0.15548801436265905,0.0009498469117363295,0.0,91.66666666666666,12,2.5418361636956113,1.2292458610752235
Double DQN,404,87,5.719571510319911,12,1,0.8242096300746231,0.8252458274153855,-0.0010361973407624347,-0.12572012058007845,98.97379012761239,96.86603950820302,-2.107750619409373,90.30599133056255,0.0,100.0,0.16363928470433795,0.10495575909075344,-0.0586835256135845,0.0,100.0,12,2.611645553496853,1.2516191416564588
Double DQN,404,88,4.7010984237783005,12,1,0.792660288543835,0.82308018699892,-0.03041989845508508,-3.8376967907611825,89.92343964844814,0.0,-89.92343964844814,73.85253921660919,0.0,100.0,0.18408188905204895,0.14541923620234887,-0.03866265284970008,0.0,83.33333333333334,12,2.6980110445758583,1.3283232045851516
Double DQN,404,89,5.403046518482381,12,1,0.9346634426384831,0.8064194651818403,0.12824397745664284,13.72087230614476,86.96461366246582,70.40066936855749,-16.563944293908335,79.77937905863564,0.0,100.0,0.09319349931698584,0.16491298230715906,0.07171948299017322,0.0,100.0,12,2.182830182834545,1.2091209060220662
Double DQN,404,90,4.78905420819186,12,1,0.8159670074069139,0.8350384676066247,-0.019071460199710843,-2.3372832512332344,100.0,9.723376955833569,-90.27662304416643,74.75756765114058,0.0,100.0,0.19188127575287336,0.15128873152355957,-0.0405925442293138,0.0,75.0,12,2.6481119019702613,1.3377749933394063
Double DQN,404,91,4.82070431079313,12,1,0.8472020319560792,0.8070790871595607,0.04012294479651857,4.735935855097032,88.12368190311719,92.20368873921555,4.080006836098363,75.25276182896482,0.0,100.0,0.1506833504467313,0.1657481877587874,0.0150648373120561,0.0,75.0,12,2.492994955477716,1.3575228359999079
Double DQN,404,92,5.535144884303292,12,1,0.901290554119566,0.8594375066262542,0.04185304749331187,4.643679810246808,79.04997511690061,86.26534171470463,7.215366597804021,82.57504261043944,0.0,100.0,0.11514664643254585,0.1458766758132881,0.030730029380742235,0.0,100.0,12,2.3215160987544863,1.172113849279138
Double DQN,404,93,5.632768097585801,12,1,0.8354996262892076,0.8674117000287239,-0.03191207373951632,-3.8195198101106014,65.13490177822538,81.2730423515297,16.138140573304312,88.2990612433884,0.0,100.0,0.19591004747219715,0.1486423597204285,-0.04726768775176865,0.0,100.0,12,2.693803967013072,1.3071734140689173
Double DQN,404,94,5.197100975950521,12,1,0.8229811477640931,0.8009976593536423,0.021983488410450835,2.6712019431036085,99.33407368565976,98.05148576803865,-1.2825879176211146,81.50272869582815,0.0,100.0,0.1745564407513946,0.14961111207973507,-0.024945328671659522,0.0,75.0,12,2.758967820492734,1.3541865603693186
Double DQN,404,95,4.981416149409356,12,1,0.7830791937547893,0.8583918549276248,-0.07531266117283553,-9.61750251742976,82.00090615810359,27.676604528863784,-54.324301629239805,78.03349732643345,0.0,100.0,0.19875978872178604,0.20067426083452047,0.0019144721127344333,0.0,83.33333333333334,12,2.758775023741656,1.336620887146198
Double DQN,404,96,5.301620327547123,12,1,0.787585831776894,0.9232092915572707,-0.1356234597803767,-17.220149767599665,77.71734183109065,77.33519386714802,-0.3821479639426286,83.5038644825914,0.0,100.0,0.15873835770506545,0.1011688723754332,-0.05756948532963224,0.0,91.66666666666666,12,2.632088306973321,1.2504800945338066
Double DQN,404,97,4.927910510750205,12,1,0.860459054243513,0.8973766348142499,-0.03691758057073691,-4.2904517523141905,76.99051972349933,43.9723330880533,-33.018186635446035,76.11583486583936,0.0,100.0,0.15361446357520414,0.10184370888532879,-0.05177075468987535,0.0,83.33333333333334,12,2.5201423048412974,1.2409502644015888
Double DQN,404,98,5.374480164516804,12,1,0.859549930124297,0.8907726905425257,-0.03122276041822869,-3.6324545350976476,89.56893704183626,84.2814529245401,-5.2874841172961595,79.93078721450611,0.0,100.0,0.12412499384473857,0.09726837567430367,-0.0268566181704349,0.0,100.0,12,2.3201952609596086,1.262639178433193
Double DQN,404,99,4.844504605156176,12,1,0.8859031752035398,0.8906910598161902,-0.00478788461265045,-0.5404523594297328,100.0,75.20549353733715,-24.794506462662852,69.98943471140322,0.0,100.0,0.11448399223731798,0.14025306190671474,0.025769069669396766,0.0,83.33333333333334,12,2.2022768821599006,1.2354879462444275
Double DQN,404,100,5.147398577733807,12,1,0.7929048892947048,0.8421815609500867,-0.049276671655381854,-6.214701450411518,94.19071317008822,75.96529566398387,-18.22541750610435,80.17801686731514,0.0,100.0,0.19261369561871192,0.13389965404499884,-0.05871404157371307,0.0,91.66666666666666,12,2.7995810388421116,1.2255601540098047
Double DQN,404,101,5.32989914081286,12,1,0.8318746258680619,0.8465516032243585,-0.014676977356296583,-1.764325644742577,96.16008676440637,12.809978340647257,-83.35010842375911,85.04016904902086,0.0,100.0,0.14518954419156807,0.1561131477447445,0.010923603553176425,0.0,91.66666666666666,12,2.4651113178647646,1.203151645010086
Double DQN,404,102,5.6141927243839795,12,1,0.8878760968540875,0.853862900227373,0.03401319662671454,3.8308494560479454,74.29278015859771,78.23167968821313,3.9388995296154263,84.88505028832714,0.0,100.0,0.1211311409440847,0.17866382885592152,0.05753268791183683,0.0,100.0,12,2.3263254988941053,1.150226562136681
Double DQN,404,103,5.452232984442588,12,1,0.8704182531296816,0.8063882925143631,0.06402996061531852,7.356229075515359,81.29784076327353,89.73414798206376,8.436307218790233,83.17635551339171,0.0,100.0,0.1242087794921907,0.17695832089526986,0.052749541403079164,0.0,91.66666666666666,12,2.4478725368621927,1.1829934912583175
Double DQN,404,104,4.728861645139534,12,1,0.8289267529567024,0.7927123284913419,0.036214424465360495,4.368832871684634,100.0,0.0,-100.0,71.85033161433688,0.0,100.0,0.1447883446851433,0.20407183842492593,0.059283493739782644,0.0,75.0,12,2.557187935996512,1.2907437406768083
Double DQN,404,105,5.213100624550454,12,1,0.8242718593059057,0.7897694018609367,0.03450245744496905,4.185810428372809,85.10073005095002,80.35101672914475,-4.749713321805274,80.67018771524366,0.0,100.0,0.13382455694047077,0.1836967880389842,0.049872231098513436,0.0,91.66666666666666,12,2.5095871442337505,1.2462310350409245
Double DQN,404,106,5.190168703138228,12,1,0.8348120813262117,0.7897237096047882,0.04508837172142344,5.401020508686754,92.10733950748161,70.27120452101911,-21.836134986462497,77.90921810234086,0.0,100.0,0.16286211737201425,0.18872284959530303,0.025860732223288774,0.0,91.66666666666666,12,2.5537033431355467,1.2835775914127163
Double DQN,404,107,5.428589440813322,12,1,0.8675905487978499,0.839927408475954,0.027663140321895874,3.1885018065522326,78.71182960947269,80.31160630356781,1.5997766940951266,81.72894576599391,0.0,100.0,0.1531956340980918,0.13780845765701555,-0.015387176441076261,0.0,100.0,12,2.4712417819697197,1.2580403066850732
Double DQN,404,108,5.028530517495072,12,1,0.8809150333798023,0.8167383225537348,0.06417671082606746,7.285232785713851,77.05061222546317,0.0,-77.05061222546317,75.09820981487157,0.0,100.0,0.12707836562448926,0.1569247702916466,0.029846404667157322,0.0,83.33333333333334,12,2.399548430934742,1.2677659853035363
Double DQN,404,109,4.693304428960358,12,1,0.8484123350571133,0.8927639182778526,-0.04435158322073929,-5.227597641865218,100.0,58.30964601840765,-41.69035398159235,70.41249879458991,0.0,100.0,0.13920927606903208,0.12051194202824325,-0.018697334040788827,0.0,75.0,12,2.438950986710914,1.223172357182616
Double DQN,404,110,5.475378280238057,12,1,0.9198957835296186,0.8411897641714884,0.07870601935813026,8.555971314069634,98.69425216354477,78.99492608269816,-19.699326080846618,87.84907006719114,0.0,100.0,0.13613176670001742,0.17948152896496802,0.0433497622649506,0.0,100.0,12,2.5750149132733515,1.1913502511309257
Double DQN,404,111,5.505975810235841,12,1,0.9021031681260905,0.8310845506722074,0.07101861745388305,7.872560474586039,94.87078226789507,77.21196927419865,-17.658812993696415,85.85756797142447,0.0,100.0,0.1386169610507717,0.13073539934348213,-0.00788156170728957,0.0,100.0,12,2.6027704969519783,1.258450628307867
Double DQN,404,112,5.628951369861262,12,1,0.8745480882592751,0.8248786983441981,0.04966938991507697,5.679434965542067,83.96091222725413,95.7791538229244,11.818241595670273,85.50659917289506,0.0,100.0,0.12976837247655346,0.19860084055616462,0.06883246807961116,0.0,100.0,12,2.33988650350805,1.2485483814438194
Double DQN,404,113,5.210188839791078,12,1,0.8494852145657845,0.8308161812549679,0.018669033310816596,2.1976878456159237,90.71393138270192,100.0,9.286068617298085,84.5000508742627,0.0,100.0,0.1624043705363919,0.14701695798722755,-0.015387412549164342,0.0,100.0,12,2.474158823568411,1.2789477214627252
Double DQN,404,114,5.01951361150042,12,1,0.9020648986065968,0.9143057996743386,-0.012240901067741783,-1.356986740826528,57.19509135538766,96.50784510134204,39.31275374595438,75.05066928570854,0.0,100.0,0.11419459034967486,0.09888114257850966,-0.015313447771165195,0.0,83.33333333333334,12,2.3572497028201767,1.2385577645288852
Double DQN,404,115,5.283798408402338,12,1,0.8153420168958544,0.8675667166626407,-0.05222469976678634,-6.405250641395209,100.0,67.13685405091631,-32.86314594908369,85.06713641246772,0.0,100.0,0.1686463037778879,0.14946219330386262,-0.019184110474025268,0.0,91.66666666666666,12,2.6818262068957943,1.269862436725454
Double DQN,404,116,5.155051631843154,12,1,0.9001152707032833,0.7902447823104509,0.10987048839283242,12.206268682341959,73.66265642486518,12.646999132927109,-61.01565729193807,77.27318888734668,0.0,100.0,0.13105373661825734,0.19189998941451442,0.06084625279625708,0.0,91.66666666666666,12,2.525772222246733,1.2323190417443048
Double DQN,404,117,5.437008766190038,12,1,0.8845791680645911,0.8397323675002646,0.04484680056432655,5.069845886428548,76.1474538874938,94.97869656854738,18.83124268105358,81.48975916465814,0.0,100.0,0.09588923931837745,0.1985647375367282,0.10267549821835076,0.0,100.0,12,2.2953691751537924,1.2020441470198606
Double DQN,404,118,5.065181991125885,12,1,0.9171630455122793,0.8617033494952325,0.05545969601704681,6.046874248631543,76.17317875918069,30.282320181130228,-45.890858578050455,73.93956416028058,0.0,100.0,0.1209628500952206,0.1326782368649706,0.011715386769749994,0.0,83.33333333333334,12,2.402941965592515,1.252817523008272
Double DQN,404,119,5.499697702560261,12,1,0.8501396512358049,0.8308948181348252,0.019244833100979686,2.2637260917079267,100.0,100.0,0.0,85.62476440046514,0.0,100.0,0.1398088479283825,0.15786644662014998,0.018057598691767485,0.0,91.66666666666666,12,2.4722466633773954,1.2616053158270417
Double DQN,404,120,5.326358139780565,12,1,0.8808724731669736,0.8306469293594345,0.050225543807539075,5.7017951335185595,94.6151053668224,26.885647733163708,-67.7294576336587,79.35030155083082,0.0,100.0,0.10626579341100631,0.20221609216358352,0.09595029875257721,0.0,83.33333333333334,12,2.211609926682724,1.1783002671302765
Double DQN,404,121,5.120572034341169,12,1,0.9026975900147918,0.8954088235337944,0.007288766480997411,0.8074427761436669,100.0,70.46185503585463,-29.538144964145374,77.1811854424023,0.0,100.0,0.12066046331180257,0.16470589289888488,0.04404542958708231,0.0,83.33333333333334,12,2.4702753140085916,1.3334259620890547
Double DQN,404,122,4.990295137560391,12,1,0.8760851099897836,0.7746504015287049,0.10143470846107872,11.578179711587792,84.42923261851776,0.08254834272614364,-84.34668427579162,74.12270976869227,0.0,100.0,0.1645547039760059,0.19648082059745878,0.031926116621452866,0.0,83.33333333333334,12,2.483288928952987,1.1958151777883639
Double DQN,404,123,5.17836717332412,12,1,0.824374371374855,0.8523243997473516,-0.027950028372496605,-3.39045333564686,61.900445632399695,74.53658978471515,12.636144152315453,79.36490064813823,0.0,100.0,0.19287928911273297,0.12472155673208245,-0.06815773238065052,0.0,91.66666666666666,12,2.6875491358090353,1.3561833914540289
Double DQN,404,124,5.618303085650377,12,1,0.9117131876387716,0.8567835501114939,0.05492963752727775,6.024881319259948,69.02767868045997,100.0,30.97232131954003,84.40778290159692,0.0,100.0,0.06672174916215298,0.15275848547003867,0.08603673630788569,0.0,100.0,12,2.113258024362797,1.1004072394534699
Double DQN,404,125,5.456247184994012,12,1,0.9224544761864533,0.9389335696539896,-0.016479093467536288,-1.7864397531749212,100.0,87.43011114478546,-12.569888855214543,84.67015711636864,0.0,100.0,0.12858325390512182,0.10696291241767669,-0.021620341487445127,0.0,91.66666666666666,12,2.374061508765173,1.245798763477713
Double DQN,404,126,5.050177964164715,12,1,0.8279521863927902,0.902887677246661,-0.07493549085387075,-9.05070269581008,83.67943357511099,95.91415585224719,12.2347222771362,77.05714606681111,0.0,100.0,0.1312214189034785,0.11278853667410023,-0.018432882229378264,0.0,91.66666666666666,12,2.451255738566874,1.242833894386897
Double DQN,404,127,5.138875531042979,12,1,0.9201666871233334,0.8395311130869143,0.08063557403641908,8.763148586535516,79.98508605119875,70.72831321018523,-9.256772841013515,75.26223682433873,0.0,100.0,0.06251947219336465,0.16417250000836875,0.1016530278150041,0.0,91.66666666666666,12,2.086778950006452,1.091855840157229
Double DQN,404,128,4.5005837971282325,12,1,0.9056115629497439,0.8565272510588461,0.04908431189089779,5.420018239500072,82.7075549072329,100.0,17.292445092767096,64.06273206224684,0.0,100.0,0.12323556776533229,0.17825931117613958,0.05502374341080729,0.0,66.66666666666666,12,2.2207728471712374,1.2127689561983266
Double DQN,404,129,5.384105777177914,12,1,0.8364202569060163,0.8527273903557162,-0.016307133449699918,-1.9496339686967024,92.17066336314139,100.0,7.8293366368586135,81.43282416945775,0.0,100.0,0.179106744563936,0.1601516240353747,-0.018955120528561298,0.0,91.66666666666666,12,2.581907571885407,1.2952033871878075
Double DQN,404,130,4.975538056435376,12,1,0.8714550221733284,0.9325376955784023,-0.061082673405073895,-7.0092743573545935,72.18874003276328,80.34054890833346,8.151808875570183,78.12661247281864,0.0,100.0,0.14846447730441656,0.09099506939367896,-0.0574694079107376,0.0,100.0,12,2.4159787078558206,1.2710923109336827
Double DQN,404,131,5.319611028988624,12,1,0.8457195391846911,0.8607625498632225,-0.015043010678531421,-1.7787233215675151,81.0428512798355,60.2773292341237,-20.765522045711805,82.5746686374129,0.0,100.0,0.17781275363643956,0.14099452370115634,-0.03681822993528322,0.0,100.0,12,2.664967892199457,1.2779235422723243
Double DQN,404,132,5.311863458546188,12,1,0.9142370526244706,0.9406213054589291,-0.026384252834458444,-2.8859312536850292,84.43802135870978,89.47243374181527,5.03441238310549,79.70758692143363,0.0,100.0,0.11101306088334376,0.05682058515704294,-0.054192475726300815,0.0,83.33333333333334,12,2.319220945751909,1.1436673958714232
Double DQN,404,133,4.778347449949375,12,1,0.8114138711890788,0.8352545077962361,-0.023840636607157295,-2.938159853271951,99.96154563033608,50.37188328823099,-49.589662342105086,75.13932988681324,0.0,100.0,0.17490635176561975,0.15335449368540974,-0.021551858080210012,0.0,83.33333333333334,12,2.687777670733262,1.2762806589203253
Double DQN,404,134,4.307516218245528,12,1,0.8678762481725419,0.797050521906076,0.070825726266466,8.160809379862782,73.31291488743042,13.816420636628306,-59.496494250802115,65.10268748959766,0.0,100.0,0.1723873512210369,0.20650745357428232,0.03412010235324542,0.0,66.66666666666666,12,2.652359480534983,1.3498809658223958
Double DQN,404,135,5.349631024883862,12,1,0.916251060691106,0.8123236268427305,0.10392743384837544,11.342680877224359,100.0,66.74860521064186,-33.251394789358145,80.45806466872376,0.0,100.0,0.10184242578834075,0.1648340489490066,0.06299162316066585,0.0,91.66666666666666,12,2.2666078209297713,1.150059805918112
Double DQN,404,136,4.540630081359801,12,1,0.7948537456975677,0.8314376695846253,-0.03658392388705756,-4.60259816162171,95.87770767103324,49.42583367786564,-46.451873993167595,68.31872650116078,0.0,100.0,0.2143984415057181,0.1425148881418391,-0.071883553363879,0.0,66.66666666666666,12,2.7986531020925955,1.3035661238786413
Double DQN,404,137,5.513983606185474,12,1,0.8282134831298835,0.8446117600981516,-0.016398276968268122,-1.9799577406416702,96.3973303702399,92.4630755644629,-3.9342548057770017,88.06789427642919,0.0,100.0,0.16928488688888332,0.14157916186321018,-0.027705725025673145,0.0,100.0,12,2.5104683914201646,1.2196196087093327
Double DQN,404,138,4.312235037154262,12,1,0.7925714143169886,0.8017392947228377,-0.009167880405849038,-1.1567260994076614,84.39180329026583,78.34625634444848,-6.04554694581735,64.71809572568486,0.0,100.0,0.17762333679137252,0.20078646958902405,0.02316313279765153,0.0,66.66666666666666,12,2.5773723682718677,1.314980434088248
Double DQN,404,139,5.2046298152335,12,1,0.7612147086234954,0.8047270399180473,-0.0435123312945519,-5.716170589141039,100.0,82.79218940850551,-17.207810591494493,81.67343461316874,0.0,100.0,0.18778302485602114,0.16546742870488632,-0.02231559615113482,0.0,100.0,12,2.5809476446269266,1.3454969331174935
Double DQN,404,140,5.128555031680871,12,1,0.8675240947286215,0.8057133876907907,0.06181070703783076,7.124955654075102,86.017158814114,21.015629386376176,-65.00152942773782,80.96202718398817,0.0,100.0,0.11882442904881683,0.18420719862654067,0.06538276957772383,0.0,91.66666666666666,12,2.4476810633971846,1.1943061171772258
Double DQN,404,141,5.488256733971465,12,1,0.8653503621887836,0.8863386272229292,-0.020988265034145637,-2.42540662732939,83.43584926062321,90.22105915255959,6.7852098919363755,82.86114462928705,0.0,100.0,0.14139868192158037,0.1375182492438994,-0.003880432677680956,0.0,100.0,12,2.416620320301627,1.2060218588374938
Double DQN,404,142,5.004774596165598,12,1,0.8013355898876796,0.8112454401594146,-0.009909850271734966,-1.2366666845689451,91.40055397329614,69.21301426699023,-22.187539706305913,78.82148457490024,0.0,100.0,0.17137435079664187,0.1954186108035096,0.02404426000686774,0.0,91.66666666666666,12,2.6254146181569467,1.2669290782760776
Double DQN,404,143,5.074068691777092,12,1,0.8574733777223594,0.8645570472482096,-0.007083669525850156,-0.8261095574379186,83.70188620082128,62.57482627996289,-21.127059920858386,76.2762225177714,0.0,100.0,0.15436733973663247,0.14593053282060223,-0.008436806916030243,0.0,91.66666666666666,12,2.4817361697242912,1.349655365949474
Double DQN,404,144,5.299031980980603,12,1,0.9139867956369789,0.8677313559333035,0.046255439703675405,5.060843321203443,73.50642717958719,82.26550009011645,8.759072910529255,77.57766213711393,0.0,100.0,0.12317259127269962,0.14700138728101797,0.023828796008318345,0.0,100.0,12,2.3707601752641874,1.228219377331261
Double DQN,404,145,4.658778871539426,12,1,0.8225749243594123,0.8541642790809117,-0.031589354721499485,-3.8403012036988584,98.30310226340303,61.41135616987029,-36.891746093532745,76.65782271748027,0.0,100.0,0.1793634836965741,0.16052022985525005,-0.018843253841324042,0.0,83.33333333333334,12,2.74749572621597,1.2950182614288626
Double DQN,404,146,5.371695974190969,12,1,0.8630767400723016,0.829627278827649,0.033449461244652645,3.875606848337787,87.07750471200293,92.33031767490701,5.252812962904073,79.97225832920954,0.0,100.0,0.138805413493892,0.151888036557711,0.013082623063818993,0.0,91.66666666666666,12,2.4376211224351754,1.1982537439767997
Double DQN,404,147,5.446799088052876,12,1,0.7885039049161655,0.8426990610115273,-0.05419515609536174,-6.873162676489702,95.98987423236139,65.02186305226121,-30.968011180100177,84.31394503096148,0.0,100.0,0.18040012063006128,0.1424843252231959,-0.03791579540686538,0.0,91.66666666666666,12,2.591083185546232,1.3128726550293954
Double DQN,404,148,5.489234228056479,12,1,0.8757001569471822,0.8383811565828371,0.0373190003643451,4.261618553826066,66.07228186768184,91.42399355696897,25.35171168928713,81.36339540607668,0.0,100.0,0.1274812629606376,0.14205473593210066,0.014573472971463053,0.0,100.0,12,2.4490041904057898,1.2516656062708773
Double DQN,404,149,5.507424635847109,12,1,0.7714373633912834,0.8812938313239311,-0.1098564679326477,-14.240490951813934,100.0,79.64459133705175,-20.35540866294825,86.8280650916153,0.0,100.0,0.1973831079948057,0.16901908826649734,-0.028364019728308376,0.0,91.66666666666666,12,2.773919467596709,1.3219187923847606
Double DQN,404,150,4.816881314190385,12,1,0.8677571496456219,0.8057143796679455,0.06204276997767644,7.149784937296537,77.74568764463538,100.0,22.25431235536462,71.76372799592072,0.0,100.0,0.14017290777366112,0.20562938067799597,0.06545647290433484,0.0,66.66666666666666,12,2.4037992971697086,1.3721036951127383
Double DQN,404,151,5.026371300463578,12,1,0.889790489757171,0.8480251115497707,0.04176537820740034,4.693844077699499,96.63822270268301,63.54333410038456,-33.09488860229845,70.7479814696601,0.0,100.0,0.13658148070115222,0.13364090825667213,-0.002940572444480094,0.0,83.33333333333334,12,2.2478749761673367,1.399332663199496
Double DQN,404,152,5.118859651600367,12,1,0.8651533714176534,0.8306324635516601,0.03452090786599327,3.9901489153798,100.0,59.869924736053605,-40.130075263946395,76.85382751596978,0.0,100.0,0.15544737802650688,0.16151326134263946,0.0060658833161325865,0.0,83.33333333333334,12,2.5216893704354786,1.3090143521920135
Double DQN,404,153,5.46256609653591,12,1,0.8205475002266752,0.8909899553845232,-0.07044245515784797,-8.584811377572697,100.0,84.65323589336504,-15.346764106634964,85.95135029792407,0.0,100.0,0.16611022542088646,0.12673209134287394,-0.03937813407801252,0.0,91.66666666666666,12,2.4526138271250493,1.2466694060149985
Double DQN,404,154,5.00169242580756,12,1,0.8662041313364737,0.9280893292001107,-0.061885197863637,-7.144412688052388,85.92993162095335,29.86190222208329,-56.06802939887007,78.05950074310151,0.0,100.0,0.16581745549161195,0.10469423898958163,-0.061123216502030314,0.0,83.33333333333334,12,2.5766527942147683,1.3087791399967825
Double DQN,404,155,5.255783155690292,12,1,0.8391974544584528,0.9140153615572062,-0.07481790709875336,-8.915411587733486,83.60060261319317,66.77499776629294,-16.825604846900234,80.16954235203691,0.0,100.0,0.16213517479083386,0.11529471339979525,-0.04684046139103862,0.0,100.0,12,2.4780357080119457,1.3128546705062725
Double DQN,404,156,4.918942246202185,12,1,0.8347803116140202,0.8663387172942583,-0.031558405680238044,-3.7804444164741864,90.12993271296583,85.70610172328806,-4.423830989677768,74.27599200794232,0.0,100.0,0.12488136039378106,0.1543187228578337,0.029437362464052652,0.0,83.33333333333334,12,2.413903114545312,1.2127647384265625
Double DQN,404,157,5.4864260179219775,12,1,0.8697103631903167,0.8194749096048068,0.05023545358550985,5.776113027012068,96.52274537956325,100.0,3.477254620436753,83.862074429911,0.0,100.0,0.13384746360356334,0.1566668957099398,0.022819432106376464,0.0,100.0,12,2.4030403658400714,1.2716459173130104
Double DQN,404,158,5.06034965013903,12,1,0.8840736164034213,0.823444964749996,0.06062865165342535,6.8578736576343235,100.0,55.70293435637288,-44.29706564362712,79.74838424943842,0.0,100.0,0.14216340058545385,0.16196306207670633,0.01979966149125248,0.0,83.33333333333334,12,2.438620914728699,1.2561644954607523
Double DQN,404,159,4.870782910301101,12,1,0.9041636558785896,0.8921615128235721,0.012002143055017456,1.327430380217483,82.97305684275612,83.82324107992368,0.8501842371675536,74.14762938505415,0.0,100.0,0.10644552150302679,0.09747213978409931,-0.008973381718927476,0.0,75.0,12,2.3974465741447992,1.2698885724644906
Double DQN,404,160,5.001644711410756,12,1,0.8120094083112794,0.8872336226427114,-0.075224214331432,-9.263958466672742,92.95412103617217,6.1419479867698845,-86.81217304940229,80.6676753788158,0.0,100.0,0.18119187393859462,0.14136381745973794,-0.03982805647885668,0.0,91.66666666666666,12,2.5986153247006554,1.2715646144459614
Double DQN,404,161,5.014317942975205,12,1,0.8528527086919869,0.8670314188233601,-0.014178710131373173,-1.6625039689583614,87.7675414519264,8.880078233820374,-78.88746321810603,75.10939492018335,0.0,100.0,0.13716215219893824,0.14897822161256974,0.011816069413631503,0.0,91.66666666666666,12,2.4110132020302104,1.242377056679325
Double DQN,404,162,5.279243010441599,12,1,0.8860998356845139,0.8571922451613044,0.02890759052320946,3.2623401290756684,69.6773249940438,74.99844222363676,5.321117229592957,79.7247771486944,0.0,100.0,0.10761724280979618,0.12716311784904877,0.01954587503925259,0.0,91.66666666666666,12,2.3135403439406725,1.2152039651498483
Double DQN,404,163,5.10804871437154,12,1,0.8232646642654101,0.787580947465147,0.035683716800263166,4.334416178557031,94.80676881965564,62.67109190773274,-32.13567691192291,78.10808968976808,0.0,100.0,0.1922541955354457,0.15280401439881952,-0.03945018113662618,0.0,91.66666666666666,12,2.686251982724146,1.3607206815529294
Double DQN,404,164,5.020709380624552,12,1,0.7435895525122528,0.813156355376573,-0.06956680286432027,-9.355537961673278,83.54043762013093,74.76539821691975,-8.775039403211181,80.32955327247329,0.0,100.0,0.1796832228959641,0.16510219714727736,-0.014581025748686749,0.0,83.33333333333334,12,2.6348881523596814,1.3534001057208926
Double DQN,404,165,5.58611642146296,12,1,0.8247530446484543,0.847939410413705,-0.023186365765250683,-2.8113101146699884,96.88946137685139,81.05728962889035,-15.832171747961041,87.01207851473315,0.0,100.0,0.155689573477467,0.13122837338848972,-0.024461200088977286,0.0,91.66666666666666,12,2.52379536495586,1.2736651557302776
Double DQN,404,166,4.750736030487503,12,1,0.7642958830161085,0.8101489130682848,-0.045853030052176336,-5.9993820549220365,93.57822836878108,44.52961499206156,-49.04861337671952,73.83564411310685,0.0,100.0,0.2140645820745364,0.16284283275053818,-0.05122174932399823,0.0,75.0,12,2.671620302051714,1.3639160458662716
Double DQN,404,167,5.373128715190768,12,1,0.8316304926781337,0.8486538101743875,-0.017023317496253743,-2.0469809183442584,73.11145745904109,88.90262304505747,15.791165586016376,83.44511536879793,0.0,100.0,0.19731839289932773,0.1348845081059885,-0.06243388479333922,0.0,100.0,12,2.7027372578019886,1.3478319684422988
Double DQN,404,168,5.374420369066284,12,1,0.8896218725295013,0.8373612272578776,0.05226064527162366,5.8744784593738295,84.12981566579198,81.83465335816183,-2.29516230763015,81.23702937050082,0.0,100.0,0.12704686735596873,0.17644063620214145,0.04939376884617272,0.0,91.66666666666666,12,2.4618552123623525,1.1836859471960952
Double DQN,404,169,5.17203802663699,12,1,0.81467776631103,0.9513276119783829,-0.13664984566735294,-16.773484108461894,89.4471235333274,92.90940152076055,3.462277987433154,80.93538181199726,0.0,100.0,0.1572111339552158,0.1044930477113196,-0.05271808624389619,0.0,91.66666666666666,12,2.4812130494173714,1.1937670616938534
Double DQN,404,170,5.607962557942841,12,1,0.9314765650642208,0.8797646397396687,0.051711925324552155,5.551607765997513,82.23175128140866,96.72167228777518,14.489921006366515,85.24775459723587,0.0,100.0,0.08932244955925316,0.12110496480554635,0.03178251524629319,0.0,91.66666666666666,12,2.3037039317963344,1.1705357651798756
Double DQN,404,171,4.8262498672683,12,1,0.8161436299189135,0.8579783444593412,-0.04183471454042764,-5.12590100649123,91.82346397067494,51.13298280980755,-40.690481160867385,73.79095535810008,0.0,100.0,0.19083472784448408,0.1670196877931685,-0.023815040051315572,0.0,66.66666666666666,12,2.6557870058307227,1.3822947584992389
Double DQN,404,172,5.358019442092401,12,1,0.8232479204998752,0.8455038917628439,-0.022255971262968743,-2.7034348595080497,92.5751315183179,79.49008030168856,-13.085051216629338,82.9025670890799,0.0,100.0,0.16302258516092766,0.12513944621818943,-0.03788313894273823,0.0,100.0,12,2.5462258835432254,1.283516141756574
Double DQN,404,173,5.276629407367471,12,1,0.8678093665529488,0.8558254833830248,0.011983883169924048,1.380934987775666,100.0,84.62942347434742,-15.37057652565258,82.10101241960491,0.0,100.0,0.16290086768737896,0.17209757037549053,0.009196702688111569,0.0,83.33333333333334,12,2.571186930037579,1.2656095428347731
Double DQN,404,174,5.440258323890117,12,1,0.8434692203974758,0.8434135431763895,5.567722108634765e-05,0.0066009784044176924,82.35122857837293,95.1457301317947,12.794501553421782,85.40948987213136,0.0,100.0,0.1320559050899971,0.1651248279164551,0.033068922826458014,0.0,91.66666666666666,12,2.4791092503624914,1.2273980098104715
Double DQN,404,175,5.313405868681912,12,1,0.9054015833843497,0.8475998124650352,0.05780177091931449,6.384103140537276,100.0,91.85607832668677,-8.14392167331323,76.26648317853525,0.0,100.0,0.08726360995493436,0.17340730702530402,0.08614369707036966,0.0,91.66666666666666,12,2.1284579526456455,1.2419599448466663
Double DQN,404,176,5.318488102520939,12,1,0.9162117455493799,0.9178239739387003,-0.0016122283893204026,-0.17596678902579188,85.8168089561678,100.0,14.183191043832196,83.6966606406671,0.0,100.0,0.14191660025606986,0.09358947520894088,-0.04832712504712898,0.0,100.0,12,2.4170966643185747,1.2495922440201555
Double DQN,404,177,4.71687910333733,12,1,0.8544551618324416,0.8842608457260953,-0.02980568389365368,-3.4882677552948724,88.9779497444056,0.0,-88.9779497444056,74.84898610772505,0.0,100.0,0.18802004637173625,0.14536547773405456,-0.04265456863768169,0.0,75.0,12,2.791831278890101,1.3867426655782773
Double DQN,404,178,5.023373238003023,12,1,0.8697363654953202,0.8683794088346346,0.001356956660685582,0.1560193082087337,79.98574647996877,9.376573161319484,-70.60917331864928,76.82010057889683,0.0,100.0,0.13550374229058962,0.14485915396202168,0.009355411671432057,0.0,83.33333333333334,12,2.4242020940664006,1.254894352783903
Double DQN,404,179,5.37926707658787,12,1,0.8230257757776336,0.8603317615987509,-0.03730598582111733,-4.532784624621127,80.51214823156818,98.56547046929371,18.05332223772554,80.9206058202356,0.0,100.0,0.13208136353890687,0.11808323753493773,-0.013998126003969144,0.0,91.66666666666666,12,2.37098856537208,1.142132444886126
Double DQN,404,180,5.620275282523725,12,1,0.8074539760680004,0.8405035581590841,-0.03304958209108366,-4.093060789919297,100.0,92.83889710140953,-7.161102898590471,90.78231776316589,0.0,100.0,0.16183175440163858,0.15176026654758182,-0.01007148785405676,0.0,100.0,12,2.6083440920572274,1.2490011365243752
Double DQN,404,181,4.611846774900878,12,1,0.8937248883833059,0.8836128812168672,0.010112007166438675,1.1314451793695355,77.31881053024014,30.856640874720142,-46.46216965552,63.465260179791024,0.0,100.0,0.10537500029842838,0.1362851380647421,0.030910137766313725,0.0,66.66666666666666,12,2.2825754824727458,1.26700252921311
Double DQN,404,182,4.934044652670145,12,1,0.838099425772427,0.8294838059804082,0.008615619792018858,1.0279949522788834,97.4369299890832,11.360738606414293,-86.07619138266891,76.80543734685266,0.0,100.0,0.13989659861261333,0.18685943200764055,0.046962833395027215,0.0,83.33333333333334,12,2.513914507567064,1.2187413003685552
Double DQN,404,183,5.733302124586191,12,1,0.8244616068966003,0.8400844403049392,-0.015622833408338921,-1.8949133928923212,88.43681877708596,100.0,11.56318122291404,89.41082932607587,0.0,100.0,0.1662687213358941,0.13212172736318958,-0.034146993972704515,0.0,100.0,12,2.7456732518110747,1.323198449611313
Double DQN,404,184,4.571812541417826,12,1,0.8712183262444853,0.8920024072495958,-0.020784081005110533,-2.385634045911703,83.31016444452266,37.95220361396587,-45.357960830556785,63.222522845713875,0.0,100.0,0.13027757531679532,0.13250571171948758,0.00222813640269226,0.0,66.66666666666666,12,2.301625846621497,1.2985830482511536
Double DQN,404,185,5.037765787410759,12,1,0.7401750654203051,0.7983452348556571,-0.058170169435352026,-7.858974471440801,83.02014121170654,47.147601984898685,-35.87253922680786,77.08881475934629,0.0,100.0,0.21245492375139913,0.21831477646063277,0.005859852709233643,0.0,91.66666666666666,12,2.790805678274251,1.3649231401144346
Double DQN,404,186,5.50365691528551,12,1,0.9371382849127293,0.8995192667637257,0.03761901814900359,4.014244082719003,69.23078658001818,100.0,30.769213419981824,79.38878338418509,0.0,100.0,0.09880730935501611,0.11263028105095822,0.013822971695942113,0.0,91.66666666666666,12,2.0941677862920653,1.1819017015513837
Double DQN,404,187,5.51432272189952,12,1,0.8868460800367222,0.8712725069818484,0.015573573054873724,1.7560626816131228,81.53913955159206,100.0,18.460860448407942,86.13305696402112,0.0,100.0,0.12487307444946559,0.126558677475313,0.0016856030258474014,0.0,91.66666666666666,12,2.4753867567768792,1.1884525724031108
Double DQN,404,188,5.183657411166529,12,1,0.8337393947865707,0.7974959114688339,0.03624348331773675,4.347099770548174,91.38824153297574,94.35209776799482,2.9638562350190796,79.79193119394908,0.0,100.0,0.18107697063879843,0.1912954085492567,0.010218437910458261,0.0,83.33333333333334,12,2.647801646535499,1.2460343597232932
Double DQN,404,189,5.155432730230091,12,1,0.7957240445382403,0.8691423124784862,-0.07341826794024586,-9.226599151323947,85.42445447134301,72.88011277854345,-12.544341692799563,82.95127360912873,0.0,100.0,0.15633651275963903,0.1387163084789903,-0.017620204280648727,0.0,100.0,12,2.350319614736229,1.164990240007689
Double DQN,404,190,5.000873362110118,12,1,0.847441737066481,0.8140555979128299,0.03338613915365107,3.939638289379175,85.93480521653042,55.638954079021566,-30.295851137508855,79.98017989311613,0.0,100.0,0.15187334687858559,0.17857919405315517,0.026705847174569586,0.0,91.66666666666666,12,2.4826090849420077,1.276624042742353
Double DQN,404,191,4.971115582122973,12,1,0.8065345604391381,0.9475270516137282,-0.14099249117459012,-17.481270870503455,97.15702104629594,51.98734197973556,-45.16967906656038,79.66197486006833,0.0,100.0,0.16836163430604667,0.0888075994805802,-0.07955403482546647,0.0,83.33333333333334,12,2.6882271692585284,1.367780694682407
Double DQN,404,192,5.493471710280567,12,1,0.8149628279488554,0.8667484758430867,-0.051785647894231235,-6.354357047740236,93.8041538741431,87.35572448945838,-6.448429384684715,88.69038872855951,0.0,100.0,0.18846723222099981,0.10785073547966056,-0.08061649674133925,0.0,100.0,12,2.7856382173471306,1.3128257790723057
Double DQN,404,193,5.06746728759089,12,1,0.8842740354309664,0.8256175513925342,0.058656484038432155,6.6332925867087,83.69023300856014,84.61844796908295,0.9282149605228085,77.4041273584927,0.0,100.0,0.1395570567253638,0.1548069603066488,0.015249903581285001,0.0,91.66666666666666,12,2.485548838225425,1.200195781441069
Double DQN,404,194,5.045221264045093,12,1,0.862767359424548,0.906259932453569,-0.04349257302902099,-5.041054526915556,77.33086995379857,41.56986039144133,-35.76100956235724,79.78162276419663,0.0,100.0,0.1539128242905602,0.1152289516895507,-0.038683872601009486,0.0,91.66666666666666,12,2.558317578151788,1.292514230460894
Double DQN,404,195,4.989731660193603,12,1,0.7699677452802006,0.9199809856092094,-0.15001324032900876,-19.483055134266323,99.09391122466575,57.266443283117454,-41.82746794154829,78.84280650579832,0.0,100.0,0.17576497376359612,0.10072188357671866,-0.07504309018687746,0.0,83.33333333333334,12,2.628411851991603,1.2793176398692587
Double DQN,404,196,5.295520741357715,12,1,0.8495953545419204,0.8999051171554502,-0.05030976261352982,-5.9216146068331,87.78637008606117,100.0,12.213629913938831,79.66012479996105,0.0,100.0,0.12124211958872919,0.13341816704939002,0.012176047460660838,0.0,83.33333333333334,12,2.3074785906808777,1.224633434724461
Double DQN,404,197,5.423335958641811,12,1,0.8312247030276145,0.899993860199715,-0.06876915717210041,-8.27323308867251,92.08962439978903,67.26439087194562,-24.82523352784341,85.52127496675463,0.0,100.0,0.15303723971849417,0.10369999625414092,-0.04933724346435325,0.0,100.0,12,2.544976760935772,1.2528605105508388
Double DQN,404,198,5.552234273867761,12,1,0.8408321882165801,0.9472730325793289,-0.10644084436274881,-12.658987828298024,91.40008089772832,71.97379717244604,-19.426283725282275,85.87526732848352,0.0,100.0,0.16177903148401782,0.09879745847109866,-0.06298157301291915,0.0,100.0,12,2.53785902629491,1.2666423946971166
Double DQN,404,199,5.200308816450098,12,1,0.8860146706558372,0.8969305994086207,-0.010915928752783577,-1.2320257343711358,100.0,11.604180805658649,-88.39581919434136,78.1156550738447,0.0,100.0,0.11106812881614703,0.16474993851274833,0.0536818096966013,0.0,83.33333333333334,12,2.5239501132289726,1.239069180489874
Double DQN,404,200,5.348050204036986,12,1,0.903600058091904,0.8169644674133838,0.08663559067852022,9.587824823901087,59.995272942403645,100.0,40.004727057596355,76.84418916003467,0.0,100.0,0.10495374299576181,0.12093208603596778,0.01597834304020597,0.0,83.33333333333334,12,2.348672823707043,1.2191827482012803
