algorithm,seed,episode,reward,episode_length,success,skill_gap_initial,skill_gap_final,skill_gap_reduction,skill_gap_reduction_pct,quiz_initial,quiz_final,quiz_improvement,avg_quiz_score,course_completion,video_completion,learning_progress_initial,learning_progress_final,learning_progress_improvement,target_skill_coverage,recommendation_success,steps_to_skill_goal,average_q_value,std_q_value
DQN,42,1,4.829607800617707,12,1,0.836741839603006,0.8418065676017275,-0.0050647279987214855,-0.6052915916245395,94.13268090399085,83.59044260966216,-10.542238294328683,72.77039260764487,0.0,100.0,0.16709114078853082,0.12415284044307377,-0.04293830034545705,0.0,91.66666666666666,12,2.707021007279955,1.4187597889514885
DQN,42,2,5.479535297529896,12,1,0.882346933909034,0.7797633253573965,0.1025836085516375,11.62622145658336,85.92604580372078,77.50223408895044,-8.423811714770338,84.33094644221144,0.0,100.0,0.13737049436549997,0.20716172652297093,0.06979123215747096,0.0,91.66666666666666,12,2.4552495239596244,1.2977244851089464
DQN,42,3,4.582572105688042,12,1,0.8156981525350622,0.8603398135516738,-0.0446416610166116,-5.47281624677858,55.38799774848994,86.50485144892633,31.116853700436394,73.36928073288611,0.0,100.0,0.17760877139346917,0.14425678172305928,-0.03335198967040989,0.0,75.0,12,2.4761265556682894,1.2938806018048832
DQN,42,4,5.1955387035992615,12,1,0.8653123989448804,0.9029648320907121,-0.037652433145831665,-4.351310947554109,76.75136102191658,0.0,-76.75136102191658,79.73566749045968,0.0,100.0,0.1645176842131023,0.10228534291991084,-0.06223234129319147,0.0,91.66666666666666,12,2.720138436155604,1.2729042402572481
DQN,42,5,5.122383444729183,12,1,0.8047662172797866,0.8461938568835015,-0.04142763960371487,-5.147785619498993,67.93919306268612,0.1629157651254702,-67.77627729756064,80.67482172640842,0.0,100.0,0.1939299514855927,0.16451129312433477,-0.029418658361257927,0.0,91.66666666666666,12,2.8313520622267547,1.3173550382930435
DQN,42,6,5.628165774065037,12,1,0.8409198939609533,0.8450778361222367,-0.004157942161283401,-0.4944516345901156,86.33348049017857,67.86880964977397,-18.464670840404608,88.4730066672298,0.0,100.0,0.17922771643894786,0.16665735283591732,-0.012570363603030543,0.0,100.0,12,2.677737033445967,1.3242827564471578
DQN,42,7,4.696132435853625,12,1,0.8317208413428094,0.842064810801382,-0.010343969458572522,-1.2436828493887724,53.48336102543303,100.0,46.51663897456697,73.72487341073446,0.0,100.0,0.1794881863676029,0.15780330383111393,-0.021684882536488953,0.0,75.0,12,2.4835051973046807,1.3265084872083661
DQN,42,8,5.440035796987824,12,1,0.9401517498552632,0.8358385533134893,0.10431319654177384,11.095357377979981,88.06742608479983,54.120292385992165,-33.94713369880767,82.37778832631079,0.0,100.0,0.11019857041216338,0.17044978044833065,0.06025121003616726,0.0,91.66666666666666,12,2.443686231076239,1.3058299864632283
DQN,42,9,5.340048654253672,12,1,0.8461571763480773,0.8879324173198958,-0.041775240971818506,-4.937054502346233,96.71606189079893,70.25037586618248,-26.465686024616446,83.47272200454087,0.0,100.0,0.13513155853697048,0.1112242230381285,-0.023907335498841983,0.0,91.66666666666666,12,2.5292478497992197,1.2520803039048647
DQN,42,10,5.062244791424698,12,1,0.8779162317143749,0.8938689183472501,-0.01595268663287519,-1.8171080630008565,81.82827310501202,70.28005559093619,-11.54821751407583,80.08860778297624,0.0,100.0,0.1639521821281572,0.1263492780405253,-0.03760290408763192,0.0,100.0,12,2.493926300805407,1.3622825756535792
DQN,42,11,5.438403318632546,12,1,0.8762947839817304,0.8997489794537286,-0.02345419547199812,-2.6765188953226846,95.7000878501329,76.80005953669755,-18.900028313435357,83.32836989850645,0.0,100.0,0.12570532206455146,0.1480876930613906,0.02238237099683915,0.0,100.0,12,2.3812437942513824,1.2439756646942153
DQN,42,12,5.460141372914768,12,1,0.9210636107448655,0.8876373539875029,0.03342625675736266,3.629093188290307,83.41324410081367,77.65334769644197,-5.759896404371702,80.27189888307294,0.0,100.0,0.08863090215600233,0.13767635054932778,0.04904544839332545,0.0,100.0,12,2.084130502375072,1.1399234118710941
DQN,42,13,5.376979314308888,12,1,0.8363369854152507,0.9089097780218436,-0.07257279260659288,-8.677458234202051,99.05020881567937,88.03114732219848,-11.01906149348089,86.00876745406488,0.0,100.0,0.17365353928233296,0.09033951377724299,-0.08331402550508997,0.0,83.33333333333334,12,2.6969722963729184,1.3707567575925133
DQN,42,14,5.35649712558956,12,1,0.8744996584293283,0.8164787958246148,0.05802086260471351,6.634749601723532,98.8283692661606,80.48328394982208,-18.345085316338526,81.72899798255905,0.0,100.0,0.138576060894879,0.1686473766997012,0.030071315804822196,0.0,91.66666666666666,12,2.5837930603286954,1.2876738695285495
DQN,42,15,5.190851162319465,12,1,0.8134461000514632,0.8413418212751662,-0.027895721223702985,-3.429326321920794,97.48828212189264,0.0,-97.48828212189264,82.56699700748197,0.0,100.0,0.17127119983970776,0.15677459928682133,-0.01449660055288643,0.0,91.66666666666666,12,2.681756873930313,1.339913691137964
DQN,42,16,5.51246768632649,12,1,0.8819621007927732,0.904051204277663,-0.022089103484889794,-2.504541120875201,93.51267149966503,86.11044442008023,-7.402227079584804,86.54482437585433,0.0,100.0,0.15958280673170114,0.11386071743401745,-0.04572208929768369,0.0,91.66666666666666,12,2.6703321539054374,1.3375208420059939
DQN,42,17,5.393631301743356,12,1,0.8906735078259477,0.8602841401726653,0.030389367653282373,3.411953694172406,96.58090193167273,59.48102828557341,-37.09987364609932,85.50154946482405,0.0,100.0,0.1370431970823981,0.1794175910909379,0.04237439400853982,0.0,91.66666666666666,12,2.525091736349213,1.3207079205918788
DQN,42,18,5.280216620864625,12,1,0.8392312858507396,0.8282865437479359,0.010944742102803717,1.3041389527928395,99.6638989735831,0.0,-99.6638989735831,78.21434424809858,0.0,100.0,0.14228311431680782,0.16452333723955337,0.02224022292274555,0.0,91.66666666666666,12,2.589891877480528,1.3134723072477617
DQN,42,19,5.655822933393165,12,1,0.8570001252875423,0.8139616787753509,0.043038446512191464,5.02198835709051,89.96452598130683,98.12975335138677,8.165227370079933,89.9693690194692,0.0,100.0,0.1613854632821814,0.16403023196970967,0.002644768687528276,0.0,100.0,12,2.6827904622284104,1.3671010151759801
DQN,42,20,5.193843344065819,12,1,0.8026591985359588,0.8488259963282146,-0.046166797792255854,-5.7517309807778405,82.05064874046238,80.14778615716754,-1.9028625832948336,78.8340655621491,0.0,100.0,0.17895626410072626,0.11895016966990675,-0.060006094430819515,0.0,91.66666666666666,12,2.7529657223018553,1.2183488839440721
DQN,42,21,5.0654631062937225,12,1,0.762180467431069,0.8192610126218624,-0.05708054519079331,-7.489111520160496,92.57453475587063,23.172493884684506,-69.40204087118613,78.41805049358099,0.0,100.0,0.18969816121819247,0.17416090091035874,-0.015537260307833728,0.0,91.66666666666666,12,2.7384620087139937,1.4439211475586662
DQN,42,22,5.554592973629301,12,1,0.8497215027656517,0.8698709840561275,-0.02014948129047578,-2.3713041537602337,75.7289111145583,75.36300510733334,-0.36590600722496447,84.65962211112985,0.0,100.0,0.15224774713655542,0.14874059014923213,-0.00350715698732329,0.0,100.0,12,2.541556032208606,1.2664538115218462
DQN,42,23,5.426433382154498,12,1,0.8110748379595101,0.8137982099672977,-0.0027233720077876056,-0.33577320862758164,84.74166669347095,73.71606073282825,-11.025605960642693,84.3160817685564,0.0,100.0,0.1860854085434913,0.15681482126674962,-0.029270587276741672,0.0,100.0,12,2.7645532343125674,1.3075688400467536
DQN,42,24,5.460870533422792,12,1,0.8684174208328106,0.8109287750256506,0.057488645807159955,6.619932353732431,100.0,100.0,0.0,86.63722104310102,0.0,100.0,0.17089499179185644,0.1656557292870745,-0.005239262504781933,0.0,100.0,12,2.6738357610303987,1.3385770200991751
DQN,42,25,5.4249871586297145,12,1,0.8564599439042814,0.8073840710532652,0.04907587285101622,5.730083841083989,94.46982373285587,99.47334959628182,5.003525863425949,84.75296446201645,0.0,100.0,0.14518675536096673,0.19337910190626345,0.04819234654529672,0.0,91.66666666666666,12,2.605048402528586,1.36547819170332
DQN,42,26,5.193239554585193,12,1,0.9115318148882888,0.824144675615271,0.08738713927301778,9.58684467680674,81.10604778231402,2.9713123260307803,-78.13473545628324,76.43583530905023,0.0,100.0,0.0904642231843808,0.15281634658597654,0.06235212340159574,0.0,91.66666666666666,12,2.32502001312664,1.1839790505642196
DQN,42,27,5.293988743911157,12,1,0.8508280148951736,0.7895895306070523,0.061238484288121287,7.197516209626241,94.06123994151143,85.5787663862494,-8.482473555262033,86.61228088390885,0.0,100.0,0.15499592227559458,0.1935238436162957,0.03852792134070113,0.0,91.66666666666666,12,2.6321180682317356,1.3701364875799507
DQN,42,28,5.2287461429392845,12,1,0.8641061560767316,0.8671358969933461,-0.003029740916614565,-0.3506213785549663,100.0,100.0,0.0,78.75433946475441,0.0,100.0,0.15344584527471145,0.1587093473428468,0.005263502068135362,0.0,91.66666666666666,12,2.5946723362200848,1.3421188522816394
DQN,42,29,5.27886049213513,12,1,0.8872871140441424,0.8879465709171755,-0.0006594568730331485,-0.07432282770651627,97.11635681092174,14.824370842500997,-82.29198596842075,80.58058084257829,0.0,100.0,0.09453817460379714,0.14397405115741602,0.04943587655361888,0.0,91.66666666666666,12,2.4787602454059554,1.2016935264325517
DQN,42,30,5.384179739790216,12,1,0.8237739025019252,0.8577782733987711,-0.03400437089684594,-4.12787668965593,89.99711068064566,100.0,10.002889319354338,81.09695437876911,0.0,100.0,0.1415521854660643,0.1098174078684855,-0.0317347775975788,0.0,100.0,12,2.476854739128075,1.37680149765158
DQN,42,31,5.320570050227832,12,1,0.8911314543781254,0.8288749534742375,0.0622565009038879,6.986230886366086,96.65947386873331,28.16409952146865,-68.49537434726466,78.94909604123033,0.0,100.0,0.10210185032241988,0.14086588363447994,0.03876403331206006,0.0,83.33333333333334,12,2.4813212430483422,1.3126619055298858
DQN,42,32,5.319118320858976,12,1,0.8337213882252209,0.7946438999349571,0.03907748829026381,4.6871159648968295,51.32959748614616,99.71052648486408,48.38092899871791,82.07920951994807,0.0,100.0,0.158078790523272,0.2154536738365966,0.057374883313324604,0.0,91.66666666666666,12,2.4042420362340615,1.2248652752945628
DQN,42,33,4.918274134375514,12,1,0.8224682872433651,0.8593546257802588,-0.036886338536893715,-4.484834139991491,39.11107293447914,73.36277860366522,34.25170566918608,74.35894685662838,0.0,100.0,0.15662456684889436,0.12525106748189452,-0.031373499366999846,0.0,75.0,12,2.4384423272481723,1.296651355563666
DQN,42,34,4.874515212526942,12,1,0.8243698004064184,0.8536543961525069,-0.02928459574608855,-3.552361541100984,100.0,67.72375726357636,-32.27624273642364,77.01039139594911,0.0,100.0,0.18960030737244402,0.12123576923220572,-0.0683645381402383,0.0,83.33333333333334,12,2.722791534875149,1.2904729188216966
DQN,42,35,5.023704938444606,12,1,0.8957625338377495,0.8259605512462225,0.06980198259152703,7.792465073580577,36.960671894665495,69.25444232731071,32.29377043264522,74.72433575033071,0.0,100.0,0.10737318842325849,0.17602803213330281,0.06865484371004432,0.0,83.33333333333334,12,2.442383153533521,1.2068003799434013
DQN,42,36,4.966703422509522,12,1,0.7947803816283823,0.9066989867858697,-0.11191860515748742,-14.081702032979662,95.87718578748225,9.950602010469906,-85.92658377701234,76.78413469783557,0.0,100.0,0.17865931744223967,0.13358532313934182,-0.04507399430289785,0.0,75.0,12,2.621510016966929,1.325361216482642
DQN,42,37,4.832228663895433,12,1,0.8773721454917902,0.8911942782352436,-0.013822132743453341,-1.5754013635463286,10.06965144058593,35.550868558736745,25.481217118150816,68.12932261951762,0.0,100.0,0.10615160538857465,0.12528818951916076,0.01913658413058611,0.0,75.0,12,2.264226935949819,1.3013630491602903
DQN,42,38,5.669451341005355,12,1,0.8198647009297302,0.8280082117760609,-0.008143510846330693,-0.9932749680643544,93.00273225288437,86.85742986246339,-6.14530239042098,89.23112293486308,0.0,100.0,0.18031698413847297,0.1388833700103238,-0.041433614128149165,0.0,100.0,12,2.7416734575835204,1.3245474374598014
DQN,42,39,5.375765084448063,12,1,0.8529032412431107,0.8784733119132468,-0.02557007067013617,-2.9980036929942564,100.0,91.68304469980598,-8.316955300194024,83.71414676211411,0.0,100.0,0.14754172522635634,0.1328333040916243,-0.01470842113473203,0.0,91.66666666666666,12,2.606481555578959,1.2548726861317823
DQN,42,40,4.952431674363754,12,1,0.8411093611854691,0.7854084809135645,0.05570088027190456,6.6223113000905265,26.754237824580695,60.17798066080287,33.423742836222175,72.9107370630875,0.0,100.0,0.14277149164114608,0.1755085230644757,0.03273703142332962,0.0,83.33333333333334,12,2.3331123866319103,1.3004433783479363
DQN,42,41,5.24679013162891,12,1,0.8152393381499785,0.845212697395515,-0.029973359245536457,-3.6766330871072737,82.22888539171046,87.40195623074301,5.1730708390325475,77.7710731010919,0.0,100.0,0.15969489970506423,0.1485404493633028,-0.011154450341761435,0.0,100.0,12,2.570403299522327,1.3581967260751542
DQN,42,42,5.554606691280588,12,1,0.8977746493548464,0.8473817431712625,0.05039290618358394,5.6130907928617715,78.23591762297536,71.9648452195147,-6.271072403460664,86.44078373655528,0.0,100.0,0.09661721573992062,0.14963444768807313,0.05301723194815251,0.0,100.0,12,2.5064793111488846,1.204844260736893
DQN,42,43,5.554061430821623,12,1,0.8301872275696576,0.8912235753525481,-0.061036347782890576,-7.352118384376044,100.0,70.49540910116954,-29.504590898830457,89.56797320588616,0.0,100.0,0.1721255127274757,0.15493297570585718,-0.01719253702161852,0.0,100.0,12,2.8141691569651304,1.3477373591679709
DQN,42,44,4.951764708760511,12,1,0.8375765399612755,0.8648846690773716,-0.027308129116096147,-3.2603741644147184,89.51370916662272,64.9414728755646,-24.57223629105812,76.4570379339376,0.0,100.0,0.1627962746552802,0.14516329132052397,-0.01763298333475624,0.0,91.66666666666666,12,2.7146678690318313,1.3755349511006043
DQN,42,45,5.579616631234301,12,1,0.8897209867027295,0.8818690839597265,0.007851902743002959,0.8825129293737127,89.04144008872672,100.0,10.958559911273284,83.54632176557622,0.0,100.0,0.10469848069953626,0.12772394778655322,0.023025467087016957,0.0,100.0,12,2.2614244441954585,1.2137145831590013
DQN,42,46,5.053145421301423,12,1,0.7731270929710347,0.8237152658911521,-0.050588172920117414,-6.5433191230840375,79.93672013063924,95.96688865411278,16.030168523473534,80.62848572767935,0.0,100.0,0.20615385583318638,0.13348880589026735,-0.07266504994291903,0.0,100.0,12,2.8317921383583116,1.3605513963480054
DQN,42,47,5.327611595341819,12,1,0.8456858104262993,0.8644519042390817,-0.01876609381278238,-2.2190385106878683,63.33738734095433,58.94169455559092,-4.3956927853634085,79.44984906359784,0.0,100.0,0.10689502608832686,0.18455685269635314,0.07766182660802627,0.0,83.33333333333334,12,2.490262313563161,1.1440379229776392
DQN,42,48,5.195255178604288,12,1,0.8765775234244426,0.757863317381999,0.11871420604244365,13.542921518073388,92.28266462581004,0.0,-92.28266462581004,76.81105129443758,0.0,100.0,0.13893154519907375,0.20183705577869704,0.06290551057962329,0.0,75.0,12,2.5088154329665713,1.2657814935263854
DQN,42,49,5.100059470594451,12,1,0.9022682864389967,0.9171999234303507,-0.014931636991354025,-1.6548999023655218,83.27477514587164,62.48724481665553,-20.78753032921611,79.88194870394771,0.0,100.0,0.12588528530017895,0.14005939734901757,0.014174112048838616,0.0,100.0,12,2.519088908218386,1.3352634793405822
DQN,42,50,5.461048333506465,12,1,0.8683667846372891,0.8355149561725324,0.03285182846475676,3.7831742353524893,85.88385374495907,100.0,14.116146255040931,86.6559174086997,0.0,100.0,0.148420022632632,0.14606769936953834,-0.0023523232630936475,0.0,100.0,12,2.5334776300433224,1.314579696887276
DQN,42,51,5.441639778610543,12,1,0.9199744405144508,0.8836858329207476,0.036288607593703115,3.9445234558267166,97.66710345530949,66.56099690623448,-31.106106549075008,86.41413753388171,0.0,100.0,0.10977181924170368,0.12684190701261386,0.01707008777091018,0.0,100.0,12,2.322667651655987,1.1591013223742126
DQN,42,52,5.5922066601320815,12,1,0.8525992492642924,0.8098174025154554,0.042781846748837005,5.017814264527378,72.99727210376929,100.0,27.00272789623071,88.5943417551013,0.0,100.0,0.1461105741902487,0.18199976820932676,0.03588919401907806,0.0,100.0,12,2.578158358410731,1.3040870137291758
DQN,42,53,5.006882720417287,12,1,0.8248458643276448,0.8665637862519029,-0.04171792192425805,-5.057662737784774,100.0,77.37898142516573,-22.621018574834267,80.62711195927027,0.0,100.0,0.18455938776001324,0.12367023377332312,-0.06088915398669012,0.0,91.66666666666666,12,2.88119028892647,1.3689404951708515
DQN,42,54,5.44417442478937,12,1,0.839496955318302,0.8130787321652697,0.026418223153032327,3.1469111335866184,78.48377556759311,70.90871159511151,-7.575063972481601,87.05459375655501,0.0,100.0,0.17138873211684583,0.17691228368857312,0.005523551571727292,0.0,100.0,12,2.6957206449402364,1.305419814842425
DQN,42,55,5.31291877663994,12,1,0.8811858280510517,0.8279157333402013,0.053270094710850424,6.045273654555893,74.89421942151694,25.615041792915903,-49.27917762860103,79.12066504201421,0.0,100.0,0.10220068056346131,0.14547159747073027,0.04327091690726896,0.0,91.66666666666666,12,2.339924538497353,1.2729347118034127
DQN,42,56,5.000406750887694,12,1,0.8906434040874714,0.868025698385136,0.022617705702335456,2.539479391924418,99.02834915079491,31.568958662023615,-67.45939048877129,77.19821397839218,0.0,100.0,0.13640798750610936,0.14681861292686837,0.010410625420759018,0.0,83.33333333333334,12,2.5302572902336853,1.3820779213562335
DQN,42,57,5.2155304322732405,12,1,0.8667243940897709,0.7809650195650384,0.08575937452473248,9.89465337649767,99.48386370302791,0.0,-99.48386370302791,82.08700924500094,0.0,100.0,0.15647825233743387,0.1947151855553611,0.03823693321792723,0.0,91.66666666666666,12,2.6701781084710685,1.2899063396509014
DQN,42,58,4.3531088987431374,12,1,0.7893467175153984,0.8103551533303545,-0.02100843581495604,-2.6614965703643674,71.5041527399498,97.80254564992866,26.29839290997886,69.62802327925087,0.0,100.0,0.1897887719546252,0.16666420246539823,-0.023124569489226976,0.0,75.0,12,2.714710507791977,1.4376939661007364
DQN,42,59,5.292041178494059,12,1,0.856698544825792,0.807201248056639,0.04949729676915304,5.777679566295776,86.24743004620237,16.717974301492085,-69.52945574471028,80.29924701264459,0.0,100.0,0.11635534900914148,0.166967378374656,0.050612029365514524,0.0,91.66666666666666,12,2.563586405761501,1.1902966522252696
DQN,42,60,5.580816370871135,12,1,0.8837584890180039,0.8684396139325876,0.015318875085416295,1.7333779845711015,90.78483540280504,88.86341926069605,-1.9214161421089955,89.19559881787889,0.0,100.0,0.11489937810828645,0.12595607600784603,0.011056697899559584,0.0,100.0,12,2.779587934977108,1.1919491722052444
DQN,42,61,5.426149597926492,12,1,0.8866371302599984,0.8623953333901389,0.0242417968698595,2.7341283195246753,100.0,77.07829325487502,-22.92170674512498,81.40531243903564,0.0,100.0,0.0949181161779419,0.16469382497088383,0.06977570879294194,0.0,100.0,12,2.218003344739358,1.243809539679517
DQN,42,62,5.394999199234743,12,1,0.8523137585874313,0.882463463022481,-0.030149704435049718,-3.5373950181231204,84.94616736850827,96.01829605592232,11.07212868741405,85.05732143479554,0.0,100.0,0.15453760639014494,0.13506361662331465,-0.01947398976683029,0.0,100.0,12,2.7756600017246753,1.3139395837582815
DQN,42,63,4.0574480685066465,12,1,0.8292210903332432,0.820320873585971,0.00890021674727215,1.0733225253225742,61.14970055934751,86.6077691159702,25.458068556622692,62.30159247468928,0.0,100.0,0.14431923080694978,0.21440092685973544,0.07008169605278566,0.0,75.0,12,2.5161068977165786,1.2989364418152614
DQN,42,64,5.421404457608232,12,1,0.839411323573638,0.8428157349893306,-0.0034044114156925875,-0.40557129980078627,75.01389332903389,91.24872243741666,16.23482910838277,81.24617155139437,0.0,100.0,0.13765117966188545,0.15055756027219439,0.012906380610308937,0.0,91.66666666666666,12,2.625906566969798,1.348386274366072
DQN,42,65,5.311067860228598,12,1,0.8045817338748972,0.8840182167155712,-0.07943648284067406,-9.873015940606164,100.0,3.1291841168874748,-96.87081588311253,85.12885005395604,0.0,100.0,0.17440489698362036,0.09815401663849962,-0.07625088034512073,0.0,91.66666666666666,12,2.7892562888538284,1.3337403224717734
DQN,42,66,4.836616113842627,12,1,0.8056136933065279,0.8814089338975533,-0.07579524059102538,-9.40838533664125,57.70698369160494,0.0,-57.70698369160494,71.83484471165148,0.0,100.0,0.17569372251640689,0.10013647774225007,-0.07555724477415682,0.0,75.0,12,2.6154737343684507,1.3061018884535622
DQN,42,67,5.483824788276262,12,1,0.9009853390545903,0.8236059805016784,0.07737935855291189,8.58830384899565,92.2077159244419,63.692518820436185,-28.515197104005715,83.70858427423242,0.0,100.0,0.10069808375167287,0.1295706580359518,0.028872574284278932,0.0,100.0,12,2.337424380838221,1.1972629580304817
DQN,42,68,5.548308918952295,12,1,0.8644833721854912,0.8437251878958921,0.02075818428959908,2.4012242406838356,74.24289432519149,76.4738166000207,2.2309222748292115,87.52189348390515,0.0,100.0,0.14660700337094873,0.1721592535266255,0.025552250155676776,0.0,100.0,12,2.5990401107039687,1.2524241606141944
DQN,42,69,5.1494027254548485,12,1,0.8301990897876109,0.8200300596665935,0.010169030121017442,1.2248905408483375,100.0,95.62939638395308,-4.370603616046921,79.80538412113945,0.0,100.0,0.16878225072588451,0.19083336653495953,0.02205111580907501,0.0,91.66666666666666,12,2.6185701868378866,1.3835199756640544
DQN,42,70,4.896214402226885,12,1,0.8374737361872147,0.8187873578245259,0.018686378362688716,2.2312793291599338,92.24819499007677,1.80489874275941,-90.44329624731736,77.87610615096703,0.0,100.0,0.17916965359069092,0.16944665368586748,-0.009722999904823448,0.0,91.66666666666666,12,2.7178923064929443,1.2724999684252534
DQN,42,71,5.722388298966741,12,1,0.7880174904333186,0.8589492031527779,-0.0709317127194593,-9.001286593328665,86.11971777633161,80.88216007886263,-5.237557697468986,90.87137525353177,0.0,100.0,0.17792169564063856,0.16529204935816785,-0.012629646282470708,0.0,100.0,12,2.8068229546049874,1.2995395649223433
DQN,42,72,5.312974733765849,12,1,0.878531679668788,0.8530992735927494,0.025432406076038583,2.8948763789174636,72.00298675436008,94.0869942766144,22.084007522254325,79.852818831906,0.0,100.0,0.09290496043242762,0.1827813675819818,0.08987640714955418,0.0,91.66666666666666,12,2.2385002409195613,1.2532032131695316
DQN,42,73,5.093967017172463,12,1,0.8576367923568954,0.7841137988668709,0.07352299349002445,8.572742464554707,94.85583128746205,84.19732844751877,-10.658502839943282,78.6844847872913,0.0,100.0,0.13052927679003823,0.20328645801723258,0.07275718122719435,0.0,91.66666666666666,12,2.67804793959792,1.3084728292048424
DQN,42,74,5.319547016559161,12,1,0.8161706765948861,0.8491895705423929,-0.03301889394750679,-4.045586896758363,82.51884851899001,63.32441415279303,-19.19443436619698,82.44851910162903,0.0,100.0,0.1787458718868098,0.15604553202492066,-0.02270033986188913,0.0,100.0,12,2.7823913066381194,1.397614334907749
DQN,42,75,5.148086139154333,12,1,0.7954191391809581,0.7796532000203442,0.015765939160613862,1.9820920045811354,98.91482542823942,0.5295653628287558,-98.38526006541066,78.95925684734415,0.0,100.0,0.17234911431186506,0.19157862434297887,0.01922951003111381,0.0,91.66666666666666,12,2.6650610804004513,1.3156590898029454
DQN,42,76,5.096573619000061,12,1,0.8573029630638496,0.8150209722830798,0.042281990780769774,4.931977679123071,88.05036811706587,93.07943476673418,5.029066649668309,79.57575008865234,0.0,100.0,0.13647843548319774,0.14983685139203534,0.013358415908837601,0.0,91.66666666666666,12,2.4864657216745027,1.2795851293605207
DQN,42,77,5.651923188881595,12,1,0.9039070230814437,0.8164577241053242,0.08744929897611942,9.67459005661914,90.36894902612102,72.8434261324162,-17.525522893704817,86.4281777919753,0.0,100.0,0.09941719820885567,0.1891925323799999,0.08977533417114422,0.0,100.0,12,2.3617090363484725,1.1453951510850346
DQN,42,78,4.837896866876649,12,1,0.8458330461099713,0.8692418750260773,-0.02340882891610596,-2.7675472155840137,79.2234477093968,50.00643910542617,-29.217008603970626,75.48971927609654,0.0,100.0,0.1920906889979833,0.14232445479617026,-0.04976623420181303,0.0,75.0,12,2.732381159093975,1.314713237530046
DQN,42,79,5.538135449219476,12,1,0.8371782602353095,0.8264646167519365,0.010713643483373003,1.2797326438411898,100.0,94.6705813274915,-5.3294186725084955,85.8292752671016,0.0,100.0,0.16314933319348784,0.14945938639922263,-0.013689946794265218,0.0,91.66666666666666,12,2.573054405735594,1.354965190111756
DQN,42,80,4.907361760142741,12,1,0.9059374905613197,0.8693277822944779,0.036609708266841734,4.041085466521352,78.61290106105793,80.91657305954597,2.303671998488042,76.63688321935611,0.0,100.0,0.14079002771434102,0.17086869445090944,0.03007866673656842,0.0,83.33333333333334,12,2.352511595281825,1.2914335054562573
DQN,42,81,5.356542044015755,12,1,0.8475804338824083,0.8331341772887131,0.01444625659369525,1.7044112884393807,87.7254911072188,84.41750989597168,-3.3079812112471245,82.39328211026454,0.0,100.0,0.16263678723543484,0.1507792090401191,-0.011857578195315743,0.0,100.0,12,2.6575594250477064,1.3310431227447868
DQN,42,82,5.038812131276979,12,1,0.8897421345330395,0.9183483603470088,-0.02860622581396932,-3.215114211600492,57.671484846519284,82.99029204494937,25.318807198430086,75.6517139817992,0.0,100.0,0.10677312936039872,0.12768817645351443,0.020915047093115716,0.0,83.33333333333334,12,2.440387669948627,1.2691162072583115
DQN,42,83,4.817324226744407,12,1,0.7867932074691002,0.8366800378232172,-0.04988683035411701,-6.340526313717092,100.0,65.99138471306165,-34.00861528693835,74.65830473835162,0.0,100.0,0.18588488454964558,0.15366059144471628,-0.0322242931049293,0.0,91.66666666666666,12,2.810834930337806,1.4074196830609011
DQN,42,84,5.370843904578161,12,1,0.8805152260258158,0.7897366494316638,0.090778576594152,10.309711168071326,69.91412630182712,100.0,30.085873698172875,80.14920680021592,0.0,100.0,0.10751202511254307,0.18966009774584497,0.0821480726333019,0.0,100.0,12,2.3687185513167965,1.2634308439549269
DQN,42,85,4.969217989298222,12,1,0.9270869525117341,0.8301450589090373,0.09694189360269678,10.456612871107124,65.53938936268979,79.76710213560094,14.227712772911147,72.76878764025142,0.0,100.0,0.08224205198178564,0.14535567197473653,0.0631136199929509,0.0,75.0,12,2.3350982290285542,1.2642336544552772
DQN,42,86,5.596812856076582,12,1,0.8466586462060706,0.8163588698175326,0.03029977638853798,3.5787476481003457,65.26281022191583,81.58146566143549,16.31865543951966,82.87407185090903,0.0,100.0,0.13258802191355445,0.1511210220463809,0.018533000132826438,0.0,100.0,12,2.4745125678638558,1.2288020253321301
DQN,42,87,5.732377603655401,12,1,0.8727809653934602,0.861660324218972,0.011120641174488188,1.2741617445191267,99.43464348329333,97.28742618685797,-2.1472172964353575,88.98199642411737,0.0,100.0,0.11708519943528826,0.1236026434752716,0.006517444039983333,0.0,100.0,12,2.4453017525593173,1.2877443942274096
DQN,42,88,4.783489290268297,12,1,0.7633082976139323,0.8223431082023396,-0.059034810588407316,-7.7340716422116085,74.64783335958418,88.92615529802522,14.278321938441039,70.82289424674914,0.0,100.0,0.22764838298052817,0.19846522014101867,-0.029183162839509502,0.0,75.0,12,2.910768271701604,1.3446251596806866
DQN,42,89,5.429712862534737,12,1,0.9060728105570345,0.8960005715926723,0.010072238964362157,1.1116368184770886,88.85075577242618,8.218029463505836,-80.63272630892035,82.78189580163662,0.0,100.0,0.125899786162113,0.10438230965238515,-0.02151747650972785,0.0,91.66666666666666,12,2.659389615308089,1.305465419377899
DQN,42,90,5.123331325820969,12,1,0.8339319023084011,0.816219899083707,0.01771200322469413,2.123914815546168,79.46440890958854,75.81743875114732,-3.6469701584412206,79.16987532474367,0.0,100.0,0.15987805892031176,0.1648685098143514,0.0049904508940396275,0.0,83.33333333333334,12,2.725038836526533,1.3949007898618822
DQN,42,91,5.365755809840249,12,1,0.8239525002730916,0.7513717632653331,0.07258073700775858,8.808849658651724,95.58134224565484,67.13004461598855,-28.451297629666286,84.44698362608618,0.0,100.0,0.17092435065794825,0.2248563201978924,0.05393196953994414,0.0,91.66666666666666,12,2.738240065857586,1.3785387363848587
DQN,42,92,5.263316319248402,12,1,0.8822462574531824,0.9091135841435977,-0.02686732669041525,-3.045331897238567,81.55328499491974,85.36205275991804,3.808767764998308,81.99569918209322,0.0,100.0,0.16015513598903022,0.11546413663993081,-0.04469099934909941,0.0,100.0,12,2.5786610785878747,1.338816241223138
DQN,42,93,4.970079897795053,12,1,0.8262822984743654,0.8361533065475371,-0.00987100807317165,-1.1946290137641,85.80877094413572,66.23894077104546,-19.569830173090253,78.20878631360272,0.0,100.0,0.17501286687802586,0.19462075286101854,0.01960788598299268,0.0,91.66666666666666,12,2.827522399437471,1.3430563372343907
DQN,42,94,5.4952194922343285,12,1,0.8281227974716661,0.8576183403868732,-0.029495542915207174,-3.56173540992468,100.0,100.0,0.0,86.06768275137472,0.0,100.0,0.19208065522452478,0.14940839509147666,-0.04267226013304812,0.0,100.0,12,2.7959937665541754,1.4114722704167308
DQN,42,95,5.229437815815111,12,1,0.8802724754871052,0.7827537577479025,0.09751871773920273,11.078242300514967,59.92788739518571,73.24552751850224,13.317640123316536,77.83376610480788,0.0,100.0,0.1350857659585059,0.19811673897676868,0.06303097301826277,0.0,75.0,12,2.585663806241258,1.3303883354846258
DQN,42,96,5.372075649793291,12,1,0.8697727216834179,0.8127595989290721,0.05701312275434578,6.554944910665704,98.57417119153801,62.99956572521984,-35.574605466318175,83.63656799139083,0.0,100.0,0.15391569614564263,0.13532126760051913,-0.018594428545123498,0.0,100.0,12,2.5342163665478545,1.3717316042056036
DQN,42,97,5.652476445615172,12,1,0.9256685053774781,0.8225162507570849,0.10315225462039324,11.143541561709373,86.75465535944778,85.41151283098407,-1.3431425284637157,86.46244832951707,0.0,100.0,0.11043614450529124,0.14098956364792034,0.0305534191426291,0.0,100.0,12,2.4345076847724436,1.2380491338225554
DQN,42,98,5.231279936773425,12,1,0.8661111389449679,0.8529969799419209,0.013114159003047021,1.51414274835695,77.16503424982206,13.688025154074046,-63.47700909574801,77.66538452696763,0.0,100.0,0.12130484310353415,0.12435141373317686,0.0030465706296427114,0.0,91.66666666666666,12,2.328816720435972,1.1963991435457113
DQN,42,99,5.657351840884005,12,1,0.8501165857332845,0.8678117273875454,-0.017695141654260893,-2.081495873768609,96.79175055902344,84.38443600501056,-12.407314554012885,87.6277340075473,0.0,100.0,0.16504756704159254,0.1466314445598104,-0.01841612248178215,0.0,100.0,12,2.669892694383064,1.3328308912565558
DQN,42,100,5.718902835355055,12,1,0.8374117291755651,0.882668739170423,-0.04525700999485793,-5.404391701011117,100.0,100.0,0.0,90.55871232173536,0.0,100.0,0.14310104131045373,0.14389172604056322,0.0007906847301094866,0.0,91.66666666666666,12,2.596817219701871,1.3375240672186097
DQN,42,101,4.712957168160992,12,1,0.8626829911770784,0.8009636442271644,0.06171934694991399,7.154348420119157,91.05330787234183,53.94393500989403,-37.109372862447806,72.30191898552133,0.0,100.0,0.15979750064449616,0.20408992258286943,0.044292421938373266,0.0,75.0,12,2.7429488769184402,1.3618033319217848
DQN,42,102,5.172494272948987,12,1,0.8507187045555952,0.8187068773704185,0.0320118271851767,3.7629156398881904,89.77228850154087,87.28805582091772,-2.484232680623151,78.51603719159948,0.0,100.0,0.13564789762590404,0.19017705989292205,0.05452916226701801,0.0,83.33333333333334,12,2.5062713817028666,1.2914682729874887
DQN,42,103,5.13009182468117,12,1,0.8205935410064565,0.8594860125090966,-0.03889247150264008,-4.739553696089118,29.700520285823263,70.60589711272974,40.905376826906476,79.78501131856748,0.0,100.0,0.16333276826142587,0.17529115974999473,0.011958391488568865,0.0,91.66666666666666,12,2.663135946925777,1.3065197688983037
DQN,42,104,4.786855273227028,12,1,0.9116745424159177,0.8697620944211282,0.04191244799478955,4.597303757514439,95.58155213910717,71.93826220966606,-23.64328992944111,74.70521520393321,0.0,100.0,0.14657466849990478,0.12760371715122776,-0.018970951348677018,0.0,91.66666666666666,12,2.358782000337303,1.3532965430981667
DQN,42,105,5.43768050829238,12,1,0.8159191722113752,0.8770300162196518,-0.0611108440082766,-7.489815914320124,80.36978210985065,94.48126085070598,14.111478740855333,85.02741115444317,0.0,100.0,0.18494943995191102,0.13109748123233125,-0.05385195871957976,0.0,100.0,12,2.6453010553960215,1.2931429740219194
DQN,42,106,5.023108791472681,12,1,0.8459700576655524,0.7968558329222917,0.04911422474326077,5.805669396714947,93.56531099825963,91.00991733570798,-2.5553936625516513,76.30466434747824,0.0,100.0,0.15208183036032716,0.17608170278169677,0.02399987242136961,0.0,91.66666666666666,12,2.7087910819906065,1.2704331404524145
DQN,42,107,3.601442323643547,12,0,0.7960882408629318,0.9358133667244719,-0.13972512586154007,-17.55146209798086,91.48977112366298,13.193057129076719,-78.29671399458626,54.95635934025492,0.0,100.0,0.22349437155988555,0.08984747632399945,-0.1336468952358861,0.0,58.333333333333336,12,2.956627816967964,1.3404181841909912
DQN,42,108,5.340500017333142,12,1,0.8382455532115898,0.8062492002091141,0.03199635300247572,3.8170620625289744,95.31261858331077,83.15032122623435,-12.162297357076412,83.78821443881357,0.0,100.0,0.17793510200964224,0.19229826373380518,0.014363161724162937,0.0,91.66666666666666,12,2.648825337138487,1.397581798163578
DQN,42,109,5.055645000985866,12,1,0.7785778491551902,0.9023601267512831,-0.12378227759609284,-15.898510050138853,100.0,79.74361783023784,-20.256382169762162,80.3838144954151,0.0,100.0,0.21825746297582696,0.11509695575892961,-0.10316050721689735,0.0,100.0,12,2.963059257656601,1.3837464538170319
DQN,42,110,4.942128189178932,12,1,0.8496187436668432,0.8740070320902624,-0.024388288423419224,-2.87049792688925,37.543717082228625,82.09398364149736,44.550266559268735,74.12970655328691,0.0,100.0,0.14498720203023166,0.10976884905036449,-0.03521835297986717,0.0,83.33333333333334,12,2.3068338740988845,1.2329036054857736
DQN,42,111,5.766972560705741,12,1,0.8026548181690691,0.8211906130771596,-0.01853579490809043,-2.3093108629650185,99.4818837647987,88.1526463176016,-11.329237447197102,89.58658310921449,0.0,100.0,0.15739244669809804,0.16084172245343653,0.003449275755338488,0.0,100.0,12,2.572505289486651,1.3183767521173426
DQN,42,112,5.6126293633713,12,1,0.8222906462927181,0.8579289513052618,-0.035638305012543725,-4.334027776336549,100.0,95.54661558917749,-4.453384410822508,88.4152319152388,0.0,100.0,0.16648157147183568,0.1743181568319764,0.00783658536014073,0.0,100.0,12,2.508828669393418,1.2327067780564605
DQN,42,113,5.381458609696314,12,1,0.8337729566756995,0.8547203048780807,-0.0209473482023812,-2.5123563956666906,97.32972388688557,100.0,2.6702761131144257,82.29527272122714,0.0,100.0,0.16318292985740773,0.15354737702199386,-0.009635552835413869,0.0,83.33333333333334,12,2.6497917046729316,1.446931884098825
DQN,42,114,5.603611158550347,12,1,0.8455347356946644,0.8909708136743697,-0.04543607797970528,-5.373650077471559,83.39910474456192,73.15346239995154,-10.245642344610388,87.23082988993478,0.0,100.0,0.138107835292553,0.1430367233575488,0.004928888064995807,0.0,100.0,12,2.4503502124406396,1.276515031779797
DQN,42,115,5.008831471901686,12,1,0.8506279433993322,0.8655558628773038,-0.014927919477971563,-1.7549293546971527,54.136549906729584,59.384219717161635,5.2476698104320505,75.81571801593402,0.0,100.0,0.15796266486060592,0.1374108721511845,-0.020551792709421424,0.0,66.66666666666666,12,2.4220812434508745,1.2436185161089544
DQN,42,116,5.548124024032696,12,1,0.8271455140052113,0.8493854326699427,-0.022239918664731406,-2.688755278021285,37.413600888911475,100.0,62.586399111088525,86.77216346642558,0.0,100.0,0.1435899819017616,0.18068144526179405,0.03709146336003247,0.0,91.66666666666666,12,2.531823386636226,1.2102763145354813
DQN,42,117,5.294142902192258,12,1,0.906494105058442,0.8319505071495816,0.07454359790886034,8.223285456892683,88.35104172467987,100.0,11.648958275320126,79.83672651729998,0.0,100.0,0.12052887025590915,0.11039817934665903,-0.010130690909250117,0.0,91.66666666666666,12,2.4764707134459045,1.238196080046108
DQN,42,118,5.495437652842417,12,1,0.8218705133484487,0.873484907532772,-0.05161439418432323,-6.280112663251158,42.496275817242065,87.0872659739241,44.59099015668204,83.7923441454764,0.0,100.0,0.16431604089908192,0.13712102143935137,-0.027195019459730546,0.0,91.66666666666666,12,2.621257085173203,1.3218537394654
DQN,42,119,5.22423514276218,12,1,0.8201123819895342,0.7810891994605349,0.03902318252899928,4.758272571660462,84.58996335486567,96.75844481701542,12.168481462149742,81.73389132246729,0.0,100.0,0.17899503422363103,0.19297680287067798,0.01398176864704695,0.0,91.66666666666666,12,2.707251076109056,1.3407513060328402
DQN,42,120,5.200580374256183,12,1,0.8473472811734505,0.8339437059540756,0.013403575219374853,1.581827842866609,78.77558990677527,4.740076482202138,-74.03551342457313,81.79607968845802,0.0,100.0,0.1635756274957606,0.12711528625147764,-0.03646034124428296,0.0,91.66666666666666,12,2.7292816356274057,1.2517995625962914
DQN,42,121,5.169813234722444,12,1,0.8671565285770526,0.8933376572507786,-0.026181128673726017,-3.0191929381754807,90.05632571813723,48.18335618948128,-41.87296952865595,79.1247384872985,0.0,100.0,0.14396234724624607,0.1291791864644155,-0.014783160781830562,0.0,91.66666666666666,12,2.5862803865856536,1.3922591863733094
DQN,42,122,5.694896123031358,12,1,0.8942368020726337,0.8267130017142044,0.06752380035842931,7.550997700153336,85.1095432421109,100.0,14.890456757889098,88.4077984874145,0.0,100.0,0.11928542689698513,0.15664729483506035,0.03736186793807522,0.0,100.0,12,2.4193992434705636,1.3816968179132159
DQN,42,123,5.215017588622776,12,1,0.8474177505210084,0.7667699599765387,0.08064779054446969,9.516887095518817,100.0,0.0,-100.0,81.6009193220669,0.0,100.0,0.16391374262984795,0.18888738698311777,0.02497364435326982,0.0,91.66666666666666,12,2.680692956285602,1.3503211410621225
DQN,42,124,5.711325100624061,12,1,0.8324341495700176,0.8786894114046728,-0.046255261834655226,-5.55662713483676,100.0,90.47485931596657,-9.525140684033431,89.3873175376862,0.0,100.0,0.16908753868484327,0.15795618224954877,-0.011131356435294504,0.0,100.0,12,2.7083875869761673,1.377320459541577
DQN,42,125,4.775516210824434,12,1,0.8645696045696539,0.8020867074371534,0.06248289713250055,7.2270522584010894,73.18197563355146,92.89566949586707,19.71369386231561,76.58428358516082,0.0,100.0,0.17063175906339176,0.1787881751412774,0.008156416077885642,0.0,91.66666666666666,12,2.4356508263047156,1.331974940448208
DQN,42,126,4.851931868728553,12,1,0.8278784888660031,0.9297965615975766,-0.1019180727315735,-12.310752616748992,21.677443854296392,46.56040900364656,24.88296514935017,71.1033358510541,0.0,100.0,0.1294977885298835,0.11874766354483916,-0.010750124985044338,0.0,75.0,12,2.3820890103681833,1.2925565706445994
DQN,42,127,5.2935994905166615,12,1,0.8656302415198004,0.814199535849031,0.05143070567076935,5.941417386304765,94.51877000365397,54.83281031997437,-39.6859596836796,83.70070251437365,0.0,100.0,0.17272836857760643,0.17293749223180055,0.00020912365419412104,0.0,83.33333333333334,12,2.7364848268911994,1.3342916461630854
DQN,42,128,5.417652912523288,12,1,0.8438499154315681,0.8688577053370141,-0.025007789905446054,-2.9635352742384744,99.51191727105795,67.66662162738794,-31.845295643670013,83.58170889747286,0.0,100.0,0.1678347853766482,0.15014130311120982,-0.017693482265438376,0.0,100.0,12,2.7727694801790013,1.3933406916347826
DQN,42,129,5.200813448844415,12,1,0.8930030235426738,0.8396815647995919,0.05332145874308192,5.971027794681801,78.50785006817489,58.011607166703484,-20.496242901471405,78.91260075843614,0.0,100.0,0.1475844613280884,0.11571451295532317,-0.03186994837276522,0.0,91.66666666666666,12,2.4349253463566973,1.3486268545980777
DQN,42,130,5.452525080116404,12,1,0.8199509890513674,0.901185640417981,-0.08123465136661356,-9.907256952101129,100.0,87.48179539826086,-12.518204601739143,89.02378709233246,0.0,100.0,0.2115361915073424,0.14829424360226173,-0.06324194790508067,0.0,100.0,12,2.8139894434660193,1.326966241788599
DQN,42,131,5.614619921400527,12,1,0.8294737853637157,0.8752985367572996,-0.045824751393583885,-5.524556918153864,100.0,91.36820693616124,-8.631793063838757,88.116137080255,0.0,100.0,0.15633771886978384,0.1338137085099888,-0.022524010359795038,0.0,100.0,12,2.650890295890035,1.4419733892452926
DQN,42,132,5.386220342231965,12,1,0.8488381103866327,0.8550509232973681,-0.006212812910735388,-0.7319196481300241,41.062986122107425,94.11346154470341,53.05047542259599,84.95889445572452,0.0,100.0,0.1550214627826762,0.13058054241071193,-0.02444092037196427,0.0,91.66666666666666,12,2.6017296352244346,1.3348742954191601
DQN,42,133,5.080792959215257,12,1,0.82594260574144,0.7844772995643199,0.041465306177120076,5.02036169206904,95.78777708453649,73.50346861235244,-22.28430847218405,79.51936428942818,0.0,100.0,0.1445087756614816,0.17039830363358466,0.02588952797210306,0.0,83.33333333333334,12,2.7499709762407902,1.343829221417009
DQN,42,134,5.151530479998481,12,1,0.8940063329134528,0.7949046446313499,0.09910168828210286,11.085121506817863,94.69423340426394,12.785982462454887,-81.90825094180906,76.68165899686532,0.0,100.0,0.1363524330017761,0.17007810422845912,0.03372567122668302,0.0,91.66666666666666,12,2.4037295204848026,1.2601070773692948
DQN,42,135,5.312990822132601,12,1,0.8432118105259001,0.9103280602733663,-0.06711624974746622,-7.959595549972989,93.81656812397885,67.34428730786856,-26.4722808161103,80.21675306345296,0.0,100.0,0.1279817066777339,0.1463309452523436,0.01834923857460971,0.0,91.66666666666666,12,2.599503085694462,1.2834147175878348
DQN,42,136,5.197246071778342,12,1,0.8930298658652482,0.9491974281497951,-0.05616756228454689,-6.28955026382311,94.10498678561426,85.72597393431177,-8.379012851302491,81.74932228256344,0.0,100.0,0.13899608283832754,0.10947352185074516,-0.02952256098758238,0.0,100.0,12,2.3688040053637542,1.3338282095942124
DQN,42,137,5.669819564625131,12,1,0.9204828150618564,0.8475543811989823,0.07292843386287406,7.922845779361268,60.338455276234285,91.35786840543417,31.01941312919989,86.6596076301084,0.0,100.0,0.10336683140266593,0.17629841769160287,0.07293158628893694,0.0,100.0,12,2.343275962821401,1.1133841349814668
DQN,42,138,5.614621771205467,12,1,0.8471738518780298,0.8469534274392331,0.00022042443879677354,0.026018796296431106,99.08148990375557,83.46301967063872,-15.618470233116852,89.10522091418595,0.0,100.0,0.16456264334924128,0.14977398236968775,-0.01478866097955353,0.0,100.0,12,2.6992415997349606,1.388495982940023
DQN,42,139,5.412406248499389,12,1,0.8772058914371323,0.834723880573768,0.04248201086336434,4.8428779694771285,92.38131232718393,90.76902353815865,-1.6122887890252855,83.51804909921766,0.0,100.0,0.12562039245506865,0.13639842439609884,0.010778031941030192,0.0,100.0,12,2.484438520667244,1.402415344185392
DQN,42,140,5.510775262373469,12,1,0.9237474234971785,0.7864786964145407,0.13726872708263782,14.859984839032906,91.67096203752462,75.53942347518473,-16.131538562339884,87.32074731120726,0.0,100.0,0.11586127071621385,0.20438182445956754,0.08852055374335369,0.0,100.0,12,2.4866726602591585,1.2834883379979452
DQN,42,141,5.444726198325493,12,1,0.8559250921151469,0.8557416787158922,0.0001834133992546505,0.02142867418472364,94.36292527436963,66.6459077206981,-27.717017553671525,80.34724567397629,0.0,100.0,0.15388373339903932,0.15839701024358047,0.004513276844541142,0.0,91.66666666666666,12,2.536521981431797,1.3397352992169425
DQN,42,142,4.834233876200652,12,1,0.8317687838753131,0.7928201908357402,0.038948593039572876,4.682622598326736,57.933524021829754,100.0,42.066475978170246,73.99724322467763,0.0,100.0,0.1247267055526279,0.18539015878217868,0.06066345322955079,0.0,75.0,12,2.2851534484178226,1.20622714114385
DQN,42,143,4.958246223882399,12,1,0.7840883400529801,0.9139991012646262,-0.12991076121164613,-16.568383251671385,92.81445977886084,57.559296810527826,-35.25516296833301,78.07544779449059,0.0,100.0,0.18485298902676137,0.1309448242099569,-0.053908164816804466,0.0,83.33333333333334,12,2.858130775908156,1.386385827521636
DQN,42,144,5.439180231227789,12,1,0.8600557923673249,0.8142993415706904,0.045756450796634485,5.320172389129398,100.0,59.22625589401371,-40.77374410598629,86.1580844742763,0.0,100.0,0.13003814324712662,0.20095975182908246,0.07092160858195584,0.0,91.66666666666666,12,2.5849347508395186,1.3498114363264133
DQN,42,145,5.452171534272646,12,1,0.8967506793289992,0.8970634320779476,-0.000312752748948375,-0.034876221023037834,48.6401043283051,85.05343410202244,36.41332977371734,82.90629316239153,0.0,100.0,0.14439077794538135,0.11067804720671048,-0.03371273073867087,0.0,91.66666666666666,12,2.4831122467330773,1.138963988677223
DQN,42,146,5.541195127992637,12,1,0.82779214683265,0.8908927339855779,-0.06310058715292788,-7.622757402853758,75.13386392872641,92.15389812914525,17.020034200418834,87.18360409040496,0.0,100.0,0.1749898998726517,0.1264793704892688,-0.048510529383382905,0.0,100.0,12,2.5630931095857785,1.274861704712506
DQN,42,147,4.89723072693966,12,1,0.8266841322628812,0.8205796526972595,0.006104479565621657,0.7384295073998668,77.015556098665,85.52145188051267,8.50589578184767,78.65917723783663,0.0,100.0,0.13975086051164676,0.18035933516618946,0.0406084746545427,0.0,83.33333333333334,12,2.5006019410195868,1.2832559517185633
DQN,42,148,4.581166654366904,12,1,0.8214357941449497,0.7850041233995031,0.03643167074544662,4.435120919385931,100.0,70.94969971343804,-29.050300286561964,74.64639966206498,0.0,100.0,0.18514673762752534,0.18869274849138093,0.0035460108638555865,0.0,75.0,12,2.60179764411131,1.3313157032380727
DQN,42,149,5.7225898468836665,12,1,0.9005160424059495,0.8466112932004091,0.05390474920554045,5.985984331997094,92.26754854811892,100.0,7.732451451881076,88.85489450534506,0.0,100.0,0.11488470969443558,0.16116261354459577,0.04627790385016019,0.0,100.0,12,2.334329882935226,1.2006073430067308
DQN,42,150,5.539423134158456,12,1,0.8879566071971068,0.8602714120927372,0.02768519510436962,3.117854507751201,85.55387676919062,66.76587615776779,-18.78800061142283,82.28922583331801,0.0,100.0,0.08903344660883704,0.12361855248826764,0.0345851058794306,0.0,83.33333333333334,12,2.214929508568058,1.186967336554854
DQN,42,151,4.91466540069503,12,1,0.8397402111360222,0.7748938946118151,0.06484631652420703,7.722187846224639,85.39230390222673,7.840624479040763,-77.55167942318596,67.81791606828487,0.0,100.0,0.1651611869266435,0.1980085116810013,0.03284732475435781,0.0,75.0,12,2.5743781040024003,1.253594814350153
DQN,42,152,5.215097639624233,12,1,0.896596878153785,0.8550219292562279,0.041574948897557085,4.636972301661987,100.0,37.37599503115559,-62.62400496884441,81.06467057146354,0.0,100.0,0.09346186277681051,0.17627287758554389,0.08281101480873337,0.0,83.33333333333334,12,2.3334040736966046,1.1045410227815877
DQN,42,153,5.08510335620349,12,1,0.826172535410166,0.8609078462735915,-0.03473531086342552,-4.204365235426356,49.85545031106275,14.370301451008526,-35.485148860054224,76.36772739445904,0.0,100.0,0.14080545501855443,0.1220761082351225,-0.018729346783431938,0.0,83.33333333333334,12,2.4598587363440747,1.203195684410764
DQN,42,154,5.414481438636102,12,1,0.9016689167557932,0.8569326970610976,0.044736219694695545,4.96149072717917,85.12026354165256,63.85102064770209,-21.26924289395047,82.7146648052524,0.0,100.0,0.11109247071645004,0.12882003823689045,0.017727567520440413,0.0,100.0,12,2.4702492065298984,1.258288348503146
DQN,42,155,5.529141599425727,12,1,0.8292464353028276,0.8385050763344498,-0.009258641031622217,-1.116512611626857,77.65733428837962,58.961227138920904,-18.69610714945871,85.07203966215424,0.0,100.0,0.15491599762879146,0.1712623200726571,0.016346322443865635,0.0,83.33333333333334,12,2.750125849718468,1.335184982870536
DQN,42,156,5.292316508187837,12,1,0.892605677205727,0.8395740961823217,0.05303158102340533,5.941210366196523,100.0,80.31484277533404,-19.685157224665957,82.20832316057071,0.0,100.0,0.09915378977438248,0.18773818595806036,0.08858439618367787,0.0,91.66666666666666,12,2.3215178143867132,1.174459491362573
DQN,42,157,5.428255206242909,12,1,0.898361869055426,0.768339474455592,0.130022394599834,14.473276201776553,93.49710833080613,61.24204087784574,-32.25506745296039,87.25577388692302,0.0,100.0,0.14205360429439173,0.19215626035241556,0.05010265605802383,0.0,100.0,12,2.574121322434303,1.3251274634626045
DQN,42,158,4.8662629258195516,12,1,0.8597307427262703,0.8631170799412546,-0.0033863372149843807,-0.3938834621925992,95.49549244827105,97.8612791409304,2.3657866926593556,75.93635981136877,0.0,100.0,0.15378566770747504,0.14962303012654998,-0.004162637580925055,0.0,83.33333333333334,12,2.578292822117709,1.2278833764106536
DQN,42,159,5.131473334568162,12,1,0.8291401089319335,0.8743212373109189,-0.04518112837898547,-5.449154840330432,88.03904410523663,24.710470887949395,-63.32857321728723,80.71842086117125,0.0,100.0,0.15928445990154078,0.1298600714861936,-0.02942438841534717,0.0,91.66666666666666,12,2.6734432881507124,1.4224515728009661
DQN,42,160,5.356297379447081,12,1,0.801580254621087,0.8392216971540183,-0.037641442532931335,-4.695904410809711,38.77985943220054,72.58340805341132,33.80354862121078,84.62249387411215,0.0,100.0,0.16438645360383786,0.09857932880656534,-0.06580712479727252,0.0,91.66666666666666,12,2.6896774609866223,1.3231836181171488
DQN,42,161,5.698372754367724,12,1,0.8055130715440457,0.85958869379759,-0.05407562225354423,-6.713189911355444,92.57496491767752,89.85456772900591,-2.720397188671612,91.85885830314801,0.0,100.0,0.16896554176636436,0.1240269549823782,-0.044938586783986156,0.0,100.0,12,2.7206235364263733,1.3240369705438033
DQN,42,162,5.496985866659333,12,1,0.8447731737427049,0.8291774260328818,0.015595747709823082,1.8461461839190845,63.85296571538569,85.83058570702434,21.977619991638647,86.82639723341345,0.0,100.0,0.15628146196226347,0.17631673469139508,0.02003527272913161,0.0,100.0,12,2.550423785848583,1.2650316066249352
DQN,42,163,5.158350103839995,12,1,0.8591708842035249,0.8640090799078944,-0.004838195704369497,-0.5631237968282221,72.87769191669427,93.35097670056814,20.473284783873865,76.67331354389903,0.0,100.0,0.1406978946775531,0.14030679289612621,-0.00039110178142687246,0.0,91.66666666666666,12,2.5319438107610033,1.2533899815258096
DQN,42,164,5.3275556279877145,12,1,0.8168823700962229,0.8949045396633636,-0.0780221695671407,-9.551212319339227,31.302906851847805,93.24796845581866,61.945061603970856,78.93910717887138,0.0,100.0,0.13125176095512534,0.10136867550509673,-0.0298830854500286,0.0,91.66666666666666,12,2.273224987335792,1.2970899957435382
DQN,42,165,4.929775051740927,12,1,0.8434061499724704,0.846676412887747,-0.003270262915276545,-0.38774473192818065,83.48566969130387,86.13222714662345,2.6465574553195808,82.25175671502633,0.0,100.0,0.20500292595858027,0.13115549399959683,-0.07384743195898344,0.0,100.0,12,2.78448597934934,1.4162945073205415
DQN,42,166,5.07413076644127,12,1,0.8458792158341251,0.8813819141728914,-0.03550269833876629,-4.197135675423462,76.55420586975904,62.485062851259855,-14.06914301849919,73.70446567507193,0.0,100.0,0.12350412038827496,0.1258421476906517,0.0023380273023767273,0.0,91.66666666666666,12,2.4944145308950154,1.2554706780240594
DQN,42,167,5.5015568888748145,12,1,0.893032388993084,0.8224165726290655,0.07061581636401848,7.907419398711793,100.0,68.82033382278918,-31.17966617721082,83.57624475979553,0.0,100.0,0.13783040764728055,0.18012524310555014,0.04229483545826959,0.0,91.66666666666666,12,2.59475050587366,1.2857203569318256
DQN,42,168,5.111192102675618,12,1,0.8751953741451836,0.8163207577991779,0.05887461634600566,6.727025540269723,28.789847605910712,98.47131925333463,69.68147164742392,77.69424779349647,0.0,100.0,0.11082813204525996,0.1597298201808471,0.04890168813558715,0.0,83.33333333333334,12,2.2374086246130154,1.232114007846904
DQN,42,169,5.544051134193552,12,1,0.8603865044775126,0.9036699273468052,-0.04328342286929254,-5.030695233368088,95.24447251494024,79.12322669299829,-16.121245821941955,83.14794507148936,0.0,100.0,0.13282887009947786,0.13153137806047183,-0.0012974920390060318,0.0,100.0,12,2.4295292024663273,1.3193671951030168
DQN,42,170,5.620294181694679,12,1,0.8709120935645327,0.8281223830093015,0.042789710555231175,4.913206610795622,87.18813648321698,87.64002007714997,0.4518835939329904,87.25018140458444,0.0,100.0,0.11999226347795239,0.15487709980827344,0.03488483633032105,0.0,100.0,12,2.4037825845449166,1.193733095386321
DQN,42,171,5.331855746646932,12,1,0.8248365380516678,0.8608647218464546,-0.03602818379478678,-4.367918021658975,53.995425302424024,100.0,46.004574697575976,78.73261090369874,0.0,100.0,0.13052145480977703,0.14162490587646792,0.01110345106669089,0.0,83.33333333333334,12,2.2430582501124,1.2440833813343568
DQN,42,172,4.796307089224166,12,1,0.8009347543319875,0.8579833565852548,-0.057048602253267355,-7.122752751670546,96.421351306757,68.88752343045043,-27.533827876306574,75.42309080474129,0.0,100.0,0.19867265664406786,0.11745242408145118,-0.08122023256261668,0.0,83.33333333333334,12,2.6509098617978037,1.4180416505989533
DQN,42,173,5.574120609231759,12,1,0.8081846572394866,0.8240915200684338,-0.015906862828947155,-1.9682213323970004,94.94242635330741,85.73481450382238,-9.207611849485033,85.2282522992855,0.0,100.0,0.1469911110691826,0.14290035033001625,-0.004090760739166366,0.0,91.66666666666666,12,2.6742950673892807,1.406705283967823
DQN,42,174,5.346755079390972,12,1,0.8724649337652408,0.8730417454709378,-0.0005768117056970112,-0.06611288126019026,100.0,72.3993693654702,-27.600630634529793,82.95102496308688,0.0,100.0,0.14867040649733398,0.12028027414499093,-0.028390132352343056,0.0,100.0,12,2.8380400279237423,1.2966870600717506
DQN,42,175,5.590302481447206,12,1,0.9078882105321568,0.7964171001463447,0.11147111038581214,12.278065635467783,69.27661509535643,84.97517120392953,15.6985561085731,86.97922288823605,0.0,100.0,0.1246077613631858,0.22421675346943656,0.09960899210625077,0.0,100.0,12,2.3350508595862967,1.2503207203443385
DQN,42,176,5.004235044825881,12,1,0.8206744406468838,0.835353110199889,-0.01467866955300523,-1.788610541036833,79.31149273930265,49.33652116144603,-29.97497157785662,78.63458906100281,0.0,100.0,0.1826760446152122,0.1879486603892514,0.005272615774039202,0.0,83.33333333333334,12,2.8291401519004755,1.3325089919916033
DQN,42,177,5.492184208721465,12,1,0.8393592633712649,0.8557464809542805,-0.016387217583015645,-1.9523484517460148,96.74939569586533,83.55646951148009,-13.192926184385243,85.71479500781953,0.0,100.0,0.1652300411333617,0.13474189023294658,-0.030488150900415123,0.0,100.0,12,2.7278273470267944,1.32916802810949
DQN,42,178,5.521359925151211,12,1,0.8522544285094835,0.8125615409262539,0.03969288758322964,4.657398806674309,95.8093844262273,99.67017903068589,3.86079460445859,85.38109863996625,0.0,100.0,0.10706379410646716,0.15716505296070474,0.05010125885423758,0.0,100.0,12,2.413397415112411,1.2236157653933515
DQN,42,179,4.765442860504823,12,1,0.790161095204726,0.8284418594645759,-0.03828076425984994,-4.84467844496085,79.63566423697151,0.0,-79.63566423697151,72.25517779202623,0.0,100.0,0.1958255793612489,0.16200560338908293,-0.03381997597216596,0.0,83.33333333333334,12,2.730355084903859,1.3078003466979025
DQN,42,180,5.543866306140028,12,1,0.8529841902573896,0.8984684797240569,-0.04548428946666727,-5.33237192273661,82.30754652443323,88.3648484554442,6.057301931010969,88.72437005147346,0.0,100.0,0.15878605594516854,0.11395271066728702,-0.04483334527788152,0.0,100.0,12,2.6068639986007085,1.292764140510788
DQN,42,181,5.254891363039896,12,1,0.8087131537855907,0.8660553113998974,-0.05734215761430672,-7.090543457329433,100.0,74.4475681417194,-25.5524318582806,81.46698085770228,0.0,100.0,0.1754002746017507,0.12193868825577299,-0.05346158634597771,0.0,83.33333333333334,12,2.8710887633117803,1.4368827832877584
DQN,42,182,5.101540515877851,12,1,0.8401580315651405,0.8084521960327086,0.03170583553243189,3.7737942555124673,100.0,71.30601524107863,-28.693984758921374,84.127288506443,0.0,100.0,0.17737559213515552,0.16999315585362673,-0.0073824362815287925,0.0,100.0,12,2.6618183504649147,1.4179807660164916
DQN,42,183,5.094877165377759,12,1,0.8678804133870033,0.8467734610615981,0.02110695232540516,2.432011599735596,89.06552918756036,10.184631920034628,-78.88089726752573,76.4750540430153,0.0,100.0,0.15785048784102346,0.16070165665377692,0.002851168812753463,0.0,83.33333333333334,12,2.6838461814660324,1.3512058770233586
DQN,42,184,3.8943341940141174,12,0,0.8492043234385885,0.8729564027628086,-0.023752079324220077,-2.7969804991151515,22.5436311886019,78.44797427151975,55.904343082917855,51.23413450132886,0.0,100.0,0.1313593117859485,0.14499531836944454,0.013636006583496035,0.0,50.0,12,2.3637164513542643,1.3624372562763734
DQN,42,185,5.086489724944451,12,1,0.7823791255162454,0.8289037783333096,-0.046524652817064194,-5.946561110812529,87.27024611310003,94.01446201779974,6.744215904699715,77.43220157150697,0.0,100.0,0.17085133140540823,0.16750771283499957,-0.0033436185704086574,0.0,91.66666666666666,12,2.6763276351450282,1.3494562714601648
DQN,42,186,5.374390101274632,12,1,0.9348846594630766,0.8671627931427196,0.06772186632035704,7.2438739511728745,90.9703073164666,95.9328006619727,4.962493345506104,77.00910282863785,0.0,100.0,0.07448701354199733,0.12406891001126444,0.04958189646926711,0.0,83.33333333333334,12,2.3540127459771187,1.2095089739112652
DQN,42,187,5.367237177972804,12,1,0.8686468930704979,0.8738741290588063,-0.005227235988308432,-0.6017676492033683,88.16552766068106,79.1104355382985,-9.055092122382561,82.66227693677726,0.0,100.0,0.16635756650544387,0.15415815530587973,-0.012199411199564136,0.0,91.66666666666666,12,2.5492399630858484,1.3408921691377877
DQN,42,188,5.421676333969827,12,1,0.8679061849639315,0.8420459724720658,0.025860212491865653,2.9796091950814194,77.5304236916312,18.12469109359305,-59.40573259803815,82.51978336588718,0.0,100.0,0.12113491771694168,0.1550482733922233,0.033913355675281615,0.0,91.66666666666666,12,2.452127239405617,1.3038435332158298
DQN,42,189,5.0198984399775854,12,1,0.8301007048445912,0.8360303260498829,-0.005929621205291724,-0.7143255234799312,43.867044155458714,20.264833764394464,-23.60221039106425,75.80678890577835,0.0,100.0,0.15795772344386994,0.15541238839375562,-0.0025453350501143113,0.0,83.33333333333334,12,2.634511182608185,1.3371662493750198
DQN,42,190,5.633064582117853,12,1,0.8438808714647148,0.8322563643615606,0.011624507103154214,1.3775056997058939,70.96380327696656,90.74884367520278,19.78504039823622,87.78175883436205,0.0,100.0,0.14090598195169005,0.152050171648224,0.01114418969653394,0.0,100.0,12,2.678015757559297,1.323346261001686
DQN,42,191,5.06541611721793,12,1,0.8684461948195787,0.8390677580592112,0.029378436760367554,3.382873566101695,17.704805046780127,84.41917905340607,66.71437400662595,71.74803017042295,0.0,100.0,0.0904609625103607,0.15549503116007546,0.06503406864971475,0.0,83.33333333333334,12,2.1571178957127954,1.2698225640408312
DQN,42,192,5.197164632832666,12,1,0.8731225795168083,0.8985528196526067,-0.02543024013579842,-2.9125624204875886,88.81082830558832,6.64228808374462,-82.1685402218437,78.75501085665589,0.0,100.0,0.1348766776224086,0.15760182341560153,0.02272514579319293,0.0,91.66666666666666,12,2.499836255784742,1.1954956776220804
DQN,42,193,5.147405297941833,12,1,0.8329483557892867,0.7779822295912331,0.05496612619805363,6.5989836964104125,80.99243516489832,6.560474326188716,-74.43196083870961,78.72451068487005,0.0,100.0,0.141131929679169,0.21814609829367312,0.07701416861450414,0.0,91.66666666666666,12,2.5457245074286665,1.3907033879458492
DQN,42,194,5.523544112987104,12,1,0.7868062894458608,0.8119797823164887,-0.025173492870627867,-3.199452420284704,91.09597080115525,92.70670723412226,1.6107364329670162,88.68056067136938,0.0,100.0,0.17172414896128357,0.1423249501278135,-0.029399198833470086,0.0,100.0,12,2.78813901342911,1.2962628222473134
DQN,42,195,5.443007546176968,12,1,0.8343573765738693,0.9024091760104241,-0.06805179943655482,-8.156193178994432,86.11200081000929,93.05426890147484,6.94226809146555,85.59656594309614,0.0,100.0,0.1391090351983995,0.11129308959414029,-0.02781594560425922,0.0,100.0,12,2.5701144801352385,1.306981280728631
DQN,42,196,5.112642299666629,12,1,0.7993704696682044,0.8609698839572983,-0.06159941428909399,-7.705990729762902,54.53076892445482,76.72216371927394,22.191394794819118,77.19589442713473,0.0,100.0,0.1580571793980192,0.15496669008647876,-0.003090489311540434,0.0,83.33333333333334,12,2.4502931270561885,1.27899613198646
DQN,42,197,4.951720395396041,12,1,0.8685636210893062,0.87014583437789,-0.001582213288583767,-0.18216435159918848,94.25605240800662,67.93220236668822,-26.32385004131841,80.6589069615716,0.0,100.0,0.1579066964088801,0.13136254046944623,-0.026544155939433878,0.0,91.66666666666666,12,2.537547543724641,1.4253155294398283
DQN,42,198,3.2919324222645416,12,0,0.766069707797518,0.9142677939013361,-0.14819808610381802,-19.345248166761955,14.40407668507097,100.0,85.59592331492902,35.606975413490396,0.0,100.0,0.14667654405089936,0.1263942736784999,-0.020282270372399464,0.0,25.0,12,2.557449754974377,1.3356921738167535
DQN,42,199,5.0671402475283545,12,1,0.8368844539456546,0.8997467132929506,-0.06286225934729606,-7.5114621918139,98.34185298484392,54.70988383366255,-43.63196915118137,80.16522201670641,0.0,100.0,0.12414684931354797,0.1491205074810301,0.02497365816748212,0.0,91.66666666666666,12,2.5922605610065346,1.31693210588056
DQN,42,200,5.603108731604804,12,1,0.8120809234183788,0.8041173057414468,0.007963617676931989,0.9806433629064804,94.24781423801792,78.68119256516756,-15.56662167285036,90.32697551718609,0.0,100.0,0.18559418159177904,0.188075339715094,0.0024811581233149527,0.0,100.0,12,2.683988722297711,1.2660742769544928
DQN,101,1,5.623449079152243,12,1,0.8223277317016733,0.8852664037207342,-0.06293867201906089,-7.653721210255133,81.64715365373532,92.15450272469829,10.507349070962974,89.43474082036586,0.0,100.0,0.17407567295247792,0.17920635204274393,0.005130679090266016,0.0,100.0,12,2.9184509851813636,1.2405076607070833
DQN,101,2,4.869052542140329,12,1,0.8967853603771454,0.8835102392718193,0.013275121105326138,1.480300826916181,84.47208747285515,92.36788925256188,7.89580177970673,78.4871103052161,0.0,100.0,0.16285325785255306,0.12174462437901948,-0.04110863347353358,0.0,91.66666666666666,12,2.6852488931380223,1.3413265953509959
DQN,101,3,4.828934821588328,12,1,0.8032900106696712,0.8893995355971243,-0.08610952492745305,-10.719606092906215,87.3099269912075,54.71871282345501,-32.5912141677525,74.89846477086027,0.0,100.0,0.17695317903196411,0.12737578485182566,-0.04957739418013846,0.0,66.66666666666666,12,2.6346512699703513,1.3129498464456473
DQN,101,4,5.3725601352754975,12,1,0.8869158777929564,0.8543653778979268,0.03255049989502967,3.670077479730082,72.26572923785896,75.43557375327856,3.169844515419598,82.36724102333663,0.0,100.0,0.15058122266275323,0.1542392710002204,0.0036580483374671624,0.0,100.0,12,2.5708135182460015,1.2619423105836993
DQN,101,5,5.396815679309556,12,1,0.7906265175846775,0.8637217483711546,-0.07309523078647706,-9.245228835706037,89.82100381255111,71.33732475128069,-18.483679061270422,87.25695746948251,0.0,100.0,0.19402187059633813,0.14288800906523788,-0.05113386153110025,0.0,100.0,12,2.7877375972953935,1.342304013959423
DQN,101,6,4.61176806110353,12,1,0.8342653925482646,0.8022493181854025,0.032016074362862135,3.8376366380330125,91.47698405170122,63.1339450558985,-28.343038995802722,71.37173317840289,0.0,100.0,0.16568365926731118,0.2204564982878591,0.054772839020547914,0.0,75.0,12,2.5602447196935674,1.2656553185944621
DQN,101,7,4.41212524374204,12,1,0.8746199730431542,0.880376114057124,-0.005756141013969818,-0.6581305242712319,83.49638569893362,12.459605733101151,-71.03677996583247,64.5804008094792,0.0,100.0,0.13101261086012997,0.12901852335161146,-0.0019940875085185106,0.0,66.66666666666666,12,2.5357592122180637,1.2040889354109712
DQN,101,8,4.724240328239913,12,1,0.9366178263021849,0.7983815247447719,0.13823630155741307,14.75909358923661,64.2891771980398,2.1270663704574924,-62.1621108275823,66.31665981315543,0.0,100.0,0.10200959869182331,0.18188672748445367,0.07987712879263036,0.0,75.0,12,2.348191950781656,1.253778225428514
DQN,101,9,5.019771474566839,12,1,0.7995367571429041,0.7913687283670106,0.00816802877589351,1.021595155309865,85.92563212169472,54.38885432581147,-31.536777795883246,82.61657631593853,0.0,100.0,0.18121250294872715,0.15945896546189364,-0.021753537486833507,0.0,91.66666666666666,12,2.675029054646951,1.3800823895036305
DQN,101,10,5.4625391893016975,12,1,0.8105116871916532,0.7828126382027858,0.027699048988867436,3.417476814534536,86.32699352216986,79.8368764692361,-6.490117052933755,85.87954100204261,0.0,100.0,0.1265182115633549,0.19828079028532022,0.07176257872196531,0.0,100.0,12,2.675734892048494,1.2579998707929227
DQN,101,11,4.25907059352807,12,1,0.8509471174698667,0.8160479292244505,0.03489918824541627,4.1012170473275145,95.1019337467906,1.271257717181415,-93.8306760296092,63.526780147801865,0.0,100.0,0.17227511497636352,0.18552136248172843,0.013246247505364905,0.0,66.66666666666666,12,2.912398196817841,1.1866074124583463
DQN,101,12,5.7044831413261745,12,1,0.8532367899974149,0.800204797396942,0.05303199260047298,6.2153898216969345,72.82458808735561,97.16164374827387,24.337055660918267,91.4566967482192,0.0,100.0,0.1363299337113334,0.16253173745257612,0.02620180374124273,0.0,100.0,12,2.589714261540259,1.2107443789209054
DQN,101,13,5.426781954366751,12,1,0.8766465948229811,0.8686661621630876,0.007980432659893566,0.9103363552681151,80.03987656900195,42.93321029097884,-37.106666278023106,82.99610581138492,0.0,100.0,0.12728491368416783,0.15231946385474004,0.025034550170572212,0.0,91.66666666666666,12,2.438651849800203,1.2778821592358498
DQN,101,14,5.5109389670674425,12,1,0.7923461276527657,0.8898362528102659,-0.09749012515750022,-12.303982029457696,100.0,63.30497663000153,-36.69502336999847,89.90651212785058,0.0,100.0,0.1837851799648405,0.1464435769190965,-0.03734160304574399,0.0,100.0,12,2.752618040063265,1.3596240114802378
DQN,101,15,5.344679744712398,12,1,0.9068050408330139,0.8780599074838793,0.028745133349134644,3.169935328406274,72.3522339491524,81.86344208253253,9.511208133380123,79.54578547123084,0.0,100.0,0.12232241882786142,0.14892996522806043,0.02660754640019901,0.0,91.66666666666666,12,2.4125964691761808,1.2518595141596396
DQN,101,16,5.4547250617236305,12,1,0.8903007053873205,0.8701184341418617,0.020182271245458794,2.266905004492679,91.27283980041254,61.996516172823505,-29.276323627589036,82.5648255611331,0.0,100.0,0.1193651793462439,0.12362031636928937,0.004255137023045474,0.0,100.0,12,2.5721952010696567,1.2308396583789287
DQN,101,17,4.888694129713136,12,1,0.7946608267532456,0.8620569909716786,-0.06739616421843309,-8.481123260321555,81.80917883627966,71.68865672661828,-10.12052210966138,71.71117112990514,0.0,100.0,0.18766044992933734,0.1492884838033387,-0.038371966125998636,0.0,75.0,12,2.8629974547461123,1.321349694838094
DQN,101,18,4.855242184985893,12,1,0.8835077812728983,0.8265718365353406,0.0569359447375577,6.444305974931906,82.16302326214134,52.048590634896996,-30.11443262724434,73.80882339444045,0.0,100.0,0.1494189017493304,0.19438002018419576,0.04496111843486536,0.0,66.66666666666666,12,2.3870321872834186,1.2968702609544525
DQN,101,19,4.598005719201057,12,1,0.9075227204578573,0.8492202371101266,0.058302483347730694,6.424355229179972,100.0,0.7835528989127358,-99.21644710108727,63.844588284563656,0.0,100.0,0.08991470601072388,0.16807651928285625,0.07816181327213237,0.0,75.0,12,2.4969950969081958,1.165001233489413
DQN,101,20,5.485018790616116,12,1,0.8722075752149102,0.8707060179450018,0.0015015572699084156,0.17215595376346451,99.52221241447164,93.7692161619613,-5.752996252510343,87.54779878397568,0.0,100.0,0.1275597092499728,0.15229639962758906,0.02473669037761625,0.0,100.0,12,2.673638314083773,1.2614353929013171
DQN,101,21,5.3936179407403015,12,1,0.8630860527219788,0.8035486020971648,0.05953745062481397,6.89820562353502,77.5754242923731,72.92166568690399,-4.653758605469108,83.28296610978242,0.0,100.0,0.1230485485323861,0.19231155340330536,0.06926300487091926,0.0,91.66666666666666,12,2.5788628179382624,1.2383857712467854
DQN,101,22,5.5734267244612345,12,1,0.8277431984694031,0.8938494361454727,-0.0661062376760696,-7.986322062000388,98.29546719442529,100.0,1.7045328055747149,85.42634497083326,0.0,100.0,0.15495482571895627,0.13177548926225258,-0.023179336456703697,0.0,100.0,12,2.7477389837919532,1.326170835048434
DQN,101,23,5.267096636223742,12,1,0.8203733380653567,0.9174854279683506,-0.09711208990299391,-11.837548271864643,80.93374148577064,74.55600167691514,-6.377739808855495,83.18085395906616,0.0,100.0,0.14440765094644195,0.08186925080743725,-0.0625384001390047,0.0,100.0,12,2.9206032440527454,1.255356830843491
DQN,101,24,5.3912708477007465,12,1,0.8472568302843412,0.9163630446540146,-0.06910621436967346,-8.156465890806837,86.3270438039801,93.0092933902313,6.682249586251203,85.2809452550817,0.0,100.0,0.179349853960238,0.11897636630609527,-0.06037348765414273,0.0,91.66666666666666,12,2.775249332854676,1.3392924563904915
DQN,101,25,5.206627561368441,12,1,0.8814698541644731,0.7892980195210866,0.09217183464338652,10.456606565491033,100.0,45.84985377841229,-54.15014622158771,77.22902548313853,0.0,100.0,0.1206506098142001,0.18298593959385703,0.06233532977965693,0.0,83.33333333333334,12,2.551825430684166,1.2396851970511282
DQN,101,26,4.802517201072873,12,1,0.8973217189542065,0.808616227867535,0.08870549108667158,9.88558386729504,73.75496089453306,26.743834952399247,-47.01112594213381,67.62649585880708,0.0,100.0,0.08367126467533477,0.15044663324089885,0.06677536856556408,0.0,66.66666666666666,12,2.404054958462116,1.2032630144202119
DQN,101,27,5.238870511037167,12,1,0.8570499533231034,0.9177407717384878,-0.06069081841538437,-7.081363015080202,88.56661064784339,63.85828605992528,-24.708324587918113,83.89403075265227,0.0,100.0,0.13812580830174404,0.11422039872288565,-0.02390540957885838,0.0,100.0,12,2.4907771868619757,1.298705942518098
DQN,101,28,5.03716575616578,12,1,0.8882673647824879,0.8460426073198313,0.04222475746265664,4.753609007463233,87.93123849646867,74.09474356076143,-13.836494935707236,75.0450511596866,0.0,100.0,0.1166135910657841,0.12394799576900366,0.007334404703219555,0.0,83.33333333333334,12,2.5221231700331015,1.179988770676468
DQN,101,29,5.045164506991343,12,1,0.8714136745584693,0.8221985718374203,0.04921510272104901,5.647731285142556,82.59285961133426,100.0,17.407140388665738,75.92741983144997,0.0,100.0,0.12136351838478883,0.18337094109367447,0.06200742270888564,0.0,83.33333333333334,12,2.445951607340435,1.2707714004225832
DQN,101,30,4.682324949819103,12,1,0.7888975100855562,0.8875004794096263,-0.09860296932407009,-12.49883135179075,100.0,100.0,0.0,72.41269558021166,0.0,100.0,0.19815175060264426,0.10353936904340283,-0.09461238155924143,0.0,75.0,12,2.907208360140107,1.3782304910309828
DQN,101,31,5.1679931436466715,12,1,0.8449424309887263,0.832463920529476,0.012478510459250303,1.476847416059852,82.73575826205666,75.10600949196966,-7.629748770087005,73.6356263878921,0.0,100.0,0.1467196407918383,0.19740692978958302,0.05068728899774472,0.0,83.33333333333334,12,2.700352919312652,1.3209343285938886
DQN,101,32,5.4507564522694105,12,1,0.8193710017898532,0.8031241274972659,0.01624687429258731,1.9828471177399807,100.0,75.3819240681957,-24.6180759318043,87.00666965927415,0.0,100.0,0.15883458668054995,0.17379791235055517,0.014963325670005218,0.0,100.0,12,2.79625167611659,1.3587983731639275
DQN,101,33,5.383712391458909,12,1,0.7720320034211607,0.8758797347156069,-0.10384773129444613,-13.45122104190736,80.20600711967849,85.1206783523084,4.914671232629914,88.34716637810156,0.0,100.0,0.17724928610747448,0.16978443629621026,-0.007464849811264218,0.0,100.0,12,2.8302138838258366,1.3040406002930514
DQN,101,34,5.268310930519013,12,1,0.8209154355282887,0.8360853532239819,-0.015169917695693202,-1.847926965331187,63.80678141708659,78.41912499607689,14.612343578990298,84.87464931197493,0.0,100.0,0.18901083215725267,0.16929809929664327,-0.0197127328606094,0.0,100.0,12,2.8889060299765723,1.2785948648145844
DQN,101,35,5.126800987106373,12,1,0.889735526329863,0.9161877504487951,-0.02645222411893211,-2.973043487208708,93.172597102669,82.69770304467806,-10.474894057990937,76.97903104196892,0.0,100.0,0.1306398596664049,0.1059129506924955,-0.024726908973909403,0.0,75.0,12,2.510362519271751,1.2731757288286563
DQN,101,36,5.444159262144764,12,1,0.8777126691837248,0.8197332756238633,0.05797939355986148,6.605737343837418,100.0,78.35649661227377,-21.643503387726227,86.98716547415474,0.0,100.0,0.13130280412437442,0.14364114035671055,0.012338336232336128,0.0,100.0,12,2.7178748876291596,1.3076868016819116
DQN,101,37,4.68626716178305,12,1,0.8051085007753184,0.8111347338325903,-0.006026233057271901,-0.7484994943499723,100.0,66.74594180953754,-33.25405819046246,71.00598988133156,0.0,100.0,0.20657218537434088,0.15145600136464202,-0.055116184009698865,0.0,75.0,12,2.8440504679875533,1.3685115725251882
DQN,101,38,4.890998993788641,12,1,0.8747992810214011,0.8687274178971732,0.006071863124227916,0.6940864328487456,37.50751921233537,69.36189518766443,31.854375975329063,73.83392596449556,0.0,100.0,0.1367855563269646,0.1414135586491518,0.0046280023221872135,0.0,75.0,12,2.667906819514402,1.2047227172342116
DQN,101,39,5.264179790529022,12,1,0.7961739434722699,0.8376308819659061,-0.041456938493636186,-5.207020253995552,92.06495169014276,60.46981214757812,-31.595139542564645,82.30445543178932,0.0,100.0,0.18972007007033342,0.17206565825638523,-0.017654411813948195,0.0,100.0,12,2.8171694885162837,1.3631755543646504
DQN,101,40,5.379785739184381,12,1,0.8272868268641039,0.8334839631350063,-0.006197136270902348,-0.749091617280198,100.0,91.13054619939534,-8.86945380060466,86.02148339011354,0.0,100.0,0.18209704309302066,0.1486181556550229,-0.03347888743799776,0.0,83.33333333333334,12,2.776645532729811,1.3436295587089673
DQN,101,41,5.21778086062655,12,1,0.778180491235786,0.8702667912548809,-0.0920863000190949,-11.833540040673297,88.15766172425923,72.39965595465235,-15.758005769606882,80.31786748041715,0.0,100.0,0.19660996942124184,0.14686757328535463,-0.04974239613588721,0.0,83.33333333333334,12,2.8413962085457976,1.3963844449533418
DQN,101,42,5.362607300327163,12,1,0.8885307457833465,0.841884836527597,0.04664590925574941,5.2497799853425935,96.79297654347234,60.76127262988085,-36.031703913591485,81.6256027541517,0.0,100.0,0.12183552601620552,0.16927244281270742,0.0474369167965019,0.0,100.0,12,2.5558829936025385,1.2943741703441576
DQN,101,43,5.174133677059921,12,1,0.8274167015367938,0.8497346104201254,-0.022317908883331627,-2.6972997815828097,79.57542482894773,90.06772465260616,10.492299823658428,76.66460630824736,0.0,100.0,0.1497290407485871,0.11977492323851285,-0.029954117510074235,0.0,83.33333333333334,12,2.4983388988876505,1.3689030292513147
DQN,101,44,5.189257722977755,12,1,0.853611730906383,0.8726529422641194,-0.0190412113577364,-2.2306642081310244,90.66391867679404,57.2061383836306,-33.45778029316344,80.07794920876155,0.0,100.0,0.1442764715384749,0.12085772129231843,-0.02341875024615646,0.0,91.66666666666666,12,2.689686609401685,1.3276209913003305
DQN,101,45,4.54191101758679,12,1,0.8154228851710801,0.8747107819591914,-0.059287896788111305,-7.270815900104691,81.43745807607705,94.02604364486982,12.588585568792766,68.07470456677488,0.0,100.0,0.13637908281135255,0.11698021433337494,-0.019398868477977615,0.0,66.66666666666666,12,2.667667204088472,1.325357465993079
DQN,101,46,4.482393794505996,12,1,0.8723354744591338,0.874041608063238,-0.0017061336041042097,-0.19558227930166983,79.92886980629176,57.98874968480251,-21.94012012148925,63.11641244077279,0.0,100.0,0.10566858085944715,0.10410926714250962,-0.0015593137169375298,0.0,50.0,12,2.3484350846972446,1.3003938850663006
DQN,101,47,4.894671115759649,12,1,0.8052059549863371,0.9020452501880836,-0.0968392952017465,-12.026649157530098,100.0,93.68866803966279,-6.311331960337213,71.7140339036179,0.0,100.0,0.15470655137597547,0.13273250397933978,-0.021974047396635693,0.0,83.33333333333334,12,2.7209921233397565,1.3373726103496189
DQN,101,48,5.137777966058074,12,1,0.8140920497739529,0.8079618959716708,0.006130153802282101,0.7530049954405337,97.52211897110713,64.81871945837419,-32.70339951273294,84.24633238353897,0.0,100.0,0.16569566822113002,0.19002258735657482,0.024326919135444797,0.0,100.0,12,2.8134403253805385,1.3861790679796862
DQN,101,49,5.386306251782079,12,1,0.8129669852973397,0.8937911660627679,-0.08082418076542819,-9.941877373515611,93.14331354143465,100.0,6.856686458565349,85.63442807101372,0.0,100.0,0.1465741719059668,0.11109919851905106,-0.03547497338691574,0.0,100.0,12,2.7396983540395503,1.3069829548411391
DQN,101,50,5.210672084035173,12,1,0.8211994125853547,0.8742736279237144,-0.053074215338359765,-6.463011848884302,83.63921131934373,60.56725422425977,-23.07195709508396,83.4926800331226,0.0,100.0,0.17782837983272104,0.1517698234731792,-0.02605855635954185,0.0,100.0,12,2.9139025071581863,1.279852112734545
DQN,101,51,4.346363718162887,12,0,0.9121758625899072,0.8386595165653226,0.07351634602458468,8.059448735669504,79.04337052544142,2.278909095251157,-76.76446143019027,59.637100915108164,0.0,100.0,0.10905617961297331,0.1132505839853913,0.004194404372417984,0.0,66.66666666666666,12,2.4211842472658587,1.178004555759204
DQN,101,52,5.217570053759939,12,1,0.776153930372333,0.8283966049430223,-0.05224267457068921,-6.730968243068432,82.4161515775141,70.22379558455447,-12.192355992959634,86.91334487337235,0.0,100.0,0.1953011062463626,0.16717333555768,-0.028127770688682607,0.0,100.0,12,2.8600591291899495,1.3973049067056442
DQN,101,53,5.567944257704241,12,1,0.8430455032906758,0.7775494042599347,0.06549609903074116,7.768987412315109,94.38023483731295,92.52719701680488,-1.853037820508078,89.39829728801054,0.0,100.0,0.1598505774345237,0.19588310804804634,0.036032530613522656,0.0,100.0,12,2.7235422471163173,1.292698454481137
DQN,101,54,5.228143645868592,12,1,0.868882935301144,0.8045137101586988,0.06436922514244525,7.408273603639791,83.65419236019005,7.690628660000347,-75.96356370018971,79.40369240332488,0.0,100.0,0.12526762560541588,0.17879671586816118,0.0535290902627453,0.0,83.33333333333334,12,2.5618593295274117,1.3285382547528248
DQN,101,55,5.172941984998457,12,1,0.7865888078166181,0.8211851204953693,-0.034596312678751184,-4.398271668113643,80.18953978555523,61.55594377844433,-18.633596007110896,81.07436705635142,0.0,100.0,0.17633897000821913,0.1627304837339437,-0.013608486274275439,0.0,100.0,12,2.822199075886587,1.3363770869370002
DQN,101,56,5.400436974822285,12,1,0.8001884957549177,0.8069662590807928,-0.006777763325875097,-0.8470208409433313,90.83668213205266,91.12602360972983,0.2893414776771692,83.79294055828076,0.0,100.0,0.1861132048380167,0.1445524810726492,-0.041560723765367485,0.0,100.0,12,2.879915307052864,1.3704784406007953
DQN,101,57,5.3517999897618065,12,1,0.8293482362812543,0.926929022540454,-0.09758078625919964,-11.765960544721937,83.13082804009127,73.93215087895926,-9.19867716113201,81.8006089259343,0.0,100.0,0.17820746882791622,0.08974924550937136,-0.08845822331854486,0.0,100.0,12,2.8749505540312197,1.3138843348871143
DQN,101,58,4.8333803898872105,12,1,0.7935605843561131,0.8220658342206114,-0.028505249864498317,-3.5920697709081892,76.2681375484062,79.47581116675934,3.207673618353141,74.99830052510539,0.0,100.0,0.16343551185699579,0.19091279606907774,0.027477284212081954,0.0,83.33333333333334,12,2.5656028515593405,1.324813277758192
DQN,101,59,5.35502034896006,12,1,0.8925040729987683,0.7817497385603066,0.11075433443846172,12.409392605496219,94.1322355244134,100.0,5.867764475586597,82.78624621607756,0.0,100.0,0.1401803281506166,0.20144227422155478,0.061261946070938184,0.0,91.66666666666666,12,2.538136534514132,1.2530766733798695
DQN,101,60,5.035939746863072,12,1,0.8434754821242443,0.818820350074169,0.0246551320500753,2.9230407489714785,88.47216765261606,46.31794403040038,-42.15422362221568,77.3746316342972,0.0,100.0,0.1399786218160192,0.14729272841867466,0.007314106602655468,0.0,83.33333333333334,12,2.699598777277197,1.2822031114400607
DQN,101,61,4.650746034082513,12,1,0.869399222318191,0.8700024419334449,-0.0006032196152538916,-0.06938350067135435,100.0,36.34036973007256,-63.65963026992744,72.66907469578666,0.0,100.0,0.10556157142173543,0.11755017174236719,0.01198860032063176,0.0,75.0,12,2.5016868115208273,1.2626233558945963
DQN,101,62,5.034259405571172,12,1,0.8071121839914909,0.8543055066142957,-0.047193322622804845,-5.847182530365864,86.15553057816184,64.66797771510365,-21.4875528630582,80.30176417244296,0.0,100.0,0.17394788576900755,0.14867179540111758,-0.02527609036788997,0.0,91.66666666666666,12,2.807697449853477,1.3058644577408092
DQN,101,63,5.657538106179606,12,1,0.8337647532493297,0.8785834244982687,-0.0448186712489389,-5.37545765448498,69.46325302949634,85.25581016325255,15.792557133756205,86.68046569431134,0.0,100.0,0.15556378718208397,0.1337564529083716,-0.02180733427371237,0.0,100.0,12,2.6652744004421876,1.2689895913883233
DQN,101,64,5.279749263005515,12,1,0.8786808532605095,0.9075341265883994,-0.028853273327889895,-3.2837034312087754,70.04404688813251,56.09122057121637,-13.952826316916145,83.04140337646301,0.0,100.0,0.12815336526264254,0.10294665548200388,-0.02520670978063866,0.0,91.66666666666666,12,2.6438151694160767,1.2562266709383163
DQN,101,65,5.709892956329158,12,1,0.8770491874739236,0.8715357877881654,0.005513399685758147,0.628630613254182,100.0,92.46798844207665,-7.532011557923354,88.77375393914626,0.0,100.0,0.13823482662765596,0.10768452319191064,-0.030550303435745316,0.0,100.0,12,2.6525156764583304,1.3251468922370326
DQN,101,66,5.524398590252493,12,1,0.8389310063244022,0.8576524318502884,-0.01872142552588618,-2.231581069808127,93.7281916083799,84.49279315007902,-9.235398458300878,87.77013189335993,0.0,100.0,0.17810959210605326,0.11352409225456205,-0.06458549985149122,0.0,100.0,12,2.704992155662247,1.3676868127356294
DQN,101,67,5.492593748389275,12,1,0.8304591746680818,0.840121491447773,-0.009662316779691205,-1.163490882445009,86.13397989892586,94.33172315440265,8.197743255476794,88.30686605057836,0.0,100.0,0.15089428264468863,0.15379702250256821,0.002902739857879588,0.0,100.0,12,2.9108647831487406,1.294475193923843
DQN,101,68,5.256959348450436,12,1,0.8576589724579351,0.8571100952670063,0.000548877190928776,0.06399713738850861,58.78571544032229,64.8412588149452,6.055543374622914,81.25584326037001,0.0,100.0,0.14688923384142624,0.16742535746535772,0.02053612362393148,0.0,83.33333333333334,12,2.5866188146218367,1.250760403882185
DQN,101,69,5.239442621303706,12,1,0.9256734257526965,0.8753836487393315,0.05028977701336501,5.4327774368668615,95.75134505246386,100.0,4.248654947536139,79.42358727811727,0.0,100.0,0.10813491597657036,0.13407528967537663,0.025940373698806266,0.0,83.33333333333334,12,2.543405967620099,1.2348139930947772
DQN,101,70,5.347835691436968,12,1,0.7985422991599525,0.8958344471381737,-0.09729214797822128,-12.183718768632582,89.43739651001756,71.91946492001371,-17.517931590003855,84.97647702979255,0.0,100.0,0.16842036714334918,0.1079726649203501,-0.06044770222299908,0.0,91.66666666666666,12,2.8396793589964666,1.273243742342201
DQN,101,71,4.40652045516193,12,1,0.8214721558358231,0.8246498246309161,-0.0031776687950929583,-0.38682611121003563,100.0,27.29570989769258,-72.70429010230743,72.6869034168486,0.0,100.0,0.13734580562951668,0.18738817733059152,0.05004237170107484,0.0,66.66666666666666,12,2.547739676999073,1.330518440597762
DQN,101,72,3.759810694724812,12,0,0.7792359584703487,0.8347552611050112,-0.05551930263466254,-7.124838379333485,86.08532436449482,0.0,-86.08532436449482,51.84156314120088,0.0,100.0,0.19145876387253968,0.18506537646356314,-0.0063933874089765474,0.0,58.333333333333336,12,2.9121620453642927,1.2653256861890045
DQN,101,73,5.160444488703104,12,1,0.8878691126530491,0.8590849227902592,0.028784189862789966,3.2419406703742277,62.12852383452543,70.12409235564435,7.995568521118919,76.8150922764205,0.0,100.0,0.11123967236444285,0.11907737765556749,0.007837705291124639,0.0,83.33333333333334,12,2.412232845819945,1.239266211413369
DQN,101,74,5.15299724103015,12,1,0.9195506963865187,0.9049057202094526,0.01464497617706606,1.5926230315104102,70.77040942453806,86.4390482808461,15.668638856308036,72.84509233179294,0.0,100.0,0.09279216353998773,0.11525738121296035,0.022465217672972618,0.0,83.33333333333334,12,2.4255418719885995,1.1961657151064033
DQN,101,75,5.019242972177458,12,1,0.8114340382968143,0.839388756721352,-0.027954718424537783,-3.445100538697421,88.49749848566717,85.79957547286993,-2.697923012797233,77.78167789379832,0.0,100.0,0.17191561449957118,0.14663053051840474,-0.02528508398116644,0.0,83.33333333333334,12,2.6439074760020596,1.3364958835875531
DQN,101,76,5.197256821243661,12,1,0.8445932664639043,0.8801696510512647,-0.035576384587360343,-4.212250558935848,100.0,79.10023106570966,-20.899768934290336,85.33206211876059,0.0,100.0,0.168426396508167,0.11276428860204753,-0.05566210790611946,0.0,91.66666666666666,12,2.778621999418816,1.3558231472842106
DQN,101,77,5.425053509082488,12,1,0.8074844968893282,0.8548591623530186,-0.0473746654636904,-5.86694427523894,95.85064628613907,64.1883293862079,-31.66231689993117,83.43153546044809,0.0,100.0,0.14893542276514338,0.13965072269885376,-0.00928470006628962,0.0,91.66666666666666,12,2.8163051800086127,1.2972205677008652
DQN,101,78,5.2045342673789285,12,1,0.807766620718159,0.8666287844343019,-0.058862163716142946,-7.287026005581973,96.40650873278331,73.54720698644537,-22.859301746337934,84.31219028555981,0.0,100.0,0.1850514046593507,0.14384161055682057,-0.04120979410253012,0.0,91.66666666666666,12,2.7942351991440346,1.3541610303780083
DQN,101,79,5.601953660587089,12,1,0.8799986430311704,0.8883243149807513,-0.008325671949580893,-0.9461005440761788,59.494515262048374,81.18750873665458,21.692993474606205,84.88211610341718,0.0,100.0,0.12711951899760351,0.12955709747602284,0.0024375784784193277,0.0,91.66666666666666,12,2.419961376879679,1.314616220392144
DQN,101,80,5.188635896081741,12,1,0.8585670834901926,0.8673817874520544,-0.008814703961861792,-1.0266762063633763,73.03234883764041,73.4923171207479,0.45996828310748583,80.7867287728146,0.0,100.0,0.1717250213850931,0.15366082714466833,-0.01806419424042477,0.0,83.33333333333334,12,2.7745086151126848,1.2922293087462748
DQN,101,81,5.682463717417855,12,1,0.8737431487347556,0.881641623467352,-0.007898474732596417,-0.9039813066384542,91.36346772113471,75.83057677941001,-15.532890941724702,87.32764102757169,0.0,100.0,0.1246747349942628,0.14415846716833514,0.01948373217407233,0.0,100.0,12,2.604646867687587,1.2339566609483068
DQN,101,82,5.404463614618531,12,1,0.8984838507774601,0.8240736767608418,0.07441017401661831,8.281748631567615,86.14081735332992,83.95238108800469,-2.1884362653252367,81.63824313888365,0.0,100.0,0.16357946887499838,0.17334523596758564,0.009765767092587252,0.0,91.66666666666666,12,2.5139470241701156,1.1875898901781563
DQN,101,83,5.241389071206284,12,1,0.7609591342756643,0.8938272638932384,-0.1328681296175741,-17.460613012293695,92.15233745226524,71.11647356082595,-21.03586389143929,85.38906781935636,0.0,100.0,0.20829954280070914,0.14006188079372564,-0.0682376620069835,0.0,100.0,12,2.88308854394111,1.3665129590385814
DQN,101,84,5.08494672007326,12,1,0.8369113908165113,0.9035243759519723,-0.06661298513546099,-7.959383259256601,100.0,93.31487691711004,-6.685123082889959,77.28398773411736,0.0,100.0,0.2040410204518723,0.12794764341811557,-0.07609337703375674,0.0,75.0,12,2.7972945901134856,1.2611530513392706
DQN,101,85,5.347125713874783,12,1,0.8422038314997673,0.8883053362853067,-0.04610150478553943,-5.473912972284093,66.6055118378527,73.94556191378653,7.340050075933831,84.27230962703031,0.0,100.0,0.17444668339081554,0.14397405329387206,-0.03047263009694348,0.0,100.0,12,2.82588580468083,1.2702628500045328
DQN,101,86,5.224072296891039,12,1,0.7963955595025389,0.8476304761524668,-0.05123491664992785,-6.433350366987388,89.1309276977577,69.75890839817735,-19.372019299580344,83.87434375003446,0.0,100.0,0.17619674696215293,0.13315713644555188,-0.043039610516601046,0.0,100.0,12,2.9047199984129293,1.3407495484328589
DQN,101,87,4.5948327071799095,12,1,0.918762683358327,0.8030312673592596,0.11573141599906744,12.596442813288597,100.0,0.6362124576051793,-99.36378754239482,66.15719100600374,0.0,100.0,0.11354660785597472,0.19912962572013546,0.08558301786416074,0.0,58.333333333333336,12,2.442044040746996,1.2713591380330356
DQN,101,88,5.267755068043535,12,1,0.8495765417768174,0.801070519813063,0.04850602196375442,5.709435180767607,93.44421010959056,99.87632401604519,6.4321139064546315,86.27021180505956,0.0,100.0,0.1569375792503324,0.1538486717048688,-0.003088907545463593,0.0,100.0,12,2.876274597120607,1.3163895218679982
DQN,101,89,5.165605115883158,12,1,0.8817987238074976,0.8815441527517901,0.0002545710557074754,0.028869519634624682,75.76792868386461,47.02137600096533,-28.746552682899278,78.35353317099357,0.0,100.0,0.11946014379204829,0.15989561238536223,0.04043546859331394,0.0,75.0,12,2.5688694464729567,1.2025828084752104
DQN,101,90,5.375182433340644,12,1,0.7617126614798658,0.9141584644168128,-0.15244580293694698,-20.01355768995269,99.32464450169971,73.62097038996892,-25.70367411173079,84.62185301957987,0.0,100.0,0.1667726411673241,0.08616409310638962,-0.08060854806093448,0.0,100.0,12,2.8474013030053453,1.3554580452695204
DQN,101,91,5.372139860392047,12,1,0.9066777061605993,0.8598493962893071,0.04682830987129216,5.164824231709685,79.394595383604,63.51688816055562,-15.877707223048382,84.07015219142663,0.0,100.0,0.11848362046640698,0.1114717836049023,-0.0070118368615046806,0.0,100.0,12,2.460351570880728,1.248456215233422
DQN,101,92,5.407463271304534,12,1,0.8130271754911671,0.8407213641896616,-0.027694188698494493,-3.406305414301046,71.08506050128463,88.26708674155446,17.182026240269835,86.79916741678282,0.0,100.0,0.1861305083712202,0.15327401410258035,-0.032856494268639846,0.0,100.0,12,2.754667412418208,1.2872673512716735
DQN,101,93,4.99676063260366,12,1,0.8104561619841146,0.8469104691744469,-0.03645430719033227,-4.49799864573635,85.37218014122665,69.69658656059002,-15.67559358063663,78.0239851129725,0.0,100.0,0.1264675588223496,0.14410005955142888,0.017632500729079265,0.0,100.0,12,2.56032168862714,1.3356067044862228
DQN,101,94,4.877001489954473,12,1,0.8735339330682524,0.8487558279630629,0.02477810510518952,2.8365360711469365,91.16860863840812,80.01745495044648,-11.151153687961639,73.26763327964233,0.0,100.0,0.12422802415707523,0.14942532198251812,0.025197297825442888,0.0,75.0,12,2.564374454373071,1.234169527570913
DQN,101,95,5.373821207863548,12,1,0.8880219816862699,0.8849827021734094,0.0030392795128605377,0.34225273422728036,66.00983599663007,86.82818547054568,20.818349473915603,79.938181803619,0.0,100.0,0.10696828530735158,0.14946966261012828,0.0425013773027767,0.0,91.66666666666666,12,2.4221020749673823,1.2288455668914113
DQN,101,96,5.1163276323547935,12,1,0.8730094472601196,0.8948232644037111,-0.02181381714359143,-2.498691991484468,68.35796150865285,89.75416475401606,21.39620324536321,77.6709557678971,0.0,100.0,0.15564833529957833,0.1307716388051157,-0.02487669649446264,0.0,91.66666666666666,12,2.709769308573707,1.253735703922699
DQN,101,97,5.426961482245839,12,1,0.8195618499997541,0.7736264346870515,0.04593541531270262,5.604874764816884,81.85038881979278,90.5231816897145,8.672792869921722,85.2961344715516,0.0,100.0,0.16082840016781597,0.1933008307472882,0.032472430579472245,0.0,100.0,12,2.7291346775750083,1.3533750191654872
DQN,101,98,5.023801775074985,12,1,0.8568262090594331,0.8240652307116285,0.03276097834780456,3.8235266383561477,98.0862818237348,72.97824780287954,-25.108034020855257,79.25339723118607,0.0,100.0,0.11894408109062507,0.14993975003196885,0.030995668941343785,0.0,100.0,12,2.5368364975049675,1.2740950373015985
DQN,101,99,5.136807570405619,12,1,0.8635159801220962,0.8867718675744382,-0.023255887452341972,-2.6931623719405544,66.20356067173337,92.14702692295647,25.9434662512231,77.31007681184765,0.0,100.0,0.1286473523569517,0.07093321162438887,-0.05771414073256284,0.0,83.33333333333334,12,2.598520132433965,1.2350406477679055
DQN,101,100,5.1729617810418596,12,1,0.8852659676465127,0.8573777408448644,0.027888226801648264,3.150265323740995,79.67150012095199,78.1297377155447,-1.5417624054072832,80.9485884161362,0.0,100.0,0.14511363924276965,0.14805074522901257,0.002937105986242916,0.0,91.66666666666666,12,2.551259138457764,1.2797889390929151
DQN,101,101,5.566432564151643,12,1,0.8249965109707136,0.8318207456404751,-0.006824234669761564,-0.827183458234506,73.25993164204905,100.0,26.740068357950946,86.20442826321158,0.0,100.0,0.1399868003132501,0.15035667764707736,0.010369877333827271,0.0,100.0,12,2.6444707632865385,1.294433300491182
DQN,101,102,5.306135358112366,12,1,0.8602852918869519,0.9274016224281155,-0.06711633054116362,-7.801636407609677,99.91503531443917,90.70129783498403,-9.213737479455133,82.4864939691504,0.0,100.0,0.11471662604876526,0.07833898080104117,-0.03637764524772409,0.0,91.66666666666666,12,2.5519328124812337,1.250004547401803
DQN,101,103,5.544807068725252,12,1,0.8032167293216703,0.7867452124724921,0.016471516849178247,2.0506939469610788,82.06081364556995,78.78162507762072,-3.279188567949234,86.35628550038705,0.0,100.0,0.17358850358789055,0.18934729073545853,0.015758787147567982,0.0,100.0,12,2.8957809820920755,1.2783979640819
DQN,101,104,5.059586831338398,12,1,0.822736372667382,0.844499889102792,-0.02176351643540997,-2.64526003206237,89.48195708228175,68.70321801244866,-20.778739069833094,78.72558602046301,0.0,100.0,0.18454947610748434,0.19569769502612216,0.01114821891863782,0.0,91.66666666666666,12,2.8047294206034867,1.3036220988695384
DQN,101,105,5.5324996758073475,12,1,0.8478303333815405,0.8736984960073164,-0.02586816262577596,-3.0511013356412637,84.62845607467474,92.05476696990829,7.4263108952335415,89.37254944938041,0.0,100.0,0.17337473119387545,0.14563661726825897,-0.02773811392561648,0.0,100.0,12,2.865054431848922,1.2470679650593097
DQN,101,106,5.222968193497054,12,1,0.8632759081213021,0.8625209283078986,0.0007549798134034447,0.08745521637994787,58.20382717991988,71.58994019149415,13.386113011574274,82.54642276056477,0.0,100.0,0.15127527538056995,0.12617814090557947,-0.025097134474990485,0.0,83.33333333333334,12,2.71792624112342,1.2562235903343653
DQN,101,107,4.647516193895895,12,1,0.8848646518228955,0.8911174632317781,-0.006252811408882564,-0.706640433200857,92.88501818714353,73.26811384162161,-19.616904345521917,67.57334712561261,0.0,100.0,0.1081481972819392,0.14888776100917067,0.040739563727231476,0.0,66.66666666666666,12,2.496360889145507,1.329645606993596
DQN,101,108,5.268685386907608,12,1,0.8805094501787796,0.8517431454518947,0.028766304726884906,3.2670069266200565,100.0,75.37150176733957,-24.628498232660434,80.0433481140306,0.0,100.0,0.13279698810174861,0.15531226990375407,0.02251528180200546,0.0,83.33333333333334,12,2.5837112675171454,1.2894278506683272
DQN,101,109,4.836270977042628,12,1,0.7903691528900526,0.822463812195066,-0.03209465930501343,-4.060717601092674,91.9051612269227,70.00607761752245,-21.89908360940025,74.60856012572786,0.0,100.0,0.17515480795788474,0.2010614742270317,0.02590666626914695,0.0,75.0,12,2.7160602843062596,1.32959260810705
DQN,101,110,5.131493000604581,12,1,0.9077669460310946,0.8761810955021998,0.03158585052889484,3.4795109765775614,90.67541317015116,95.9836708928618,5.308257722710636,73.7586674993708,0.0,100.0,0.12285011786903002,0.11559957035079867,-0.007250547518231357,0.0,75.0,12,2.470878430236369,1.2407634769346374
DQN,101,111,5.387343940716387,12,1,0.7944441648769814,0.8609442897840498,-0.06650012490706836,-8.370648038854412,82.53716033248344,98.40476934962909,15.867609017145654,86.74230814719208,0.0,100.0,0.15966502509095573,0.1586585739950893,-0.0010064510958664175,0.0,100.0,12,2.8984434583009535,1.2740176135468808
DQN,101,112,4.939183732684061,12,1,0.8983468733626969,0.8953186702096658,0.003028203153031095,0.33708617938368374,71.05735669732806,70.85626164995935,-0.2010950473687103,75.42586589091319,0.0,100.0,0.1210101511239019,0.13956950912362956,0.01855935799972766,0.0,91.66666666666666,12,2.353489315870331,1.2698635838880423
DQN,101,113,3.8833933055930454,12,0,0.8942517405014561,0.8838369599535267,0.010414780547929325,1.1646363184140056,82.65568124048657,7.868963406242702,-74.78671783424387,51.08423212013967,0.0,100.0,0.09177945268965983,0.14570972341559418,0.05393027072593436,0.0,58.333333333333336,12,2.6139393059052978,1.1206084551300006
DQN,101,114,4.835031260539767,12,1,0.8666873425553432,0.8089875634220075,0.05769977913333568,6.6575079962762,88.22513490434528,54.60360633125686,-33.62152857308842,77.79477504908111,0.0,100.0,0.14970517214971746,0.17566401381866,0.02595884166894255,0.0,75.0,12,2.8107423094229547,1.2197770709888198
DQN,101,115,5.403639564122312,12,1,0.9386739627730567,0.7980986910633808,0.14057527170967588,14.975942370275671,71.80032339665274,80.44541293799381,8.645089541341065,84.02163392660738,0.0,100.0,0.0807989431037554,0.1637920964800355,0.0829931533762801,0.0,91.66666666666666,12,2.509106735778554,1.0793208663255036
DQN,101,116,5.582695461687588,12,1,0.8068745119892341,0.8067224379857347,0.0001520740034993695,0.01884729301021701,90.08140166849917,98.0142266118175,7.932824943318337,86.54591250498196,0.0,100.0,0.16650628711427495,0.17102262776039423,0.004516340646119277,0.0,100.0,12,2.645703391176896,1.355125542254222
DQN,101,117,5.4331884458428865,12,1,0.8048374643517567,0.8120576777683685,-0.0072202134166117204,-0.8971020530744209,98.23341200599944,100.0,1.7665879940005595,87.20163083763907,0.0,100.0,0.15637672043519235,0.18753276322441365,0.031156042789221294,0.0,100.0,12,2.801884033253526,1.3214826695242339
DQN,101,118,5.006595223281348,12,1,0.851464669778507,0.8797464495235193,-0.028281779745012336,-3.321544715692,100.0,58.81942204575655,-41.18057795424345,78.01497149635115,0.0,100.0,0.13827360858867774,0.0989474147182712,-0.039326193870406534,0.0,75.0,12,2.5957675802852163,1.282618511521212
DQN,101,119,5.185512775012106,12,1,0.8558375023378822,0.8673915798471524,-0.011554077509270178,-1.3500316914961108,88.06357669673905,100.0,11.936423303260952,77.1910710778469,0.0,100.0,0.09316621941459637,0.13956197887077482,0.04639575945617845,0.0,75.0,12,2.461233237065865,1.2422554839662905
DQN,101,120,5.4827829425982415,12,1,0.8304984574718282,0.8930564076659113,-0.06255795019408317,-7.532578734043613,90.45504932052107,97.12010429716122,6.66505497664015,88.82814299062109,0.0,100.0,0.15868251022167698,0.09269466175842872,-0.06598784846324826,0.0,100.0,12,2.660373208979333,1.3181033578748285
DQN,101,121,4.837568173844221,12,1,0.8630630524009184,0.903586298017833,-0.04052324561691456,-4.695282170194249,99.42834433302585,87.62683053281245,-11.8015138002134,72.06747282344514,0.0,100.0,0.14019506395369713,0.11644974510217142,-0.023745318851525712,0.0,75.0,12,2.556263184047694,1.2389948989372213
DQN,101,122,5.534075568775449,12,1,0.8683832861297234,0.8138739887114896,0.05450929741823374,6.277101170518253,79.98043010312131,85.23935394785357,5.258923844732266,83.16245033591399,0.0,100.0,0.12537509036201044,0.18770237245456672,0.06232728209255628,0.0,100.0,12,2.58063270094271,1.275603561698923
DQN,101,123,5.4867595810879575,12,1,0.8559762085846352,0.8633696840815273,-0.007393475496892066,-0.8637477797563144,97.87752069473134,88.5069588432129,-9.370561851518445,89.11669096973365,0.0,100.0,0.14386936670984907,0.17836496889389936,0.03449560218405029,0.0,100.0,12,2.795451765253676,1.2355921059071957
DQN,101,124,4.7479233864649695,12,1,0.7970172070376871,0.8907021609807144,-0.09368495394302734,-11.754445589855054,96.43797700734996,91.05430917474222,-5.383667832607742,70.8083494947722,0.0,100.0,0.21104754620942892,0.12509503278098,-0.08595251342844892,0.0,66.66666666666666,12,2.8465617319322476,1.3590271326846575
DQN,101,125,5.193515976132927,12,1,0.7671016867007664,0.8551882080161841,-0.08808652131541772,-11.483030586762197,90.26868972260637,61.7533125866658,-28.515377135940568,83.03983946248242,0.0,100.0,0.2185697034835794,0.16541722447040097,-0.05315247901317843,0.0,100.0,12,2.8511600600571634,1.3761740466492633
DQN,101,126,5.6348357559302364,12,1,0.8873590643146473,0.8270872212089021,0.06027184310574518,6.792272207451468,81.81564365787976,100.0,18.18435634212024,88.01484504024752,0.0,100.0,0.1440697972424214,0.14309837289998664,-0.0009714243424347457,0.0,100.0,12,2.591552816882068,1.2537203951759865
DQN,101,127,5.2925501086598725,12,1,0.8910134895550229,0.8650207326083719,0.02599275694665104,2.917212505910766,81.88763998644087,48.725183717299764,-33.16245626914111,81.71523311789616,0.0,100.0,0.13002314145368804,0.14998592666981447,0.019962785216126433,0.0,91.66666666666666,12,2.618732825460841,1.1835081692346074
DQN,101,128,4.941881189673522,12,1,0.8776701141221555,0.7886079346834585,0.08906217943869699,10.147568887859064,78.20820137168076,76.89678438776514,-1.3114169839156204,75.59016348920532,0.0,100.0,0.12821306043169414,0.2098187385406529,0.08160567810895875,0.0,83.33333333333334,12,2.616253619163618,1.2348052007988
DQN,101,129,5.245299147279833,12,1,0.8651770148743102,0.8717751337558433,-0.006598118881533055,-0.7626322438179435,92.82373519700393,62.73398036629787,-30.089754830706056,82.09913800671781,0.0,100.0,0.1645368678297189,0.14546939071037235,-0.01906747711934656,0.0,100.0,12,2.9643148637191303,1.3283204365999823
DQN,101,130,5.520459595576595,12,1,0.8449419309202536,0.8154185226190396,0.029523408301214027,3.494134593256501,90.76910574167681,85.52870299854169,-5.240402743135121,87.52631017586971,0.0,100.0,0.15539159568759173,0.18785377876351694,0.032462183075925216,0.0,100.0,12,2.7113469333384903,1.3510161852364313
DQN,101,131,5.6619446829378575,12,1,0.816760507020569,0.8019217350313426,0.014838771989226451,1.8167837281158794,97.59882262692054,94.53989626914792,-3.05892635777262,88.25220520873944,0.0,100.0,0.1843123271323466,0.19729250171136853,0.012980174579021925,0.0,100.0,12,2.8127265381488207,1.2708378465648014
DQN,101,132,5.156581588147084,12,1,0.8626998244504469,0.8784563107504635,-0.01575648630001658,-1.8264158463291338,67.63451995028412,78.52617683217431,10.8916568818902,78.56352304836115,0.0,100.0,0.13278070621801544,0.1205048828028447,-0.012275823415170736,0.0,91.66666666666666,12,2.3945332361130403,1.2963824928542231
DQN,101,133,5.378792093725153,12,1,0.8058456270073672,0.7884264845985218,0.017419142408845345,2.161597932042398,100.0,77.37885650617524,-22.62114349382476,85.01325440476877,0.0,100.0,0.2147982177914956,0.16851919513937894,-0.04627902265211667,0.0,100.0,12,2.9049939434263377,1.4123379895817776
DQN,101,134,5.0409540674692455,12,1,0.8206825998150847,0.8697497525610846,-0.04906715274599982,-5.978822111868288,78.95707941669927,59.22349905504554,-19.733580361653736,77.12948159693862,0.0,100.0,0.14668897299609907,0.13169139351252354,-0.014997579483575524,0.0,83.33333333333334,12,2.61481801030164,1.3024446274307004
DQN,101,135,3.9140285476685572,12,0,0.8487646216059147,0.8328577750550243,0.015906846550890363,1.874117528696429,100.0,0.0,-100.0,50.80988653561328,0.0,100.0,0.12980834679600728,0.1611448249219375,0.03133647812593021,0.0,58.333333333333336,12,2.703175894407343,1.2238415365272883
DQN,101,136,5.457738261745438,12,1,0.9062527935742066,0.7308267442516477,0.1754260493225589,19.357297496506366,65.0958842024396,92.98287409572815,27.886989893288543,82.02413282263116,0.0,100.0,0.09165215097640891,0.23073159204720323,0.1390794410707943,0.0,100.0,12,2.5023977242332625,1.2242718476516727
DQN,101,137,5.335343640633046,12,1,0.7978113649777675,0.8658183877419644,-0.0680070227641969,-8.524198294178479,90.04124118143093,82.5829598946835,-7.458281286747436,84.0219471194766,0.0,100.0,0.15697221808778633,0.1610699693467573,0.004097751258970966,0.0,100.0,12,2.787827173697238,1.292412374943265
DQN,101,138,5.492077994409211,12,1,0.8912506773738951,0.8454647851920548,0.04578589218184026,5.137263100517374,89.4775632518691,89.58218897971635,0.10462572784724955,85.09089461699136,0.0,100.0,0.09642499752067314,0.14187974546753954,0.045454747946866395,0.0,100.0,12,2.4425711873916276,1.285091078475523
DQN,101,139,5.17257591082654,12,1,0.7711262169231426,0.8664201077159911,-0.09529389079284845,-12.35775528072161,100.0,67.28788025372022,-32.71211974627978,83.16468093701899,0.0,100.0,0.18154037869902195,0.17755892179593605,-0.003981456903085906,0.0,100.0,12,2.8408123211527596,1.3835621202315675
DQN,101,140,5.0574827730010306,12,1,0.8878547950980128,0.7989135046377188,0.08894129046029398,10.017549147828333,72.59098681183855,100.0,27.409013188161452,72.4642436010367,0.0,100.0,0.11454885835632325,0.18591764736082952,0.07136878900450627,0.0,66.66666666666666,12,2.491337552584811,1.2123304132399686
DQN,101,141,5.20086766330599,12,1,0.8339169587626664,0.817622412529753,0.016294546232913376,1.9539770790955722,93.70589911842919,92.58437616831641,-1.1215229501127766,83.29799996021579,0.0,100.0,0.1141619367551219,0.18459419847750433,0.07043226172238243,0.0,100.0,12,2.695983599864532,1.2142282721683026
DQN,101,142,5.005710511320606,12,1,0.8708376059663797,0.8580923749486031,0.012745231017776582,1.4635600174424064,87.12149738958983,69.20801885011329,-17.913478539476543,79.28982961264103,0.0,100.0,0.16551913470773927,0.1632233279028311,-0.0022958068049081792,0.0,100.0,12,2.5494190438183875,1.2921179527173625
DQN,101,143,4.9828557104756515,12,1,0.8382450538397798,0.8317577832864821,0.006487270553297675,0.7739109850492045,77.19933255777842,95.79446293643923,18.595130378660812,79.22470683382728,0.0,100.0,0.17517566231984016,0.1873617439492343,0.012186081629394135,0.0,75.0,12,2.8332281876451204,1.302294946712991
DQN,101,144,5.422301400641913,12,1,0.882923463166329,0.8912318933193315,-0.008308430153002533,-0.9410136325075048,91.49805292436206,99.9411836272878,8.443130702925743,85.61645621920066,0.0,100.0,0.1470175160817161,0.1322278655875776,-0.014789650494138495,0.0,91.66666666666666,12,2.5990600704063307,1.2658898503281653
DQN,101,145,5.271672706373635,12,1,0.8106646764718768,0.8215342146369446,-0.01086953816506786,-1.3408180324784313,82.85274488623298,71.73430942876466,-11.118435457468323,86.64633420698347,0.0,100.0,0.20020336712315484,0.1410842547882623,-0.05911911233489253,0.0,100.0,12,2.853265808073397,1.3629273969506153
DQN,101,146,5.21491061925245,12,1,0.9132371495828169,0.920491236337971,-0.007254086755154154,-0.7943267264661704,100.0,90.62340129476817,-9.376598705231828,79.04244596839335,0.0,100.0,0.1136354723913978,0.11175916891376864,-0.0018763034776291682,0.0,75.0,12,2.5701254597548795,1.2066946987135538
DQN,101,147,5.430345694772047,12,1,0.8270177148174425,0.7961789850158081,0.03083872980163438,3.7289080087530873,96.1999522392185,64.26161253425204,-31.938339704966467,85.52622293826903,0.0,100.0,0.17772457778617043,0.1999791370560739,0.022254559269903468,0.0,100.0,12,2.7014144608623565,1.3711432704273452
DQN,101,148,5.675121145447103,12,1,0.8703360450483213,0.8810964277316117,-0.010760382683290382,-1.2363480456210407,74.05929841290833,84.79904853619891,10.739750123290577,88.63182477824495,0.0,100.0,0.15003391136796396,0.16524037168239925,0.015206460314435288,0.0,100.0,12,2.711749248573952,1.306757724081176
DQN,101,149,4.4838970570848815,12,1,0.8648958735506991,0.8549098892992946,0.009985984251404512,1.1545880327083264,100.0,20.127973258398747,-79.87202674160125,65.94745636384846,0.0,100.0,0.12723222711519563,0.13543125914614432,0.008199032030948683,0.0,66.66666666666666,12,2.5771259164191593,1.2201789030304406
DQN,101,150,5.452664367847162,12,1,0.8255415314174679,0.8462907952434803,-0.020749263826012387,-2.513412473674774,95.37078765051434,62.09725031754743,-33.27353733296692,87.66571860072838,0.0,100.0,0.15528261492368886,0.15781115150937577,0.0025285365856869135,0.0,100.0,12,2.618866369614706,1.3387134369567522
DQN,101,151,5.293760568058313,12,1,0.9194273863532592,0.8489824011561697,0.07044498519708942,7.661832379879023,91.3155562023517,99.73017747360144,8.414621271249743,80.97776012585136,0.0,100.0,0.11379081455422783,0.1276609766951248,0.013870162140896966,0.0,91.66666666666666,12,2.4876610873679312,1.2689280650556034
DQN,101,152,5.412037205626504,12,1,0.8472179186287017,0.8230137655710402,0.024204153057661437,2.856898151639431,85.67639193056826,100.0,14.323608069431742,86.20905678273364,0.0,100.0,0.16292868084928822,0.18249447524019852,0.0195657943909103,0.0,100.0,12,2.797642150792671,1.2842652078137249
DQN,101,153,5.378648182743061,12,1,0.8916545279860821,0.8199710772685946,0.0716834507174875,8.039374944844829,82.06698677588491,98.26923621834345,16.202249442458537,84.16052435658658,0.0,100.0,0.1491625862767576,0.16330150559043666,0.014138919313679055,0.0,91.66666666666666,12,2.624847376123228,1.3121110564275447
DQN,101,154,4.785875567475848,12,1,0.8331707710190692,0.8131801146539773,0.019990656365091897,2.399346815856357,98.79355951918892,90.82341486467107,-7.970144654517853,74.03474413850212,0.0,100.0,0.17046166137648402,0.1861178448138166,0.015656183437332577,0.0,83.33333333333334,12,2.8474033556797043,1.359887703482563
DQN,101,155,5.144646720324438,12,1,0.7831183599559178,0.8924537056025901,-0.10933534564667224,-13.961535220911792,83.90091011809005,61.898533555261494,-22.00237656282856,81.60230452199595,0.0,100.0,0.18960168813618447,0.14055010018712796,-0.04905158794905651,0.0,100.0,12,2.812712822623071,1.384815839162406
DQN,101,156,5.427888678047765,12,1,0.8110487335746344,0.8865365989831903,-0.0754878654085559,-9.30743891009471,88.76272226772247,71.34317087120348,-17.419551396518983,86.05434735606805,0.0,100.0,0.1784550478715939,0.09842564293698364,-0.08002940493461028,0.0,100.0,12,2.8548286866338457,1.3364817857863027
DQN,101,157,4.2644706022515555,12,0,0.8397783559232087,0.815405108138594,0.024373247784614693,2.90234293521652,24.829531865433527,82.82209154783506,57.992559682401534,59.301226787988035,0.0,100.0,0.1675299910117375,0.18021478362791843,0.01268479261618094,0.0,50.0,12,2.7144815173737147,1.3472604263189232
DQN,101,158,5.22552330479519,12,1,0.8778755815228989,0.8838538641594864,-0.005978282636587506,-0.6809942960500909,55.1151906398994,94.50645296923375,39.391262329334346,78.9540891193257,0.0,100.0,0.15439633799200225,0.16168939087558748,0.007293052883585227,0.0,75.0,12,2.5303284300971023,1.2761797515280047
DQN,101,159,5.316898531334133,12,1,0.8793676974859237,0.862917896876953,0.01644980060897072,1.8706396261768576,71.02738093101789,92.19996761298998,21.172586681972092,77.0890905290746,0.0,100.0,0.10147833519269381,0.125472482021204,0.0239941468285102,0.0,91.66666666666666,12,2.481729722793092,1.2125415585191317
DQN,101,160,4.913599585021712,12,1,0.8438506884945189,0.8855928645886347,-0.04174217609411579,-4.946630566668894,85.35995834233478,74.42784233103366,-10.932116011301119,76.00893776956595,0.0,100.0,0.1467359054462848,0.12562429211690676,-0.021111613329378026,0.0,91.66666666666666,12,2.6312892308754217,1.2709644462495908
DQN,101,161,5.312902939916148,12,1,0.8731746478963057,0.8582515324144968,0.014923115481808913,1.7090642195994123,100.0,80.68054025207174,-19.319459747928263,81.16361809726564,0.0,100.0,0.13025257471427173,0.1278233115047603,-0.002429263209511423,0.0,100.0,12,2.5781854071194283,1.3529655142747927
DQN,101,162,5.230017348724265,12,1,0.9014874058635988,0.9084312262690564,-0.006943820405457601,-0.7702626082508188,71.60517643355465,90.10324450007462,18.498068066519977,81.85402391152685,0.0,100.0,0.12870842527901283,0.11265093262640612,-0.01605749265260671,0.0,83.33333333333334,12,2.50583464621028,1.2054083057027514
DQN,101,163,5.512032861764852,12,1,0.806387206280313,0.8982863664660805,-0.09189916018576749,-11.396406028026924,100.0,64.73970004776154,-35.260299952238455,86.94664358064567,0.0,100.0,0.1677885319870177,0.0950388319478268,-0.07274970003919091,0.0,100.0,12,2.7689845149375536,1.3462149697560923
DQN,101,164,5.175028484638665,12,1,0.8615384345754558,0.8209476313134461,0.0405908032620097,4.711432668933896,74.68694658243173,99.2751187690855,24.588172186653765,78.44315827433284,0.0,100.0,0.13506044714702606,0.18193762502730004,0.046877177880273985,0.0,91.66666666666666,12,2.444124492046708,1.27425603452164
DQN,101,165,4.56666651000584,12,1,0.8890113198868338,0.8570982750898608,0.03191304479697299,3.5897231096039746,14.419153203149845,86.25418201778142,71.83502881463157,67.08917685704267,0.0,100.0,0.14164102020987185,0.13831404169446604,-0.0033269785154058096,0.0,75.0,12,2.5551571134882547,1.3183530520655997
DQN,101,166,5.439857981765255,12,1,0.830110523407714,0.7776370549616936,0.05247346844602041,6.321262888056141,72.20752959923101,77.54943304971553,5.341903450484523,88.36507466952366,0.0,100.0,0.18073310366220582,0.16775471667645556,-0.012978386985750268,0.0,100.0,12,2.783173480407798,1.2976754200025171
DQN,101,167,5.429923353679762,12,1,0.8475506261381162,0.8942611111812724,-0.046710485043156225,-5.51123243882122,86.54882578527443,78.43128986533283,-8.117535919941602,86.36297785792515,0.0,100.0,0.13594289381024108,0.1093229269241676,-0.026619966886073473,0.0,100.0,12,2.7790836261167065,1.2973671563027849
DQN,101,168,4.95740000124653,12,1,0.8395819853850378,0.829377663907018,0.010204321478019862,1.2154050057827401,86.87208554931702,47.98381244872999,-38.88827310058703,80.05074651689556,0.0,100.0,0.15905012259516807,0.16715784096671366,0.008107718371545586,0.0,83.33333333333334,12,2.7049919469515245,1.3452526451080606
DQN,101,169,5.347523168668098,12,1,0.8667371917454462,0.8758708753248214,-0.009133683579375274,-1.0538008137139872,75.51053735947201,71.86386436507098,-3.6466729944010297,83.13810014120116,0.0,100.0,0.12169357471599535,0.10135515780554273,-0.020338416910452614,0.0,100.0,12,2.5239007446561,1.204884254963278
DQN,101,170,5.025015767100395,12,1,0.9067333182946757,0.8421124793106483,0.06462083898402748,7.126774508028679,100.0,94.02216793121822,-5.97783206878178,74.31646394056453,0.0,100.0,0.08416748242013358,0.13729288699140707,0.05312540457127349,0.0,83.33333333333334,12,2.388855203133277,1.3079216371922782
DQN,101,171,5.578344225544282,12,1,0.8094216967939081,0.9128464903722376,-0.10342479357832957,-12.777615671533352,67.01289839100069,89.61629851429906,22.60340012329837,86.0388873367257,0.0,100.0,0.1771872827171902,0.09760486710921942,-0.07958241560797077,0.0,100.0,12,2.8182275986530274,1.2611616606692733
DQN,101,172,5.317357572425516,12,1,0.8611093023564662,0.7662697412707622,0.09483956108570402,11.01364958271512,80.01239167506591,84.55925700906052,4.546865333994603,80.32610000863816,0.0,100.0,0.11540761276307229,0.18996421093825422,0.07455659817518193,0.0,91.66666666666666,12,2.489354170244984,1.3097348746534687
DQN,101,173,5.237138261288411,12,1,0.839472217240681,0.8193953498858921,0.020076867354788863,2.3916059331636847,87.85040469911708,90.83756171856044,2.9871570194433588,81.99137999785025,0.0,100.0,0.1449128574164624,0.14554546204223426,0.0006326046257718598,0.0,100.0,12,2.7138510778818277,1.326568361278299
DQN,101,174,5.554367586426325,12,1,0.8221766217146953,0.9133857166806483,-0.09120909496595297,-11.09361328904382,100.0,89.22658998574863,-10.773410014251368,88.7416959337773,0.0,100.0,0.14756413097610152,0.07595275846905675,-0.07161137250704477,0.0,100.0,12,2.8342465602598064,1.2676611812445495
DQN,101,175,5.288266829183666,12,1,0.8211666710844149,0.9041560073898841,-0.08298933630546923,-10.106271872417242,84.1936202833132,79.18034838080973,-5.013271902503462,83.67555800923732,0.0,100.0,0.1806623050414006,0.09494907240772753,-0.08571323263367307,0.0,100.0,12,2.838700175740527,1.3066436605375336
DQN,101,176,5.588109562719918,12,1,0.8482163912777942,0.8670728267677861,-0.01885643548999183,-2.2230689814406417,98.29515435683767,83.16732470055166,-15.12782965628601,89.89625564348275,0.0,100.0,0.16017757487554055,0.10121534914122643,-0.058962225734314117,0.0,100.0,12,2.9210244654541277,1.2333956063048133
DQN,101,177,4.883499776298194,12,1,0.8040620411861962,0.7932279511026155,0.010834090083580716,1.3474196677158985,88.1641943648355,3.737106013663173,-84.42708835117232,73.21191566370707,0.0,100.0,0.1312779362754062,0.13649771315379763,0.0052197768783914245,0.0,91.66666666666666,12,2.475078727053837,1.341516322007133
DQN,101,178,5.3335098201373095,12,1,0.8292426951364924,0.8126232547186071,0.016619440417885323,2.0041708555719966,93.69030273167863,71.1325379965129,-22.557764735165733,81.35573025810265,0.0,100.0,0.17088131632718884,0.21149215680987324,0.0406108404826844,0.0,83.33333333333334,12,2.763428365553994,1.3806606298619302
DQN,101,179,5.5991629878637115,12,1,0.8180178415101789,0.8584059899953858,-0.04038814848520689,-4.937318776647285,100.0,84.73855941071406,-15.26144058928594,88.34698305369277,0.0,100.0,0.16737044783002997,0.14954268974782411,-0.017827758082205852,0.0,100.0,12,2.7331978947803317,1.3370837584748634
DQN,101,180,5.292132443835486,12,1,0.8454500019331913,0.8865927966514796,-0.0411427947182883,-4.8663782156498785,97.19583296670164,100.0,2.8041670332983557,84.71599358184086,0.0,100.0,0.1798094280260783,0.1400785495945826,-0.0397308784314957,0.0,100.0,12,2.7245058405894977,1.330870841689489
DQN,101,181,5.482034624467967,12,1,0.837842090913185,0.8480988117454504,-0.010256720832265476,-1.2241830463645507,77.94153147313251,86.7138840578287,8.77235258469618,85.36196776037889,0.0,100.0,0.1626350428472897,0.14410573586078237,-0.018529306986507316,0.0,100.0,12,2.717649028366239,1.2899154401964856
DQN,101,182,4.938452058208056,12,1,0.850291119414808,0.8103684095806185,0.03992270983418944,4.6951813235054445,96.75836543193827,46.862900316061776,-49.8954651158765,74.26724099001899,0.0,100.0,0.14628642595583943,0.17629361286308168,0.030007186907242245,0.0,83.33333333333334,12,2.568384324608559,1.287724587760122
DQN,101,183,5.587826382627448,12,1,0.8602392244197958,0.854220453826297,0.006018770593498868,0.6996624221080291,65.00058333431159,94.01055205563857,29.009968721326985,85.08634055343056,0.0,100.0,0.15574308094300135,0.1539674347335881,-0.0017756462094132563,0.0,100.0,12,2.7467281501972827,1.217352617306597
DQN,101,184,5.64731657920752,12,1,0.8617333989350942,0.8674772249358952,-0.005743826000801033,-0.6665432728845246,86.74978619270072,99.5323380879436,12.782551895242875,90.5714601583223,0.0,100.0,0.15376438699342512,0.14499820175978032,-0.008766185233644808,0.0,100.0,12,2.583126997544723,1.2501589604090138
DQN,101,185,3.8173026914666943,12,0,0.8177990384824323,0.7925523850065376,0.02524665347589472,3.0871463877903618,91.25983090914703,18.66707622010461,-72.59275468904241,55.31512376746218,0.0,100.0,0.18530585937330546,0.21937782867985145,0.03407196930654599,0.0,58.333333333333336,12,2.868187057667724,1.273539458420404
DQN,101,186,5.363247959193457,12,1,0.819477917419485,0.79478730020594,0.02469061721354493,3.0129691952279876,97.75093563418902,97.63905473151941,-0.11188090266961126,80.87881103576252,0.0,100.0,0.14416751125874297,0.1590316346057777,0.014864123347034741,0.0,83.33333333333334,12,2.746734339851566,1.2544683569715593
DQN,101,187,5.1766907813318905,12,1,0.8221667446007557,0.8588638883302664,-0.03669714372951072,-4.463467291824222,98.8631338532842,53.257519049497624,-45.60561480378657,80.86750140023777,0.0,100.0,0.1894420559851969,0.16506470435507056,-0.02437735163012633,0.0,91.66666666666666,12,2.9208928975957273,1.297803416685327
DQN,101,188,5.030142930032657,12,1,0.8696760423556038,0.8891001670093889,-0.01942412465378507,-2.233489679809151,83.03429888027607,83.27342774239379,0.23912886211772388,78.13697466503343,0.0,100.0,0.13011264626868302,0.12675433931830132,-0.0033583069503816954,0.0,83.33333333333334,12,2.70780456779836,1.2159639749851694
DQN,101,189,5.066345473956833,12,1,0.8716516766374343,0.8536412197667114,0.01801045687072289,2.0662447343876775,82.48406405649237,39.85866070787313,-42.625403348619244,72.24141177499409,0.0,100.0,0.12505127218619416,0.13472719630519114,0.009675924118996981,0.0,83.33333333333334,12,2.3885930738408057,1.2501703529073231
DQN,101,190,5.255033651215756,12,1,0.8507890684710363,0.8985575961486296,-0.04776852767759332,-5.614614649837796,93.70635677814569,76.27192770474505,-17.434429073400636,77.62696186906012,0.0,100.0,0.12427624981658661,0.12536236290065697,0.0010861130840703614,0.0,91.66666666666666,12,2.6035764831086756,1.27848810980616
DQN,101,191,4.91353737135513,12,1,0.8273779307576896,0.783603996802286,0.04377393395540363,5.290681842977935,97.90055940459538,48.339209456770774,-49.56134994782461,75.89386503261285,0.0,100.0,0.14742755657455778,0.1720705972940849,0.02464304071952711,0.0,75.0,12,2.5677640539616142,1.2616487513154677
DQN,101,192,5.3403697396461265,12,1,0.8585120118699414,0.8633199458406196,-0.0048079339706781354,-0.5600310658677777,84.05275401270178,79.42697908832773,-4.625774924374056,82.21069063303857,0.0,100.0,0.16202395854981272,0.14435912874704684,-0.017664829802765875,0.0,91.66666666666666,12,2.7267764617874004,1.3260091734149633
DQN,101,193,5.098985439108432,12,1,0.8688060987314664,0.8729324661428584,-0.00412636741139194,-0.47494687450016765,100.0,28.730519315371804,-71.26948068462819,75.78718214206293,0.0,100.0,0.13777667791675072,0.16157641398924594,0.02379973607249522,0.0,83.33333333333334,12,2.600956943733452,1.321123406944298
DQN,101,194,4.683927407857847,12,1,0.8683725167140472,0.8768196832596636,-0.008447166545616391,-0.9727583937802147,78.15238794570719,8.515757141449003,-69.63663080425819,72.06971444836338,0.0,100.0,0.12025555111411237,0.12639677936727564,0.006141228253163267,0.0,91.66666666666666,12,2.4506670462606546,1.3236906953912062
DQN,101,195,5.05235843971985,12,1,0.8542742156864802,0.8920305177666508,-0.037756302080170556,-4.419693511389693,99.0111478511185,77.44315736460604,-21.567990486512457,81.33451871304517,0.0,100.0,0.14542343219170017,0.12742815988428557,-0.0179952723074146,0.0,83.33333333333334,12,2.7744867117473206,1.2959489505816217
DQN,101,196,4.348750181104467,12,1,0.8878252787312182,0.8400862423968707,0.04773903633434751,5.377075588855824,91.63435511454944,83.35382914520399,-8.280525969345447,63.10520688558962,0.0,100.0,0.1019375559328711,0.15369084091773513,0.051753284984864034,0.0,66.66666666666666,12,2.377153199664481,1.236107714287104
DQN,101,197,5.224266269837797,12,1,0.8729737523193826,0.8933744156707432,-0.020400663351360593,-2.336916006599118,91.23248426835777,9.742084781661532,-81.49039948669623,79.24261137926648,0.0,100.0,0.1309029793378508,0.11968047408646029,-0.011222505251390513,0.0,91.66666666666666,12,2.419230322251898,1.3332295282113016
DQN,101,198,5.411991786642311,12,1,0.817518738846599,0.8437832283391795,-0.026264489492580534,-3.212707947176347,100.0,55.97685724937323,-44.02314275062677,85.20735133307183,0.0,100.0,0.1682030273857701,0.15076088508729266,-0.01744214229847743,0.0,91.66666666666666,12,2.8347753961636726,1.3308063184561771
DQN,101,199,4.279767676900793,12,1,0.8834341133856952,0.8542486718789952,0.029185441506699994,3.303635332220642,86.35622965121745,78.51897614423764,-7.837253506979806,63.397684248125756,0.0,100.0,0.1257875189726436,0.11670974753548219,-0.009077771437161403,0.0,66.66666666666666,12,2.4484236125182592,1.2554774008482819
DQN,101,200,4.950987757015588,12,1,0.8315337518394632,0.8533161568069408,-0.02178240496747763,-2.6195454988197477,73.91610776122785,100.0,26.08389223877215,78.90959026587304,0.0,100.0,0.16574170018802759,0.1363509969639286,-0.02939070322409898,0.0,91.66666666666666,12,2.6909471340866156,1.392203849015635
DQN,202,1,5.118571828424168,12,1,0.8606449861484486,0.7848546318358658,0.07579035431258285,8.806227368122972,80.8546030692905,2.7737103496914357,-78.08089271959906,75.81729013691387,0.0,100.0,0.15358623823255876,0.19555410512548804,0.04196786689292928,0.0,83.33333333333334,12,2.5668927702297015,1.267199381938848
DQN,202,2,4.507624571554095,12,1,0.8966659158075171,0.8342387345415967,0.062427181265920395,6.962145004664294,88.24838699327597,8.577049122139822,-79.67133787113615,62.51035576411076,0.0,100.0,0.11579655101280235,0.1668573227195107,0.05106077170670835,0.0,66.66666666666666,12,2.3894259076725923,1.368434751863357
DQN,202,3,5.379785175439782,12,1,0.7991289263119956,0.8499004524404136,-0.050771526128417954,-6.353358570403664,100.0,80.41883841189615,-19.581161588103853,85.38962997145428,0.0,100.0,0.15378715955593136,0.16807041178994953,0.014283252234018162,0.0,91.66666666666666,12,2.599486251922452,1.333116456452085
DQN,202,4,4.9534493506162525,12,1,0.8774286029941001,0.8455146653061154,0.03191393768798467,3.6372119143464103,87.98731072877041,11.73914007292813,-76.24817065584227,70.82184504850709,0.0,100.0,0.10144816594391869,0.13179533452696948,0.030347168583050796,0.0,83.33333333333334,12,2.3324079608214894,1.2576932712564792
DQN,202,5,4.384629809290825,12,1,0.8531557739776167,0.8296299015763611,0.023525872401255588,2.7575119478559387,74.74290195810568,65.4836218746963,-9.25928008340938,65.58200884189388,0.0,100.0,0.17523770600262167,0.170167631925893,-0.005070074076728687,0.0,75.0,12,2.66343400321431,1.2735441691590887
DQN,202,6,5.255229094402489,12,1,0.8502089764198072,0.9021546099288308,-0.05194563350902359,-6.109748891121378,56.86716021394438,92.30477036459929,35.43761015065491,77.17920779145281,0.0,100.0,0.1558811146223739,0.08746631854140816,-0.06841479608096573,0.0,83.33333333333334,12,2.5673339262163655,1.2915859061292898
DQN,202,7,4.00703970582072,12,0,0.8418216451027207,0.8669822069743498,-0.025160561871629072,-2.9888233473206705,73.65349913512358,79.74238242181198,6.0888832866884,52.696048286300346,0.0,100.0,0.14188154387507007,0.12854501735675303,-0.013336526518317043,0.0,58.333333333333336,12,2.66880945138425,1.112040912588161
DQN,202,8,4.923965455533958,12,1,0.8674151848313485,0.8901666217287995,-0.02275143689745096,-2.622900462812917,82.76010224336785,78.08836852734069,-4.671733716027163,68.31606267511768,0.0,100.0,0.1257607294019167,0.12761132494983304,0.0018505955479163338,0.0,75.0,12,2.3682013912587636,1.3489654092278138
DQN,202,9,4.62888098483016,12,1,0.8086937703449865,0.8817060925679066,-0.07301232222292009,-9.028426445250497,69.0094586635185,78.5075919015824,9.4981332380639,69.78399793981174,0.0,100.0,0.18666009202683964,0.12900052651453317,-0.05765956551230647,0.0,75.0,12,2.683473455551873,1.343409881768996
DQN,202,10,5.2137748996499536,12,1,0.8794963445356794,0.8639385529727666,0.015557791562912815,1.7689432889145644,70.10012036991165,42.67842560691351,-27.421694762998143,75.89405113755157,0.0,100.0,0.10140362064728314,0.12326771874870425,0.021864098101421106,0.0,83.33333333333334,12,2.3954244536564,1.1840830203130244
DQN,202,11,4.273355591552592,12,0,0.896170493274291,0.7589093878510964,0.13726110542319458,15.316405355156352,71.10508333943908,8.068246790536445,-63.03683654890263,58.442688158274144,0.0,100.0,0.10612515423298052,0.18413926218839358,0.07801410795541305,0.0,66.66666666666666,12,2.625387104365259,1.1041948099092085
DQN,202,12,5.512658381918591,12,1,0.8288803355076452,0.8159738071970855,0.012906528310559717,1.5571039337849841,97.77693204316496,73.11783176741619,-24.65910027574877,89.7421126339625,0.0,100.0,0.15602622274996006,0.1377713757782647,-0.018254846971695354,0.0,100.0,12,2.6616098913676685,1.2812118964984305
DQN,202,13,5.367716782313693,12,1,0.8774427321452652,0.8328168522056447,0.04462587993962053,5.08590228225088,100.0,59.13102916250491,-40.86897083749509,79.92589853256146,0.0,100.0,0.13353991896449602,0.18015718107037995,0.04661726210588393,0.0,83.33333333333334,12,2.5206790031800015,1.2245983197724626
DQN,202,14,4.878756289477128,12,1,0.888080911128337,0.8598217803996082,0.028259130728728765,3.182044605915983,100.0,90.5987994005619,-9.401200599438098,70.96663755019559,0.0,100.0,0.14990598626862411,0.129350559806755,-0.020555426461869114,0.0,75.0,12,2.559474496345389,1.3348208683978047
DQN,202,15,4.6025051007796005,12,1,0.8703131940644505,0.8381338132836447,0.032179380780805844,3.6974483439145494,100.0,84.96590557149386,-15.034094428506137,70.60926715693627,0.0,100.0,0.1595892937719868,0.1461135336258084,-0.013475760146178406,0.0,75.0,12,2.6410703200159515,1.240423304489609
DQN,202,16,5.384500381576449,12,1,0.8472564740629764,0.7806249938293714,0.06663148023360499,7.864381361888806,81.2673735143019,44.9179781178119,-36.349395396489996,80.70712413439777,0.0,100.0,0.10970367745156374,0.19090333645875,0.08119965900718625,0.0,83.33333333333334,12,2.521429150012067,1.2051767592869789
DQN,202,17,4.991120386690977,12,1,0.9122048037023273,0.8277833001413903,0.08442150356093692,9.254665533255132,85.95704279639547,75.9768689425796,-9.98017385381587,74.57859995735957,0.0,100.0,0.1211657956460231,0.15904427348172231,0.03787847783569921,0.0,83.33333333333334,12,2.4529232830120415,1.2089520500834248
DQN,202,18,5.544647628907487,12,1,0.894849259905528,0.9126398937439403,-0.017790633838412284,-1.9881151648145183,94.22503851949419,71.43421530460037,-22.79082321489382,87.415576240208,0.0,100.0,0.1164502357504912,0.08647324778893084,-0.029976987961560356,0.0,100.0,12,2.5137572336794185,1.1707109328265604
DQN,202,19,5.018629450748235,12,1,0.8257443104858515,0.8083798250333312,0.01736448545252034,2.102888900597259,100.0,95.7982650878747,-4.201734912125303,75.14150920000134,0.0,100.0,0.1487914219726472,0.17584455392660178,0.02705313195395459,0.0,83.33333333333334,12,2.499335126172389,1.3256743978939571
DQN,202,20,5.226336303209998,12,1,0.8845019431373556,0.8958533326277511,-0.011351389490395491,-1.2833651275125257,72.03105866643031,90.5852289638726,18.554170297442283,77.99280678547662,0.0,100.0,0.1425493036079132,0.12937507007641427,-0.013174233531498936,0.0,91.66666666666666,12,2.495517864379552,1.2294892699674294
DQN,202,21,5.505759942994347,12,1,0.8730942530100055,0.8328587217951846,0.04023553121482093,4.608383467891162,76.87440247894935,69.95366682550032,-6.920735653449029,86.82892544921499,0.0,100.0,0.11082811811165526,0.17237125393083086,0.0615431358191756,0.0,100.0,12,2.492348398354285,1.188823779977841
DQN,202,22,5.070380047472639,12,1,0.8494649796077267,0.838290966500392,0.01117401310733468,1.3154177482978417,81.63335858401898,95.77477677148147,14.141418187462492,77.85587378679016,0.0,100.0,0.17501490863059244,0.1331683774225665,-0.04184653120802595,0.0,83.33333333333334,12,2.528183726635095,1.3394197248475699
DQN,202,23,4.659532356576418,12,1,0.862473200091366,0.915179142797484,-0.05270594270611806,-6.111023820860133,86.68167049826019,98.1065825572582,11.424912058998018,62.707215113982706,0.0,100.0,0.13067497861754593,0.09820327167782139,-0.03247170693972454,0.0,66.66666666666666,12,2.471077253905362,1.4013569374729817
DQN,202,24,5.057571540428445,12,1,0.9335715019710035,0.7811317186177278,0.15243978335327568,16.32866717026356,100.0,50.312284470729395,-49.687715529270605,73.48594151380364,0.0,100.0,0.12041937167557418,0.18484778507479416,0.06442841339921998,0.0,83.33333333333334,12,2.5672755181754328,1.2812543617567713
DQN,202,25,5.504526599169782,12,1,0.9263518853188348,0.9049867133552916,0.02136517196354326,2.3063775550248624,89.97754313652273,90.47005122735173,0.4925080908290056,86.57799072694331,0.0,100.0,0.11648237641054832,0.10422402103596627,-0.012258355374582044,0.0,100.0,12,2.676985412085686,1.2788807627498398
DQN,202,26,4.467159762091105,12,1,0.8992197953004704,0.9170415749389351,-0.017821779638464763,-1.9819158487841888,84.67935018402356,88.46169511040975,3.7823449263861875,61.90175707683513,0.0,100.0,0.12618135898876823,0.09762355516982307,-0.028557803818945154,0.0,75.0,12,2.54008684594687,1.3126243031111917
DQN,202,27,5.091168273251695,12,1,0.7938276963813312,0.8872077807850385,-0.09338008440370726,-11.763268632397308,63.3274064451817,95.84347683800506,32.51607039282336,74.02602434148737,0.0,100.0,0.18669835747206806,0.14519300633189303,-0.041505351140175034,0.0,75.0,12,2.6427157514931,1.3287967805720076
DQN,202,28,5.128987283705915,12,1,0.8443848520121087,0.8606927515599049,-0.016307899547796212,-1.9313349249380367,78.0019434287739,92.35053841344296,14.348594984669063,81.8698313633433,0.0,100.0,0.1576365351842569,0.11553939681754935,-0.04209713836670756,0.0,100.0,12,2.3888944344894116,1.3597512926189308
DQN,202,29,4.97190111252382,12,1,0.8589786071067433,0.8446998113488944,0.014278795757848961,1.6622993447931782,88.42769093472344,84.65612999371248,-3.7715609410109607,74.11399548214054,0.0,100.0,0.1688222364645189,0.17648927243548584,0.0076670359709669345,0.0,91.66666666666666,12,2.523571582607874,1.2482491867650245
DQN,202,30,5.365087313238494,12,1,0.9350244386872572,0.8544066298958686,0.08061780879138858,8.622000180505792,88.22034395324948,73.79930681269322,-14.421037140556265,83.82485297543111,0.0,100.0,0.069109487057698,0.1311180507612067,0.0620085637035087,0.0,91.66666666666666,12,2.3926413140903047,1.1197230201048354
DQN,202,31,5.619883324682596,12,1,0.8983390274390614,0.8933404107063009,0.004998616732760475,0.5564287624250583,74.77499167208113,100.0,25.22500832791887,89.8839081608275,0.0,100.0,0.1242870883592931,0.1442671572107509,0.019980068851457797,0.0,100.0,12,2.5113968739917696,1.2414230502890709
DQN,202,32,5.663617959483919,12,1,0.8796095675911781,0.8569688750879967,0.02264069250318146,2.5739479579767734,70.7128773333307,99.53780543537125,28.82492810204056,91.16180678650534,0.0,100.0,0.15560239007788434,0.14582958129075094,-0.009772808787133408,0.0,100.0,12,2.6554574445695294,1.2459684735421228
DQN,202,33,4.5312344538467,12,1,0.8202192980450214,0.8540688174355552,-0.03384951939053382,-4.126886488919923,80.01989503529953,65.62143019079886,-14.398464844500666,69.94830166363248,0.0,100.0,0.21610146267537386,0.15243805696223256,-0.0636634057131413,0.0,83.33333333333334,12,2.755982344532931,1.323826476486978
DQN,202,34,5.399862898468095,12,1,0.8527273969755068,0.7982050467331683,0.054522350242338535,6.39387809465498,82.58822443930994,63.46712117831491,-19.121103260995028,83.34331578152371,0.0,100.0,0.14164359821895556,0.15646873163699299,0.014825133418037428,0.0,100.0,12,2.524490694636887,1.2754121364005147
DQN,202,35,5.05153772149172,12,1,0.872118669972689,0.9038412171425177,-0.031722547169828696,-3.637411772278893,94.77825265446964,90.28084638049658,-4.497406273973056,76.33385494274785,0.0,100.0,0.1749537932915953,0.12358945489404698,-0.05136433839754832,0.0,83.33333333333334,12,2.656456264984865,1.399924233151557
DQN,202,36,4.645155762552763,12,1,0.8285036507638441,0.8928947512036324,-0.06439110043978824,-7.771975462078225,86.99665391202332,63.42270337290892,-23.5739505391144,64.67007335281389,0.0,100.0,0.1533246970090104,0.17042963476220138,0.01710493775319097,0.0,75.0,12,2.508360571353011,1.377954720838841
DQN,202,37,5.510917465846001,12,1,0.8564578626098444,0.8888518526919451,-0.032393990082100754,-3.782321524072189,77.92854118797163,61.89641740936814,-16.03212377860349,83.26320790041076,0.0,100.0,0.13333208084670758,0.14994119800157235,0.016609117154864766,0.0,100.0,12,2.4443819260150104,1.3133612348033272
DQN,202,38,5.094771693764455,12,1,0.8136869865881226,0.8627757316418283,-0.04908874505370575,-6.032878227479115,92.4673456969594,0.0,-92.4673456969594,78.35448601880138,0.0,100.0,0.18974952100399245,0.17794077868376246,-0.011808742320229992,0.0,91.66666666666666,12,2.666969359019001,1.310885464495758
DQN,202,39,5.293554251216008,12,1,0.9001769413127183,0.8753749811263705,0.024801960186347838,2.7552316714733225,84.91186022769732,84.59773001119942,-0.31413021649790096,81.22331378781666,0.0,100.0,0.10426159726155032,0.12928462343228178,0.02502302617073146,0.0,100.0,12,2.4390381388166227,1.2394970913610484
DQN,202,40,5.661693748551665,12,1,0.8921246587327787,0.8234149608063339,0.06870969792644477,7.701804591304951,86.79644369433902,98.62418608288726,11.827742388548245,86.08908735556474,0.0,100.0,0.08529360664994429,0.17315490083683288,0.0878612941868886,0.0,100.0,12,2.3733203291236364,1.1434451556013723
DQN,202,41,4.501907420598174,12,1,0.9132799487791032,0.7852820725063496,0.1279978762727536,14.01518520622998,84.65730032983734,91.75826775806202,7.100967428224678,61.13795057831859,0.0,100.0,0.12542642820509195,0.19974241683162983,0.07431598862653788,0.0,66.66666666666666,12,2.4747365663821608,1.3327631674677924
DQN,202,42,5.34246167852905,12,1,0.8658932915091304,0.875751349112315,-0.009858057603184589,-1.1384841180607115,100.0,97.04268748132083,-2.957312518679174,82.07154437478182,0.0,100.0,0.14388142540892487,0.16702978305231506,0.023148357643390183,0.0,91.66666666666666,12,2.600157396905546,1.3350432996561168
DQN,202,43,4.110915098698348,12,0,0.8616506791686135,0.8063353989211073,0.055315280247506204,6.419687419138184,68.81624344841744,92.04399450704472,23.227751058627277,58.41418231295105,0.0,100.0,0.18131449318228798,0.19689924177305534,0.015584748590767361,0.0,58.333333333333336,12,2.7648953048145732,1.2563167749684538
DQN,202,44,3.5024596826086736,12,0,0.8306955868944298,0.9045139397411157,-0.07381835284668592,-8.886330204624915,79.84780024952332,80.49340807046114,0.6456078209378262,44.93922920873573,0.0,100.0,0.16844130406132377,0.12165456999452649,-0.04678673406679727,0.0,41.66666666666667,12,2.850909235117678,1.2710201823222431
DQN,202,45,4.446854825617665,12,1,0.8324188915911839,0.8419349393063517,-0.009516047715167786,-1.143180171821628,100.0,24.309354137564227,-75.69064586243577,69.74884032175488,0.0,100.0,0.16321348930818008,0.15363787723663153,-0.009575612071548556,0.0,75.0,12,2.555634950251504,1.2768081847991675
DQN,202,46,5.169382245926527,12,1,0.809637195664797,0.8161859620509979,-0.006548766386200944,-0.8088519674326129,71.03512298996401,22.483568378806464,-48.55155461115754,82.32477735915396,0.0,100.0,0.18944095000678704,0.1670405052847769,-0.022400444722010138,0.0,83.33333333333334,12,2.6999369885366824,1.2995749007707516
DQN,202,47,5.081506854324092,12,1,0.7891258164433946,0.7971767129532553,-0.008050896509860683,-1.0202297709820507,86.7583062943615,2.6088293847510924,-84.14947690961041,79.05496079163053,0.0,100.0,0.1919956229971976,0.1968802544986007,0.004884631501403086,0.0,83.33333333333334,12,2.7461139077938337,1.3114536703730892
DQN,202,48,5.494631637997738,12,1,0.8967141369040454,0.8167666170803528,0.07994751982369264,8.915608278432614,95.90959429989239,88.28092296528057,-7.628671334611823,81.27652872744729,0.0,100.0,0.12509863223086307,0.13253251672054475,0.007433884489681686,0.0,91.66666666666666,12,2.4598808603201703,1.3536423424295319
DQN,202,49,3.8572346219510334,12,0,0.7858729924282396,0.8963101307372622,-0.11043713830902258,-14.052797255162947,77.94277555715544,53.333629764912295,-24.609145792243147,56.07396968761355,0.0,100.0,0.21744169871099775,0.13845986403181876,-0.07898183467917899,0.0,50.0,12,2.727570101628647,1.3625141691367662
DQN,202,50,5.203941891649913,12,1,0.8149367125534894,0.8185463860691528,-0.0036096735156633253,-0.4429391215365573,95.04594306965546,6.889043305706805,-88.15689976394866,83.60211175066125,0.0,100.0,0.20532377406722982,0.17959836145423372,-0.0257254126129961,0.0,91.66666666666666,12,2.755440474062661,1.3382970190077244
DQN,202,51,5.186722078055135,12,1,0.8912373074101891,0.7409096134956819,0.1503276939145073,16.867302643707603,83.96763033275528,4.654702656789668,-79.31292767596561,75.79603337942625,0.0,100.0,0.14345449322511403,0.19593435293119357,0.052479859706079546,0.0,91.66666666666666,12,2.486463079741437,1.2561091331534253
DQN,202,52,5.175014535499552,12,1,0.8155214637709204,0.9188404351509311,-0.10331897138001067,-12.669068316396014,56.84846753274119,12.43024185988436,-44.41822567285683,76.87205436708061,0.0,100.0,0.1625411961689277,0.13847470407814486,-0.02406649209078285,0.0,83.33333333333334,12,2.6198111748730675,1.2723956982875169
DQN,202,53,4.965194318728549,12,1,0.8910361589146119,0.8305372683195464,0.06049889059506541,6.789723401209696,64.92651995966082,70.30038424263273,5.373864282971908,72.27262282914673,0.0,100.0,0.12475065827302255,0.15527644387361073,0.030525785600588176,0.0,83.33333333333334,12,2.410996716906926,1.2659198695409664
DQN,202,54,5.185789327820348,12,1,0.8653136600968747,0.8378349333358994,0.02747872676097529,3.17557991143916,83.86282462289851,84.33125261261213,0.4684279897136179,79.21429021904021,0.0,100.0,0.1823488194922082,0.15483231857795643,-0.027516500914251757,0.0,91.66666666666666,12,2.7098695247904216,1.3968865246553606
DQN,202,55,5.318341149330608,12,1,0.8281199374044299,0.8205114575246203,0.007608479879809615,0.918765451252969,90.33145029955608,55.684821360261914,-34.64662893929417,80.28463761965169,0.0,100.0,0.15156906957214963,0.17475543208742214,0.023186362515272507,0.0,91.66666666666666,12,2.5193809283588355,1.3437197770414815
DQN,202,56,5.486445933785274,12,1,0.8901026565721004,0.8374447647863411,0.0526578917857593,5.915934684270194,70.20349034928913,73.38548810769699,3.18199775840786,84.39830378685012,0.0,100.0,0.09340574458133227,0.16125998925921872,0.06785424467788645,0.0,100.0,12,2.4737050997910157,1.1429834753374157
DQN,202,57,3.569274334526728,12,0,0.7628001951826215,0.846942083756641,-0.0841418885740195,-11.030659025182228,100.0,69.98222810298884,-30.01777189701116,49.963875862077096,0.0,100.0,0.2233910282965318,0.13285609852218233,-0.09053492977434946,0.0,50.0,12,2.9485714526997646,1.3867289588419105
DQN,202,58,5.0032910799118495,12,1,0.821405982687961,0.8949195540006027,-0.0735135713126418,-8.949724358237166,91.93988494554252,28.50141096935701,-63.438473976185506,79.0963230216031,0.0,100.0,0.17439186900772588,0.10798191300141538,-0.0664099560063105,0.0,91.66666666666666,12,2.622280227710742,1.3063793219149045
DQN,202,59,4.843282253985675,12,1,0.7566995721084243,0.8379608116379093,-0.08126123952948494,-10.738903856264024,83.03498982756894,88.6646990004593,5.629709172890358,76.234430809873,0.0,100.0,0.21113897811779117,0.18380685900779653,-0.02733211910999464,0.0,75.0,12,2.771115193259853,1.3778353920929383
DQN,202,60,5.236689943410762,12,1,0.8111799991686468,0.8781682656171961,-0.06698826644854927,-8.258126003748053,97.29184983872989,63.97905787397953,-33.31279196475036,81.29455655595581,0.0,100.0,0.17517199713612644,0.12544392915136887,-0.04972806798475757,0.0,91.66666666666666,12,2.6783711967826087,1.3709756329457965
DQN,202,61,4.192148092964793,12,0,0.8360971137410825,0.79765697094637,0.03844014279471253,4.5975691295851595,41.54971696282115,16.11896606242624,-25.430750900394912,57.76160718302044,0.0,100.0,0.16410352139097045,0.1772136689420345,0.013110147551064044,0.0,50.0,12,2.7299010771202386,1.333673473462788
DQN,202,62,5.295254496424256,12,1,0.8655916506837155,0.9091158288316195,-0.04352417814790399,-5.028257621653931,74.96198638638552,37.9355325417377,-37.02645384464782,84.48165716598406,0.0,100.0,0.1257100299524969,0.10157654332440644,-0.02413348662809045,0.0,91.66666666666666,12,2.4658462947300825,1.2265732931263928
DQN,202,63,5.099290601804557,12,1,0.8556962379493326,0.8314632351988489,0.02423300275048368,2.831963221967392,68.01984094775027,88.27494765438468,20.255106706634407,76.46969398194246,0.0,100.0,0.15300162597134345,0.17068128000709445,0.017679654035751002,0.0,91.66666666666666,12,2.6297989253297933,1.294043284659092
DQN,202,64,5.296720224110339,12,1,0.8569861792386799,0.8304652423752069,0.02652093686347301,3.0946749791266637,79.1771561067151,61.78502426701947,-17.39213183969563,81.69109611907537,0.0,100.0,0.1502938437413893,0.19030862850656838,0.040014784765179084,0.0,91.66666666666666,12,2.5717396216721937,1.1799511667009792
DQN,202,65,5.18734275573731,12,1,0.8847359932662272,0.8195613193527675,0.06517467391345966,7.366567474309576,85.64456205021521,51.41709439095278,-34.22746765926244,77.57354419085696,0.0,100.0,0.1484267554005606,0.13941169818542937,-0.00901505721513124,0.0,83.33333333333334,12,2.53518711605401,1.3384128177312424
DQN,202,66,5.1276564985672,12,1,0.7953566714508337,0.9107995340053583,-0.11544286255452463,-14.51460290688728,94.531701402798,94.44853479132988,-0.08316661146812976,82.51256555366041,0.0,100.0,0.20409605703137468,0.08695599177209075,-0.11714006525928393,0.0,83.33333333333334,12,2.741336376242342,1.3658471662731861
DQN,202,67,4.529582021865937,12,1,0.885121180564094,0.888746310783066,-0.003625130218972039,-0.40956315344998506,100.0,82.67259207999939,-17.32740792000061,68.35195058572201,0.0,100.0,0.14797021822371273,0.12708955273314843,-0.020880665490564304,0.0,75.0,12,2.653490268992772,1.290115051578001
DQN,202,68,4.6800265667527015,12,1,0.7875629326402152,0.8731911245989028,-0.08562819195868765,-10.872552326914228,91.32543762990973,78.28054865714577,-13.044888972763957,74.13387710069834,0.0,100.0,0.2169797594449267,0.12101369443622143,-0.09596606500870528,0.0,83.33333333333334,12,2.770307801873447,1.4229686550195983
DQN,202,69,5.26135638809546,12,1,0.8374100752103386,0.7521997564357639,0.08521031877457474,10.175458989214075,85.97240476548691,98.29955981891621,12.327155053429294,85.32842714761343,0.0,100.0,0.19500317405027096,0.2210590737945955,0.02605589974432454,0.0,91.66666666666666,12,2.705952181273051,1.2652833860980213
DQN,202,70,4.718209505398002,12,1,0.8418226241995292,0.802251013759323,0.039571610440206295,4.700706455571217,82.34221890555334,73.29282220173323,-9.049396703820108,68.09344971500802,0.0,100.0,0.16596321299322508,0.18670799021492085,0.020744777221695765,0.0,75.0,12,2.585719070093924,1.2573483680979973
DQN,202,71,4.844213463243749,12,1,0.8033762165609462,0.9246962902374829,-0.12132007367653674,-15.10127772961438,81.73289576284904,7.307533956527028,-74.42536180632202,77.70495061584283,0.0,100.0,0.18229142196060513,0.08033230246019939,-0.10195911950040575,0.0,91.66666666666666,12,2.637661310612433,1.3513120467097253
DQN,202,72,4.678102622895037,12,1,0.8766796315857588,0.916434168768337,-0.039754537182578265,-4.534671018952421,100.0,87.08506582965295,-12.914934170347053,73.87990427411395,0.0,100.0,0.15175477975624335,0.11612647049304432,-0.03562830926319903,0.0,83.33333333333334,12,2.5942839866003804,1.2496503889183048
DQN,202,73,5.473927802851875,12,1,0.8699453970431144,0.8364267868305314,0.033518610212582955,3.8529556368147295,97.23090943064578,89.86692968448814,-7.363979746157639,85.48628581665746,0.0,100.0,0.13352778825675812,0.18229240031013708,0.04876461205337895,0.0,100.0,12,2.4868093180329254,1.2255319138950698
DQN,202,74,5.059765929975344,12,1,0.8788072893077018,0.8753261668046257,0.003481122503076084,0.39611898369873655,90.23300096914174,94.85872581428906,4.625724845147317,77.69671185574235,0.0,100.0,0.12774336733345892,0.14351745103848165,0.01577408370502273,0.0,83.33333333333334,12,2.473619200500237,1.3106380264873485
DQN,202,75,4.185490410406939,12,0,0.8580267790024326,0.8546143377334607,0.0034124412689718886,0.3977080147707387,58.61000566481819,11.874243327511179,-46.73576233730701,58.39819063236457,0.0,100.0,0.14659980548480944,0.14627783848020717,-0.00032196700460226935,0.0,50.0,12,2.4747882089433273,1.1895892622632873
DQN,202,76,5.092949277939984,12,1,0.8951054656557975,0.8281151591170357,0.06699030653876181,7.484068538189684,98.89034529887621,87.99987032321972,-10.890474975656488,77.85373229794273,0.0,100.0,0.09429220606034915,0.14687067392855294,0.05257846786820379,0.0,91.66666666666666,12,2.5037150302921964,1.2684677211493958
DQN,202,77,5.139446155432616,12,1,0.8545533285935685,0.8265120567528429,0.02804127184072558,3.2813951923721554,67.23802114047102,95.3685216921476,28.130500551676576,74.68483304363552,0.0,100.0,0.13485948623054894,0.1243829358247072,-0.010476550405841736,0.0,91.66666666666666,12,2.3949984267991753,1.2237682037547637
DQN,202,78,5.622376970887284,12,1,0.8887708037236767,0.8087099806537777,0.08006082306989892,9.008039275645494,76.82063627842466,100.0,23.179363721575342,86.82656251177006,0.0,100.0,0.14784711671043993,0.16427865567808644,0.016431538967646514,0.0,100.0,12,2.5644526329430772,1.2644566494266332
DQN,202,79,4.710056290718665,12,1,0.8262373548850912,0.8422954949923142,-0.01605814010722295,-1.9435262775617586,58.29354299757649,77.39539599249126,19.101852994914772,70.90314901004355,0.0,100.0,0.20635274500346135,0.17939237622373835,-0.026960368779722993,0.0,83.33333333333334,12,2.8463718280420682,1.4453726243059712
DQN,202,80,4.910805202873213,12,1,0.8820157323782739,0.9144257813886097,-0.03241004901033584,-3.6745431879026844,89.82908449612529,0.9478209289545951,-88.88126356717069,73.75304234385158,0.0,100.0,0.1562536456494431,0.09858218415116721,-0.0576714614982759,0.0,83.33333333333334,12,2.627588412782166,1.3463051620043853
DQN,202,81,5.3140752978739885,12,1,0.825021198820852,0.8685916584218631,-0.043570459601011136,-5.281132128881476,98.99693633598307,93.89184670577501,-5.105089630208056,83.1860792844268,0.0,100.0,0.12458013622842906,0.15223597908997522,0.027655842861546154,0.0,83.33333333333334,12,2.4463996023265744,1.3081282904118239
DQN,202,82,4.647217733205072,12,1,0.7904398347931575,0.8502271783053228,-0.0597873435121653,-7.563806994596935,95.91217548581155,82.66371959635347,-13.248455889458072,71.53802035944814,0.0,100.0,0.1996862257302793,0.13062545208953066,-0.06906077364074864,0.0,75.0,12,2.6942205809052133,1.305523049509046
DQN,202,83,5.17285214329683,12,1,0.8166689627853352,0.8738962202003069,-0.0572272574149717,-7.007399573481051,94.2932547635756,73.84878271648124,-20.444472047094365,80.84383084220491,0.0,100.0,0.16107609258509237,0.13483784588921863,-0.02623824669587374,0.0,91.66666666666666,12,2.6974699891320384,1.3264382256494018
DQN,202,84,5.205441865135473,12,1,0.8694908936231664,0.8175786061904642,0.051912287432702264,5.970423360776545,96.05323579417934,5.037429215958586,-91.01580657822076,79.80542921976577,0.0,100.0,0.18123894077333594,0.1651596480635597,-0.016079292709776233,0.0,91.66666666666666,12,2.622498244784688,1.3049862852586323
DQN,202,85,4.910358887793492,12,1,0.8280277410354557,0.8450609887671885,-0.01703324773173276,-2.057086603213624,85.3275653625811,30.040339300344556,-55.28722606223654,75.93847801750236,0.0,100.0,0.1535212014801702,0.15565264688376745,0.0021314454035972485,0.0,91.66666666666666,12,2.425495616415642,1.3248282030367093
DQN,202,86,5.577929648706876,12,1,0.8119824586369653,0.8271230046427582,-0.015140546005792954,-1.864639542978384,100.0,77.27766321104906,-22.72233678895094,88.56508947380983,0.0,100.0,0.1798720528402043,0.12242696836551906,-0.05744508447468524,0.0,100.0,12,2.6836065082363145,1.3255590861862774
DQN,202,87,4.914339315069539,12,1,0.8623425032367017,0.7604786796011598,0.10186382363554192,11.812455405272033,95.6375536018399,2.7572343852338506,-92.88031921660604,75.61154221282624,0.0,100.0,0.16281888303466954,0.20655601959647768,0.04373713656180814,0.0,83.33333333333334,12,2.608692335099544,1.3130657345314065
DQN,202,88,4.845968517147883,12,1,0.8540803867399687,0.8740383300716011,-0.019957943331632477,-2.336775746345388,100.0,90.5157646545472,-9.484235345452802,69.55483286436099,0.0,100.0,0.15554748353526449,0.15271949393072953,-0.002827989604534953,0.0,83.33333333333334,12,2.574363197695781,1.3625217106959775
DQN,202,89,5.042044988774398,12,1,0.8509369415191472,0.8696435182955824,-0.01870657677643517,-2.1983505314787473,69.89174747009649,85.40661841837812,15.514870948281626,73.91964653082772,0.0,100.0,0.12179449374023069,0.15068477935492786,0.02889028561469717,0.0,91.66666666666666,12,2.28683106771194,1.2327351116330378
DQN,202,90,4.517731470945498,12,1,0.8711826397456075,0.8216497010091386,0.04953293873646891,5.6857123267439,86.67075665824561,17.38537597529262,-69.28538068295299,67.90695284834834,0.0,100.0,0.15284881455388544,0.16329314209913467,0.010444327545249238,0.0,75.0,12,2.5060405225605806,1.2528872136133782
DQN,202,91,4.744674245048049,12,1,0.8283322557668619,0.8035639032829082,0.024768352483953704,2.990147046854213,74.37903698369908,0.0,-74.37903698369908,74.20042110573836,0.0,100.0,0.19886492469314546,0.13741745373331093,-0.06144747095983452,0.0,75.0,12,2.7353650253290778,1.360657990921071
DQN,202,92,4.849220079612457,12,1,0.9064593063029438,0.8239167044710609,0.08254260183188289,9.106046047289043,98.37710823976569,8.306013439540058,-90.07109480022564,69.3293975558116,0.0,100.0,0.170927198808711,0.13755178778334493,-0.033375411025366064,0.0,75.0,12,2.662004563511175,1.4550031224953879
DQN,202,93,5.4288684707118495,12,1,0.8685656510916149,0.7766621186331317,0.09190353245848315,10.581069184923283,76.24109770401695,29.07209187065472,-47.169005833362235,83.63828628559534,0.0,100.0,0.1411969657567731,0.2148701526546688,0.0736731868978957,0.0,91.66666666666666,12,2.5238066329622746,1.2473105589752416
DQN,202,94,5.61187958158348,12,1,0.853414877453797,0.8160045176477894,0.0374103598060076,4.383607644340951,92.84113519657362,92.59642646881264,-0.24470872776097963,89.52615753275097,0.0,100.0,0.11680032020923553,0.221132547218443,0.10433222700920747,0.0,100.0,12,2.500881172547849,1.2101709599878818
DQN,202,95,5.155242281317014,12,1,0.8237865787347358,0.7918213455691434,0.03196523316559241,3.8802808871550463,69.81655968109548,59.085201773453264,-10.73135790764222,76.20628950297171,0.0,100.0,0.1606607480572558,0.16883215128577966,0.00817140322852386,0.0,75.0,12,2.583332559516077,1.3448244408829213
DQN,202,96,4.815766512927228,12,1,0.8437211770525211,0.8723577666408306,-0.028636589588309502,-3.394082117074429,90.74475089446943,65.82926003033444,-24.915490864134995,70.64563680053313,0.0,100.0,0.1476422240459044,0.1397936276276602,-0.007848596418244203,0.0,83.33333333333334,12,2.5541986485890082,1.2275627832849851
DQN,202,97,5.287504761488504,12,1,0.7880877399424486,0.8635891712462127,-0.07550143130376408,-9.580333188443928,96.09940590504024,73.01496865688436,-23.08443724815588,85.1071885862097,0.0,100.0,0.15196328107488458,0.1368887334514537,-0.015074547623430884,0.0,100.0,12,2.5598383687875303,1.3405036605337621
DQN,202,98,5.390313925677078,12,1,0.8348300092147856,0.8108460065886535,0.023984002626132095,2.8729205181172968,80.18530014153227,57.47852920085342,-22.706770940678844,83.02531301087087,0.0,100.0,0.1670751034655943,0.15888094167589262,-0.00819416178970167,0.0,91.66666666666666,12,2.621251206271064,1.3161783916360978
DQN,202,99,4.7659229526201345,12,1,0.8784131581337802,0.8735662705978442,0.004846887535935984,0.5517776562265265,99.76236471769258,0.0,-99.76236471769258,75.9853797450245,0.0,100.0,0.12670012869280378,0.1508364749918773,0.02413634629907352,0.0,91.66666666666666,12,2.461124802360473,1.2723994735186468
DQN,202,100,4.952862635694455,12,1,0.8789397302929267,0.8863705069934447,-0.007430776700517949,-0.8454250552585072,90.13965897437635,98.83358141273058,8.693922438354235,71.70614294015576,0.0,100.0,0.1505750593304445,0.12095398942597435,-0.029621069904470138,0.0,75.0,12,2.5961783957281885,1.3583846793248011
DQN,202,101,4.840181394475167,12,1,0.8527863652794444,0.82152216358148,0.0312642016979644,3.666123541705504,79.29852672341187,9.688287275748156,-69.61023944766372,73.29282581937082,0.0,100.0,0.14277204130440674,0.15848877024192892,0.015716728937522184,0.0,75.0,12,2.542839137865483,1.2847278902129977
DQN,202,102,5.788268630926058,12,1,0.8871599586995836,0.8422390309695572,0.04492092773002643,5.063453021016909,84.02990440805578,92.38878695212804,8.358882544072259,94.11092353651254,0.0,100.0,0.14339403428219638,0.1561653586460427,0.012771324363846315,0.0,100.0,12,2.589112419190877,1.2180786936617436
DQN,202,103,5.204583941112921,12,1,0.8497237093678706,0.8978960174728726,-0.04817230810500206,-5.669173117558244,100.0,100.0,0.0,78.29151077068029,0.0,100.0,0.13914493691316868,0.0997249734425647,-0.039419963470603975,0.0,83.33333333333334,12,2.5288231386338573,1.4122613822112555
DQN,202,104,5.332640627654409,12,1,0.8257952522436725,0.788119918619632,0.03767533362404041,4.5623093038712845,90.38286042794176,5.4973703484642655,-84.8854900794775,83.48060755107893,0.0,100.0,0.16513085173253497,0.15553628993442217,-0.0095945617981128,0.0,91.66666666666666,12,2.670552125930828,1.2482336544140888
DQN,202,105,5.272495483787347,12,1,0.9237885721215161,0.7761914735976528,0.14759709852386327,15.977367871622489,65.20257815516388,97.19772482520621,31.99514667004233,81.74651497199473,0.0,100.0,0.11251281022399384,0.22017729102055456,0.10766448079656071,0.0,91.66666666666666,12,2.544279117996518,1.2029021804883069
DQN,202,106,5.29499425603151,12,1,0.8077206476267133,0.8567096283592415,-0.04898898073252822,-6.065089567348586,95.43912952777099,96.75085344793206,1.3117239201610715,83.5430752101358,0.0,100.0,0.16311263476939533,0.1791491471043355,0.01603651233494016,0.0,91.66666666666666,12,2.525612233839667,1.3382120796094448
DQN,202,107,4.788342648651937,12,1,0.8626955326086444,0.8611005982614659,0.0015949343471785005,0.18487801163820688,90.87576945180052,100.0,9.124230548199478,74.74305162051984,0.0,100.0,0.1677715458318963,0.10297694011811055,-0.06479460571378574,0.0,83.33333333333334,12,2.5478954361731434,1.312682149685209
DQN,202,108,5.345063134473166,12,1,0.912307178058601,0.8669210212912322,0.04538615676736879,4.974876648888261,66.31306596698278,43.12351233526896,-23.189553631713814,80.31326307019901,0.0,100.0,0.10680846201518093,0.133844848981526,0.027036386966345055,0.0,91.66666666666666,12,2.4313623799470743,1.2904928345182787
DQN,202,109,5.656816971588257,12,1,0.8699511635009001,0.8261968898218282,0.04375427367907192,5.029509185664381,90.03652986472332,100.0,9.96347013527668,89.12693170031874,0.0,100.0,0.14238012382328294,0.1693775077691049,0.026997383945821962,0.0,100.0,12,2.5406409074235228,1.3209585155478258
DQN,202,110,5.280633126286335,12,1,0.8863414881712629,0.8599696434624837,0.02637184470877918,2.9753593914678054,70.10828944800525,86.0883459177931,15.980056469787854,78.27657111179376,0.0,100.0,0.1220454148462536,0.12371788888409364,0.0016724740378400438,0.0,100.0,12,2.4229621656029576,1.3133514741686143
DQN,202,111,4.280835870846483,12,1,0.8183288069671656,0.8577063724400894,-0.039377565472923814,-4.811949076907394,90.31298305167255,49.71713590700309,-40.595847144669456,70.58752692586042,0.0,100.0,0.20700302771312173,0.14634918787133183,-0.0606538398417899,0.0,75.0,12,2.69683421463198,1.337044829956356
DQN,202,112,5.292843814056029,12,1,0.7792164369197068,0.7873031377618466,-0.008086700842139805,-1.03779905800076,85.48837726940536,63.683991138842764,-21.804386130562598,82.44427363850026,0.0,100.0,0.18626560514656923,0.17216580460975525,-0.014099800536813978,0.0,100.0,12,2.632575064167717,1.367567505210447
DQN,202,113,4.6539124150639,12,1,0.8184779392862472,0.87722790215239,-0.05874996286614276,-7.177953130584753,100.0,1.1885520579440625,-98.81144794205593,72.12988379974722,0.0,100.0,0.19684642775822972,0.15402336582597456,-0.04282306193225516,0.0,75.0,12,2.81684510817292,1.3037815556491268
DQN,202,114,4.522303932833425,12,1,0.7658435975385476,0.7932092732439148,-0.027365675705367187,-3.573272113695483,90.15379404052227,95.91006136201405,5.756267321491777,69.22046323170962,0.0,100.0,0.18344337886539416,0.17760784534619528,-0.005835533519198882,0.0,75.0,12,2.5971524836546807,1.4098380775660597
DQN,202,115,5.270533576777937,12,1,0.8532969894802346,0.8534604910599608,-0.0001635015797262218,-0.019161157456539825,86.37374104500665,3.1195729568641255,-83.25416808814253,79.23565628317381,0.0,100.0,0.1457095342642246,0.16539176605383876,0.019682231789614174,0.0,91.66666666666666,12,2.543489445075482,1.2715727198212332
DQN,202,116,5.2561843132091655,12,1,0.8393377470688449,0.8620051898053213,-0.022667442736476362,-2.7006342578581912,100.0,76.14738952411085,-23.85261047588915,79.88820641327104,0.0,100.0,0.12017028479655435,0.16891326638511936,0.04874298158856501,0.0,91.66666666666666,12,2.4989047369478423,1.2621385491745538
DQN,202,117,5.11776120018334,12,1,0.8499010408820883,0.8971417704978842,-0.04724072961579595,-5.558380016427105,100.0,9.48507180540302,-90.51492819459698,80.84636202647799,0.0,100.0,0.18877990501419706,0.15234040446362646,-0.0364395005505706,0.0,91.66666666666666,12,2.6856354883484177,1.2993806836998667
DQN,202,118,5.1081980120270565,12,1,0.8501236498333311,0.8086959856975854,0.04142766413574572,4.873133942793818,83.70208296878904,75.8266285947428,-7.875454374046242,76.33400421950333,0.0,100.0,0.11643323645885983,0.1725506384405229,0.05611740198166307,0.0,91.66666666666666,12,2.389679442594962,1.3018644916354087
DQN,202,119,5.319004605741853,12,1,0.858254972501391,0.8958116760686895,-0.037556703567298455,-4.3759377773063335,84.13903974118323,100.0,15.860960258816775,84.90303360527498,0.0,100.0,0.10459757272381093,0.12748416601818147,0.02288659329437054,0.0,100.0,12,2.3709523650579096,1.249173083255177
DQN,202,120,5.318237546204684,12,1,0.7976586472639905,0.8882762121968575,-0.09061756493286699,-11.360444125277125,100.0,45.77991058467242,-54.22008941532758,82.33662125331456,0.0,100.0,0.16262736160632235,0.1369736525348957,-0.02565370907142664,0.0,91.66666666666666,12,2.6048188433894848,1.385016674621128
DQN,202,121,5.2591538002774225,12,1,0.8643667200902831,0.8622827522864057,0.002083967803877429,0.24109764471956516,83.14349575712504,100.0,16.856504242874962,80.3113768928874,0.0,100.0,0.15776857097583277,0.1346735870640533,-0.02309498391177947,0.0,91.66666666666666,12,2.626948070343836,1.3077559504779144
DQN,202,122,4.636237436934515,12,1,0.8480803235327101,0.8543014070140785,-0.006221083481368406,-0.7335488524782949,100.0,69.47129046408054,-30.52870953591946,68.54976991829378,0.0,100.0,0.1861756798932373,0.1466188033349075,-0.03955687655832979,0.0,75.0,12,2.7835260797977663,1.4576572600407893
DQN,202,123,4.866346541986381,12,1,0.7756320414179309,0.8482034040828011,-0.0725713626648703,-9.35641628886331,100.0,91.62733072257465,-8.372669277425345,76.28732293594682,0.0,100.0,0.204077206250599,0.14167672970275003,-0.06240047654784897,0.0,75.0,12,2.6624735697069206,1.4401091860607704
DQN,202,124,5.209039454145032,12,1,0.8089930473681856,0.8774436812103238,-0.06845063384213823,-8.461214106205448,91.13432830166175,78.89303316771952,-12.24129513394223,76.72238901270431,0.0,100.0,0.17278368295666768,0.1550557345743389,-0.017727948382328773,0.0,83.33333333333334,12,2.677953033977941,1.3994279173656
DQN,202,125,5.284573496723523,12,1,0.8546086539022312,0.8070228796994272,0.047585774202803965,5.568136244060064,92.87353302455863,74.50465872087116,-18.368874303687463,83.73531698676153,0.0,100.0,0.15041932415224932,0.19022702888469578,0.039807704732446464,0.0,100.0,12,2.513280549793218,1.308315831349982
DQN,202,126,4.9222904333785715,12,1,0.8143211675203983,0.869483844860697,-0.05516267734029867,-6.774068947301052,69.03321716875217,87.60487330702213,18.571656138269958,78.91906675610639,0.0,100.0,0.1764543822871891,0.10832925082283822,-0.06812513146435088,0.0,91.66666666666666,12,2.494480105781952,1.3073959144134344
DQN,202,127,4.957299766237563,12,1,0.8685787095725296,0.8368174976773604,0.03176121189516923,3.6566878217404715,82.66385974661962,99.78560785332856,17.121748106708935,70.86733773342489,0.0,100.0,0.09994214139524595,0.18725985654779198,0.08731771515254604,0.0,83.33333333333334,12,2.323039540905698,1.297159030483446
DQN,202,128,5.068597299826058,12,1,0.8189754706192701,0.8660134585433479,-0.04703798792407776,-5.743516089500201,93.38990681849353,87.94238424797882,-5.447522570514707,77.39121701454559,0.0,100.0,0.1523242860886751,0.12931321296710363,-0.023011073121571468,0.0,83.33333333333334,12,2.5827952761561765,1.3633997490380234
DQN,202,129,5.304763171491859,12,1,0.8573499191044014,0.9555686267529916,-0.0982187076485902,-11.456081753782716,72.03869762011097,53.23249798623684,-18.80619963387413,77.51812714399425,0.0,100.0,0.12980801647482373,0.08495573872679574,-0.044852277748028,0.0,91.66666666666666,12,2.451948530108997,1.206775733521012
DQN,202,130,5.152964487629452,12,1,0.8445640843339083,0.9040377595112457,-0.05947367517733737,-7.0419375249947,56.77359963312527,6.281597701625491,-50.49200193149978,75.47904999234443,0.0,100.0,0.1584553353970194,0.11609359022885722,-0.04236174516816217,0.0,83.33333333333334,12,2.5896859351459325,1.2366823046497906
DQN,202,131,5.493457683307402,12,1,0.8504573199661619,0.821854551084165,0.028602768881996865,3.363222140663674,96.81926521863504,61.719547481376416,-35.09971773725862,83.67323982572155,0.0,100.0,0.12212042735663904,0.15974597482815958,0.03762554747152054,0.0,100.0,12,2.503191661656748,1.2220801402439714
DQN,202,132,5.598517227015629,12,1,0.8536645989594694,0.7840664685382953,0.06959813042117413,8.152865950632975,91.83370681505414,80.8241041987625,-11.009602616291644,85.42721932980093,0.0,100.0,0.13029618215033864,0.2033971789946437,0.07310099684430507,0.0,100.0,12,2.469596894208299,1.2317707669965416
DQN,202,133,4.977380970879855,12,1,0.8331401243461087,0.8474716932078842,-0.014331568861775446,-1.720187090139681,85.64234648047804,5.806237041998045,-79.83610943848,74.02613133135195,0.0,100.0,0.1154905877591078,0.16183729223477605,0.04634670447566826,0.0,83.33333333333334,12,2.4257046444091315,1.253387082948872
DQN,202,134,5.617204674084788,12,1,0.8893335213122342,0.8896760978294456,-0.00034257651721136817,-0.038520589745215925,66.15230476683284,97.224064032795,31.071759265962157,90.30990345505224,0.0,100.0,0.13063878803155263,0.12172606106375443,-0.008912726967798199,0.0,100.0,12,2.555015850022702,1.2764363816990818
DQN,202,135,4.7496776633320135,12,1,0.8031173471149267,0.8865730590343773,-0.08345571191945067,-10.39147170948956,67.9677943421787,9.001768973071469,-58.966025369107236,69.93640138817015,0.0,100.0,0.18307765077852256,0.13266294531259393,-0.05041470546592863,0.0,75.0,12,2.6330014007879883,1.3396296441680884
DQN,202,136,4.852049392370281,12,1,0.8760460040715754,0.7565440079925514,0.11950199607902401,13.641063999335401,100.0,10.172768296546788,-89.82723170345321,74.39139387007755,0.0,100.0,0.1548372255919782,0.19403364656953323,0.03919642097755502,0.0,83.33333333333334,12,2.58816840170936,1.3154293589128656
DQN,202,137,4.756898068948769,12,1,0.901201489111083,0.8010803576305128,0.10012113148057022,11.109738797627442,100.0,0.0,-100.0,68.22903745379425,0.0,100.0,0.13999095586759777,0.18334336178443983,0.04335240591684206,0.0,75.0,12,2.518601140271531,1.302160123903862
DQN,202,138,4.852380671265812,12,1,0.8224436424388945,0.845147079086059,-0.022703436647164565,-2.7604853968886234,69.30711900237026,11.626536039754061,-57.6805829626162,71.23097045992341,0.0,100.0,0.12100856349050909,0.11641873744862401,-0.004589826041885084,0.0,83.33333333333334,12,2.403414744139397,1.2601051194314978
DQN,202,139,5.2545603881473255,12,1,0.801881769334314,0.8947505950713162,-0.09286882573700217,-11.581361403701406,81.0374380575389,86.37249146405007,5.3350534065111646,82.15833928246698,0.0,100.0,0.15528397546792766,0.10201707032290262,-0.05326690514502504,0.0,91.66666666666666,12,2.500402370928026,1.3739150571686387
DQN,202,140,5.312208083073877,12,1,0.8137553899895382,0.8475739374784403,-0.03381854748890212,-4.155861565394595,95.80819124512978,96.44620131607154,0.6380100709417604,82.44872335369824,0.0,100.0,0.15395539626668883,0.17318945417542048,0.019234057908731644,0.0,91.66666666666666,12,2.647232934148635,1.3048867169257206
DQN,202,141,5.61002660241312,12,1,0.8650302534204144,0.8084120480439241,0.056618205376490316,6.545228349253264,70.5752984529954,74.94448972201562,4.36919126902022,89.92116360167677,0.0,100.0,0.11124550338444256,0.17708950262734258,0.06584399924290002,0.0,100.0,12,2.4948162145094765,1.1377418193861422
DQN,202,142,5.005079515848213,12,1,0.8234486486987429,0.8978622569511385,-0.07441360825239562,-9.036824381215263,97.5067282965262,83.78191000990472,-13.724818286621485,69.63055917669215,0.0,100.0,0.1668579423505387,0.11253281757239068,-0.05432512477814801,0.0,75.0,12,2.652470298856013,1.3995648220045338
DQN,202,143,3.3378250208860716,12,0,0.861143584972902,0.8556278459806178,0.0055157389922841915,0.6405132765934449,100.0,4.949105031873121,-95.05089496812688,43.89267098212422,0.0,100.0,0.15763810177721663,0.13397787599747946,-0.02366022577973717,0.0,50.0,12,2.717200144561859,1.304737132462095
DQN,202,144,4.000389481525944,12,0,0.8751211829918045,0.8038498199983148,0.07127136299348968,8.144170702145733,83.9798592215986,7.106624837410099,-76.8732343841885,53.581935470579275,0.0,100.0,0.11746979446060858,0.1921698050376094,0.0747000105770008,0.0,58.333333333333336,12,2.6393165527326796,1.1391241512838524
DQN,202,145,5.2160733500339305,12,1,0.812807235702647,0.8277717434472056,-0.014964507744558597,-1.8410893859258326,78.6221838252613,61.71174134271844,-16.910442482542862,83.48226327207435,0.0,100.0,0.14285445996807036,0.12264141434052853,-0.020213045627541837,0.0,100.0,12,2.5114509017892868,1.2822328931416653
DQN,202,146,5.362412336314771,12,1,0.8555399832800281,0.7945578701943841,0.06098211308564405,7.127909189217157,79.48590258368426,100.0,20.514097416315735,79.62212429074542,0.0,100.0,0.12621656073001064,0.17351688228167977,0.04730032155166913,0.0,83.33333333333334,12,2.496439412426581,1.2613176727522346
DQN,202,147,5.0094213336725595,12,1,0.8814647148892412,0.8745496804572099,0.006915034432031231,0.7844936178642302,59.587085094974725,95.20022177076059,35.61313667578587,71.90602346995728,0.0,100.0,0.14314394322916463,0.1498622065008069,0.006718263271642266,0.0,75.0,12,2.3963668202914765,1.2403388346929296
DQN,202,148,4.7999878635788615,12,1,0.8012108127415372,0.8928708723896539,-0.09166005964811674,-11.44019254239463,99.97710256118148,5.834562905351623,-94.14253965582986,70.46345606263932,0.0,100.0,0.1929522171514631,0.1344115512459322,-0.05854066590553089,0.0,75.0,12,2.7201742397831334,1.4424703696838819
DQN,202,149,5.399891671599117,12,1,0.8291862634406305,0.8498638662956213,-0.020677602854990762,-2.493722311461238,99.71740694332054,96.99618144145144,-2.7212255018690996,84.85164243613383,0.0,100.0,0.13829852367862244,0.14600727113871492,0.00770874746009248,0.0,100.0,12,2.4983922688245337,1.2578772746429139
DQN,202,150,5.106611212994129,12,1,0.8673133287315885,0.8661546924402069,0.0011586362913815762,0.13358912552122726,95.1807151869324,11.382596590667408,-83.798118596265,80.4754807658223,0.0,100.0,0.1528040246038752,0.11753931146669212,-0.03526471313718309,0.0,91.66666666666666,12,2.604901689616387,1.3105883890965169
DQN,202,151,4.657014341800734,12,1,0.807395517893896,0.7594951642636024,0.047900353630293546,5.9326999678227565,80.62120385089115,35.75936765990626,-44.86183619098489,78.63782703985989,0.0,100.0,0.16059864248434355,0.22461314065331697,0.06401449816897342,0.0,91.66666666666666,12,2.5761748335505303,1.307005761881543
DQN,202,152,4.748424623787072,12,1,0.8067562245178406,0.9076591941465872,-0.10090296962874667,-12.507244017739252,72.12852469154824,13.751660144808039,-58.376864546740194,72.12038917291763,0.0,100.0,0.18679446548313777,0.11314670472647219,-0.07364776075666558,0.0,83.33333333333334,12,2.620109235609031,1.3316836376002394
DQN,202,153,5.342859241458392,12,1,0.812970006809009,0.8438882454100145,-0.03091823860100551,-3.803121682479134,99.7942327219922,100.0,0.20576727800779793,84.03345719898736,0.0,100.0,0.17112669368519093,0.1693194189707362,-0.0018072747144547152,0.0,91.66666666666666,12,2.669580010058331,1.3473600563885852
DQN,202,154,5.119740945298927,12,1,0.8634567111669563,0.8166168046609348,0.046839906506021545,5.424696559798314,83.6346881169473,73.74380389608444,-9.890884220862858,76.59160487217902,0.0,100.0,0.13430960185027382,0.16923531201809328,0.03492571016781945,0.0,91.66666666666666,12,2.617322134772621,1.2675974831677004
DQN,202,155,5.069950615025022,12,1,0.8321697640843284,0.8519544754361803,-0.01978471135185189,-2.3774850043514673,83.58939133525254,93.1405301828888,9.551138847636253,81.45114590024777,0.0,100.0,0.17400591745861305,0.15671657855329793,-0.017289338905315116,0.0,100.0,12,2.483208603957628,1.3363754964008225
DQN,202,156,5.187117145949784,12,1,0.934773932063304,0.8052749799158819,0.12949895214742202,13.853504864174177,63.28105428398193,67.10610598743834,3.8250517034564098,77.9508981292295,0.0,100.0,0.11465738827093208,0.1593032555830116,0.04464586731207951,0.0,100.0,12,2.442699349527544,1.2188313746496313
DQN,202,157,4.8248264994354635,12,1,0.8535791419149324,0.8525288774895794,0.0010502644253530535,0.12304241912435611,36.12474928556245,70.07556580959492,33.95081652403247,66.03035623613998,0.0,100.0,0.14884031666699524,0.1325030933807923,-0.016337223286202934,0.0,75.0,12,2.493997200025084,1.334691987750009
DQN,202,158,2.906986229298863,12,0,0.8641885555557204,0.9164718419472726,-0.05228328639155222,-6.049985973018495,9.011380055711923,43.18647991924147,34.175099863529546,35.95691854180885,0.0,100.0,0.1612862464059114,0.0871879547337679,-0.0740982916721435,0.0,33.33333333333333,12,2.90082210391556,1.2350063840483416
DQN,202,159,5.125339991745349,12,1,0.8526063504113924,0.8157125154571474,0.03689383495424503,4.327182753968854,69.92154490661507,5.154214569092511,-64.76733033752255,77.95513141618075,0.0,100.0,0.14343802310880735,0.16061373062385897,0.017175707515051625,0.0,91.66666666666666,12,2.514578816074724,1.276428898954875
DQN,202,160,5.415250291786034,12,1,0.8673964685349607,0.8663625608337556,0.001033907701205039,0.11919666942514962,72.8975713039639,79.59598145373677,6.698410149772869,86.98423999441182,0.0,100.0,0.15182537792491616,0.12598197315476284,-0.025843404770153316,0.0,91.66666666666666,12,2.578355380855194,1.2062713232854063
DQN,202,161,4.610523675680846,12,1,0.7891294914094592,0.8688455791608563,-0.07971608775139705,-10.101775262386486,84.75302458034565,71.71920325018274,-13.033821330162908,68.49102915003125,0.0,100.0,0.16387150426940056,0.14906903927222084,-0.014802464997179715,0.0,75.0,12,2.598555726628898,1.3162143980761252
DQN,202,162,4.659531899713561,12,1,0.7757219247619458,0.8157394857424901,-0.04001756098054432,-5.158750797565113,84.5756083878733,77.28306557971459,-7.292542808158714,80.99748740240771,0.0,100.0,0.16853337133951335,0.1515478747120617,-0.016985496627451663,0.0,91.66666666666666,12,2.6327130445594524,1.253945802880286
DQN,202,163,5.1509058279397575,12,1,0.8286607751244132,0.846104818084141,-0.01744404295972779,-2.105088533617243,80.69153562458115,98.69211527285763,18.000579648276485,78.81048202711578,0.0,100.0,0.16577157840247514,0.16890559188916499,0.003134013486689846,0.0,83.33333333333334,12,2.496168705506189,1.3709678404874615
DQN,202,164,4.215788037696505,12,1,0.8796316542041692,0.847654331236171,0.03197732296799827,3.635308349257755,84.6947911145178,0.0,-84.6947911145178,61.13440073316419,0.0,100.0,0.13339843791588243,0.16884503668060655,0.03544659876472411,0.0,58.333333333333336,12,2.523730748872921,1.221533177377975
DQN,202,165,4.88058995896305,12,1,0.8106197969877268,0.8563808215564805,-0.04576102456875375,-5.645189611554305,96.34499863551441,18.666464376229733,-77.67853425928467,76.1114723688227,0.0,100.0,0.19658590066904313,0.10640082607342859,-0.09018507459561455,0.0,75.0,12,2.7376177069527063,1.3862097943903096
DQN,202,166,5.507891519444495,12,1,0.8415905388660011,0.8117077862184214,0.02988275264757967,3.5507472182191004,86.01977615053353,65.01695565434417,-21.002820496189358,87.03762027441825,0.0,100.0,0.14797750193354262,0.15707025831180285,0.009092756378260236,0.0,100.0,12,2.5477789890738967,1.260675918658112
DQN,202,167,5.203099718175588,12,1,0.8376363328396297,0.8673743384800788,-0.02973800564044915,-3.5502287179492087,81.67434816860117,83.86630828413543,2.1919601155342576,78.86176382422808,0.0,100.0,0.13509081002713813,0.1401029619366461,0.005012151909507961,0.0,91.66666666666666,12,2.4992232692995926,1.1797744266780363
DQN,202,168,4.853445098361149,12,1,0.8768922735668496,0.8443063252272791,0.032585948339570514,3.716072010421966,100.0,79.36037364289558,-20.63962635710442,67.80472153622111,0.0,100.0,0.13051158067073332,0.1472290829443175,0.01671750227358418,0.0,83.33333333333334,12,2.505256939679754,1.357989928336183
DQN,202,169,5.338723268553933,12,1,0.8495729667227165,0.8740173574726718,-0.024444390749955303,-2.8772561872173434,85.42694955545385,5.511356303340498,-79.91559325211335,81.29662857997369,0.0,100.0,0.16475852264765706,0.1522941870053015,-0.01246433564235555,0.0,91.66666666666666,12,2.546910697620518,1.3022469224208622
DQN,202,170,5.124924155299543,12,1,0.9178676239735608,0.7754552066579129,0.1424124173156479,15.515572572341881,81.44647645066179,84.01479381292447,2.5683173622626754,78.13133018862308,0.0,100.0,0.09454764481184037,0.18849987226774725,0.09395222745590688,0.0,91.66666666666666,12,2.483427427865681,1.2279187892393566
DQN,202,171,5.43071367441457,12,1,0.837197181983831,0.8604793192743194,-0.023282137290488447,-2.7809622143398594,79.93263160482117,96.83435634031817,16.901724735496998,83.19345115753596,0.0,100.0,0.186134109668561,0.13082531777264653,-0.05530879189591448,0.0,91.66666666666666,12,2.802624090515701,1.3886179498194053
DQN,202,172,4.750695940117264,12,1,0.7528799440689695,0.843805737740721,-0.09092579367175146,-12.077064130615488,37.2269687171224,84.79060841976609,47.563639702643684,70.44249925306076,0.0,100.0,0.19547213405000727,0.1577981952347013,-0.03767393881530598,0.0,66.66666666666666,12,2.7690491616595256,1.3522506397463132
DQN,202,173,5.149276892005217,12,1,0.8390421176624627,0.7566552745381807,0.08238684312428202,9.81915465147428,68.06845825221927,15.773334613206147,-52.29512363901313,76.55398103430956,0.0,100.0,0.14420038590289916,0.2083187068831546,0.06411832098025544,0.0,83.33333333333334,12,2.4758070871654883,1.335060625704796
DQN,202,174,5.299523301300517,12,1,0.8479889838605803,0.8379745632646891,0.010014420595891194,1.1809611665353528,83.61137887392367,11.24063201561637,-72.3707468583073,82.4535484403823,0.0,100.0,0.17154403363847415,0.1542366503682218,-0.017307383270252358,0.0,91.66666666666666,12,2.6251282500280086,1.3041711290143614
DQN,202,175,5.166230472325741,12,1,0.8303975309353167,0.8374614546806821,-0.0070639237453654635,-0.850667720243463,70.94973210003404,6.133750973683878,-64.81598112635017,76.79953475540816,0.0,100.0,0.15284183704894957,0.12965963331528257,-0.023182203733667,0.0,91.66666666666666,12,2.531783998964245,1.2220301056434957
DQN,202,176,5.050741502303186,12,1,0.9189499799246864,0.7760019642405748,0.14294801568411164,15.555581784312908,100.0,84.68195463666648,-15.318045363333525,72.65426010150786,0.0,100.0,0.09274780577475562,0.23354281886540906,0.14079501309065345,0.0,91.66666666666666,12,2.3087436280678495,1.3338609388927145
DQN,202,177,5.2012876642594446,12,1,0.8877455772970395,0.8234709683370467,0.06427460895999282,7.240206045936351,86.40112352521628,70.02965927371561,-16.37146425150067,79.39534262434094,0.0,100.0,0.13388776245005737,0.16217058383101884,0.02828282138096147,0.0,91.66666666666666,12,2.5382338208116795,1.290530710900381
DQN,202,178,5.303384477988297,12,1,0.8136661913844246,0.8353034305499758,-0.02163723916555116,-2.659227997262139,96.87641466915527,66.0819723928079,-30.794442276347368,82.8580964470206,0.0,100.0,0.12878828504318757,0.1476785234848242,0.01889023844163662,0.0,100.0,12,2.5723178849133004,1.2471792660652363
DQN,202,179,3.778336337869989,12,0,0.8378006040130487,0.8209587325717426,0.01684187144130611,2.0102481856224346,100.0,71.023430021965,-28.976569978035002,55.70710862203155,0.0,100.0,0.1750792082754598,0.17270388466583583,-0.002375323609623975,0.0,58.333333333333336,12,2.490741833056179,1.4277218607709345
DQN,202,180,4.312435211542198,12,1,0.8445608392231152,0.8240621658700563,0.020498673353058883,2.427139928949934,99.80863817873622,91.67196879773573,-8.136669381000488,60.619571280506364,0.0,100.0,0.13902823168182463,0.14977407876894622,0.01074584708712159,0.0,66.66666666666666,12,2.4984325037648634,1.3561806128224858
DQN,202,181,4.822856588986521,12,1,0.8058616660333964,0.9710510707959065,-0.1651894047625101,-20.498481529169098,81.27190508752764,85.01535593170978,3.743450844182135,73.17121667056641,0.0,100.0,0.1974402895861522,0.12900946281916237,-0.06843082676698983,0.0,75.0,12,2.710954317833851,1.2789999022432896
DQN,202,182,4.695375780236427,12,1,0.8099138994436352,0.85485419864315,-0.04494029919951481,-5.5487749043924595,87.24703219890564,92.40234269313555,5.155310494229909,77.26366602149113,0.0,100.0,0.18603123666381602,0.15626864658107686,-0.029762590082739154,0.0,91.66666666666666,12,2.7026669346885246,1.3007487027285407
DQN,202,183,3.660649419638848,12,0,0.7765108923664629,0.8923348533752866,-0.11582396100882375,-14.9159480114752,92.66872096904322,3.962541316581488,-88.70617965246173,50.7344735444627,0.0,100.0,0.20716686165212853,0.12056750481942727,-0.08659935683270126,0.0,58.333333333333336,12,2.7918434392568874,1.3741946235814084
DQN,202,184,4.534014539099275,12,1,0.8493582737498653,0.8284261811193658,0.020932092630499444,2.4644597312375054,85.8851321095317,5.197069126582394,-80.6880629829493,66.8182968232301,0.0,100.0,0.14197384639571697,0.13373783308555556,-0.00823601331016141,0.0,66.66666666666666,12,2.5041367181452885,1.3597842648597518
DQN,202,185,5.372694032803983,12,1,0.905193719306663,0.8735652207807597,0.031628498525903326,3.4941137848514137,79.12676034865049,88.29475040447672,9.167990055826223,79.93941748879432,0.0,100.0,0.10763957560730725,0.11020307386732936,0.0025634982600221123,0.0,100.0,12,2.502465034959346,1.2788405177736144
DQN,202,186,4.959715196229503,12,1,0.755139683606632,0.8659462814868331,-0.11080659788020109,-14.673655786566044,89.09007228267741,72.5580755868382,-16.53199669583921,85.29670335084909,0.0,100.0,0.19285782839288107,0.15195476536715136,-0.04090306302572971,0.0,100.0,12,2.839048492060788,1.2544006968097956
DQN,202,187,5.48236758580452,12,1,0.8399509470801305,0.9226413635833233,-0.08269041650319275,-9.84467209551276,100.0,100.0,0.0,85.1211728716353,0.0,100.0,0.1616232775790831,0.09247398940556167,-0.06914928817352142,0.0,91.66666666666666,12,2.6565427440330103,1.2935609490739932
DQN,202,188,4.623085379815327,12,1,0.9031468811741368,0.8559160553745919,0.04723082579954485,5.229584111295649,100.0,10.391592281734475,-89.60840771826552,65.5807993800388,0.0,100.0,0.11876568811827243,0.15987963828376822,0.041113950165495794,0.0,75.0,12,2.4684625793530244,1.357874211056526
DQN,202,189,5.538489902286174,12,1,0.8923226760697259,0.9044377816155883,-0.01211510554586237,-1.357704546882511,57.85780770295217,78.79137970741616,20.933572004463983,80.75404589156284,0.0,100.0,0.10997218574021737,0.10498207069510818,-0.0049901150451091975,0.0,91.66666666666666,12,2.351754508822575,1.2077405853273067
DQN,202,190,4.822009670089533,12,1,0.8113857512452609,0.8264991474705953,-0.015113396225334363,-1.8626647315582416,100.0,20.34599826770937,-79.65400173229062,73.41204214033695,0.0,100.0,0.2083096111488404,0.18335195391670991,-0.024957657232130476,0.0,75.0,12,2.8344161120820295,1.4220294734406047
DQN,202,191,4.686045876298713,12,1,0.8789938927485694,0.863180267564549,0.015813625184020408,1.7990597334609462,93.88293037614964,5.796814270435587,-88.08611610571405,66.8915340331353,0.0,100.0,0.14394528484422414,0.16134402062670772,0.017398735782483576,0.0,75.0,12,2.4476417399141615,1.4112936640402793
DQN,202,192,4.736408352224734,12,1,0.9015133923824813,0.8514099721209651,0.05010342026151615,5.557701159503018,71.20181003395942,14.403218368804275,-56.79859166515514,67.0120492650391,0.0,100.0,0.1520183936401911,0.1788963921702564,0.02687799853006531,0.0,66.66666666666666,12,2.5614137624690567,1.3451330073776904
DQN,202,193,5.30494198595005,12,1,0.883426631861704,0.7951006084663518,0.08832602339535223,9.998116449038545,100.0,97.95638815696415,-2.0436118430358476,79.76824421635435,0.0,100.0,0.11168658627375289,0.18464571016508252,0.07295912389132964,0.0,91.66666666666666,12,2.447191696603749,1.2668586967035127
DQN,202,194,4.82586857242623,12,1,0.819025153321807,0.8834887861830414,-0.06446363286123435,-7.870775714247892,100.0,5.430718603210169,-94.56928139678983,74.49101322127792,0.0,100.0,0.17422599914320744,0.15065926422658935,-0.023566734916618093,0.0,83.33333333333334,12,2.6026000727118417,1.3528261796908367
DQN,202,195,4.761726034169713,12,1,0.8028177628593154,0.8667885576109304,-0.06397079475161505,-7.968283427583452,88.57282536516621,90.14147944847115,1.568654083304935,70.57695140310254,0.0,100.0,0.2176030513397145,0.13870147560200233,-0.07890157573771217,0.0,75.0,12,2.7910362563505946,1.5075736873462553
DQN,202,196,5.541751983103699,12,1,0.8451378734084629,0.8611773763329256,-0.016039502924462656,-1.89785636511294,62.783043950245776,78.99687185234438,16.213827902098608,82.8757710873352,0.0,100.0,0.14376426546073262,0.17232184875556147,0.028557583294828853,0.0,100.0,12,2.63292068642266,1.295146352996462
DQN,202,197,5.288861128279697,12,1,0.8294831139046561,0.8614101548153699,-0.031927040910713744,-3.849028434156112,95.07246464764589,92.60552439981191,-2.466940247833975,80.81963207662199,0.0,100.0,0.15659982341845236,0.14216320966894191,-0.01443661374951044,0.0,91.66666666666666,12,2.5807528712924586,1.3764465175667793
DQN,202,198,4.927097998743697,12,1,0.8133839008192802,0.8052603675940375,0.00812353322524273,0.9987329743138889,93.4223660027253,12.590853817097603,-80.8315121856277,78.71114838908704,0.0,100.0,0.1520633958466226,0.17637049875581384,0.024307102909191247,0.0,91.66666666666666,12,2.486051349974831,1.3172540634660415
DQN,202,199,5.285798213683399,12,1,0.8278307738821816,0.8071210453748231,0.020709728507358527,2.501686233556953,83.31104259941543,93.650863492629,10.33982089321357,80.41042061664392,0.0,100.0,0.16111176925956483,0.1601565297218384,-0.0009552395377264433,0.0,83.33333333333334,12,2.6185625023718213,1.3276225200880218
DQN,202,200,4.733912028478573,12,1,0.8474318269381286,0.8378882773429928,0.009543549595135814,1.1261731376809139,80.83961730481104,0.09120120619818539,-80.74841609861286,71.25902116707472,0.0,100.0,0.12862564401434087,0.15666482172550686,0.028039177711165986,0.0,75.0,12,2.4268614007556253,1.3197528317075697
DQN,303,1,5.274955140680282,12,1,0.813719122972816,0.8648046381438192,-0.05108551517100324,-6.278028097013257,100.0,74.53790615121763,-25.462093848782374,85.62160497304193,0.0,100.0,0.15238259687401798,0.12823418304967654,-0.024148413824341436,0.0,100.0,12,2.5373561795336097,1.2571825658533793
DQN,303,2,5.06502538869473,12,1,0.7894049274021199,0.8416767730764766,-0.05227184567435672,-6.621677146908615,85.39116295947767,87.20072475934782,1.8095617998701528,81.62083620458822,0.0,100.0,0.17766667449872528,0.1469401785039327,-0.030726495994792574,0.0,83.33333333333334,12,2.5144860882563282,1.3162399702937846
DQN,303,3,5.487591983329543,12,1,0.8701827217764665,0.8099924296860415,0.060190292090425035,6.916971641030443,80.64938514197671,89.66285369751182,9.013468555535113,84.771217898996,0.0,100.0,0.13407125999978814,0.20520256638852713,0.07113130638873899,0.0,100.0,12,2.5058817375973415,1.2483721106271541
DQN,303,4,5.08976470187576,12,1,0.8490554757229386,0.8341316438654802,0.01492383185745838,1.7576980873659993,94.40414389663448,82.49355002011963,-11.910593876514852,78.14356516532105,0.0,100.0,0.16990508808339377,0.1340841593922448,-0.03582092869114897,0.0,83.33333333333334,12,2.7141386681117763,1.3667194961721585
DQN,303,5,5.261941366161277,12,1,0.9499513178850574,0.8165499581646903,0.13340135972036704,14.042968014126004,83.45122757361895,37.5505574420192,-45.90067013159975,79.56997236521067,0.0,100.0,0.10591124652662902,0.1665428488442003,0.06063160231757127,0.0,91.66666666666666,12,2.497257426305308,1.2639055646641224
DQN,303,6,5.061856593699384,12,1,0.9070283275649546,0.8599660846204229,0.04706224294453165,5.188618868263672,83.33790046188479,23.082760024692504,-60.25514043719228,76.97114345077108,0.0,100.0,0.10171309857193525,0.16239176757765308,0.060678669005717834,0.0,91.66666666666666,12,2.431426487442773,1.2323085467430304
DQN,303,7,5.52244130319097,12,1,0.8366351328266486,0.8935145793008934,-0.05687944647424481,-6.798596454116429,86.68551242050772,57.99760184595242,-28.687910574555303,86.39708446836325,0.0,100.0,0.1626545256203318,0.11884233317135595,-0.043812192448975856,0.0,91.66666666666666,12,2.6082093999995895,1.2844068243791045
DQN,303,8,5.333333493560008,12,1,0.8925206945164685,0.7968280831080323,0.09569261140843621,10.721612618772786,91.80649270888547,37.60672592053071,-54.199766788354765,81.33451107687506,0.0,100.0,0.133269754719148,0.16432601171878755,0.031056256999639542,0.0,91.66666666666666,12,2.728667122181753,1.2428360581245075
DQN,303,9,5.411003765320614,12,1,0.9309014485596909,0.9138579493603425,0.017043499199348444,1.8308596710982117,73.0141736630023,82.22856836828824,9.21439470528594,84.39690736548046,0.0,100.0,0.12360691367429921,0.142497358279133,0.0188904446048338,0.0,100.0,12,2.6290853328640598,1.2626868453057658
DQN,303,10,4.9265815519219505,12,1,0.7747863342142546,0.9326175903416075,-0.15783125612735294,-20.370939594258157,84.1037978062434,100.0,15.896202193756594,80.95600358599326,0.0,100.0,0.18507622240276056,0.10093704202140864,-0.08413918038135192,0.0,91.66666666666666,12,2.5375929647478253,1.2897664072207853
DQN,303,11,5.459368028719405,12,1,0.8644744169638556,0.8219348457375639,0.042539571226291706,4.920859471549905,77.31229284869062,69.14734128364248,-8.164951565048142,79.93780268954377,0.0,100.0,0.108395504834563,0.16179526960667096,0.05339976477210795,0.0,91.66666666666666,12,2.5313759286965034,1.1927441479964183
DQN,303,12,5.254061249903047,12,1,0.9118969680681959,0.7968628174279677,0.11503415064022815,12.614818852169421,65.79090671032861,70.58003863313395,4.789131922805339,77.91417546433361,0.0,100.0,0.11770965760281642,0.18201125566458498,0.06430159806176856,0.0,100.0,12,2.3660568606452923,1.248381081320355
DQN,303,13,5.4286636186794714,12,1,0.7825511738983292,0.9182616129577055,-0.1357104390593763,-17.34205296547266,73.60192126441103,85.64435325799428,12.04243199358325,85.54725144819275,0.0,100.0,0.18031115315220864,0.12391194759810621,-0.056399205554102425,0.0,100.0,12,2.7287480058945204,1.26697723925073
DQN,303,14,5.520026289011679,12,1,0.836137466575904,0.8314495402708942,0.004687926305009804,0.560664542901958,74.47238974039348,93.83706685983044,19.364677119436962,90.79711232664089,0.0,100.0,0.15875030756317055,0.14306662370259898,-0.015683683860571562,0.0,100.0,12,2.5926440149203693,1.264068415450264
DQN,303,15,4.6638548598940055,12,1,0.8944779409790404,0.7969020568023547,0.09757588417668572,10.908696537545149,98.3763036522766,36.076105456832266,-62.30019819544434,72.05665300935523,0.0,100.0,0.1177213093237228,0.17151244634821383,0.05379113702449104,0.0,83.33333333333334,12,2.4629850088489396,1.3202926117538665
DQN,303,16,5.117998495860017,12,1,0.8574082393239412,0.8194776954986608,0.03793054382528038,4.423860430264617,71.28430018767475,45.14399694567342,-26.140303242001323,77.72693492983173,0.0,100.0,0.15899831609824497,0.16214866778365547,0.003150351685410502,0.0,75.0,12,2.5923367896300085,1.3263447921309197
DQN,303,17,5.3409136864703965,12,1,0.8836004638142054,0.8291591327241873,0.05444133109001814,6.161306305229092,80.7341319410381,96.02158385395295,15.287451912914847,84.83317560241714,0.0,100.0,0.1355976816203249,0.16975866706224624,0.03416098544192134,0.0,91.66666666666666,12,2.5402427471804696,1.2793013075606596
DQN,303,18,5.375799160577328,12,1,0.8531741215983859,0.8800680469412269,-0.026893925342840963,-3.1522200055079406,98.86525816258411,94.04437660708248,-4.820881555501629,85.5539794739064,0.0,100.0,0.16180532493947342,0.14069199504119623,-0.02111332989827719,0.0,100.0,12,2.714209400355237,1.346081415442165
DQN,303,19,4.804462340288658,12,1,0.8145598155622593,0.8265940745233775,-0.012034258961118205,-1.477394137447281,83.32308703598476,22.662976187778554,-60.6601108482062,75.48195882603362,0.0,100.0,0.1629633285811971,0.16925681383091906,0.006293485249721953,0.0,91.66666666666666,12,2.5372157772124866,1.378072844211219
DQN,303,20,4.714579010868424,12,1,0.8861117661902395,0.8689967304827115,0.017115035707527926,1.9314759560312051,78.8654913840388,37.54810294391331,-41.3173884401255,72.94975117495444,0.0,100.0,0.1162644682651304,0.12735525664431754,0.011090788379187144,0.0,83.33333333333334,12,2.489703497786063,1.2691977739204616
DQN,303,21,5.0448776622464955,12,1,0.8125664679134358,0.8566211817297592,-0.04405471381632342,-5.421675094401834,52.81526244218894,29.30201540640104,-23.5132470357879,76.42223133657286,0.0,100.0,0.16525720947449118,0.12003812170950308,-0.045219087764988106,0.0,75.0,12,2.6611013093124076,1.312308873539693
DQN,303,22,4.997706984401517,12,1,0.7980384196650073,0.8507032693776893,-0.05266484971268193,-6.599287504828283,66.00381967702074,75.85742010767525,9.85360043065451,77.44659859247237,0.0,100.0,0.1727237527685513,0.15067118155611267,-0.022052571212438615,0.0,83.33333333333334,12,2.6056879732493687,1.289048748971154
DQN,303,23,5.382927767657475,12,1,0.8587488264080825,0.8600741260709655,-0.0013252996628829727,-0.1543291381749362,89.04246939110953,79.41852466987449,-9.623944721235048,84.25569536081066,0.0,100.0,0.11508000856076611,0.15506389644945764,0.03998388788869153,0.0,100.0,12,2.4374858616780033,1.1611918402138388
DQN,303,24,4.867778857659055,12,1,0.7738496815027593,0.879347872832797,-0.10549819133003768,-13.632904923494692,95.05225393817236,81.07456451895787,-13.977689419214485,76.41528260766479,0.0,100.0,0.22151565612762641,0.1550166009172732,-0.06649905521035321,0.0,83.33333333333334,12,2.8470313984094653,1.4357075553215364
DQN,303,25,5.5261145588745695,12,1,0.8679398766080875,0.9105948375051168,-0.04265496089702936,-4.914506413016201,73.17832616475764,96.52024540060088,23.34191923584325,83.54081194112969,0.0,100.0,0.12842786929160138,0.12211515255020805,-0.006312716741393332,0.0,91.66666666666666,12,2.539231522173602,1.2434188253260665
DQN,303,26,5.531870138095937,12,1,0.8573340845195322,0.8017681223771888,0.05556596214234344,6.481249625516027,72.34239318445402,83.56623950220514,11.22384631775111,85.52540793035303,0.0,100.0,0.16129489066542974,0.17625386567899462,0.014958975013564885,0.0,100.0,12,2.649976801520299,1.3029185689825895
DQN,303,27,4.523887775941839,12,1,0.8183181395019735,0.812751087252251,0.005567052249722537,0.6803041483487867,68.22129643114134,75.05466262387013,6.833366192728789,70.42161787395318,0.0,100.0,0.18780364781873574,0.14813394765088475,-0.039669700167850985,0.0,83.33333333333334,12,2.6530799363163053,1.321714587886922
DQN,303,28,5.233571533279719,12,1,0.8085680762992904,0.8100431511073409,-0.001475074808050536,-0.18243050292088692,88.40757384959682,84.72097584981219,-3.686597999784624,86.66801295405214,0.0,100.0,0.16069252405763543,0.1640018911294151,0.003309367071779673,0.0,100.0,12,2.6539977873100398,1.2391874909008629
DQN,303,29,5.46188450679123,12,1,0.8380778928972263,0.8544821377371943,-0.01640424483996794,-1.9573651779858603,100.0,88.38946319175771,-11.610536808242287,87.67384942662152,0.0,100.0,0.13623720349328902,0.16487998605203122,0.028642782558742197,0.0,100.0,12,2.5149628222129135,1.2485109683626103
DQN,303,30,4.993206588421808,12,1,0.8232105423833135,0.8519795513109951,-0.02876900892768164,-3.4947328109272267,94.34049608749974,71.98484879274795,-22.35564729475179,82.12494131859171,0.0,100.0,0.1660446268618024,0.16555330527835585,-0.0004913215834465579,0.0,100.0,12,2.5456151014531407,1.2821788874236115
DQN,303,31,5.163447239421552,12,1,0.8172036577170871,0.87279285218992,-0.05558919447283284,-6.802367310509226,84.02192362609024,85.01106624217358,0.9891426160833419,81.21872830021637,0.0,100.0,0.19995097582551746,0.13505981577778567,-0.0648911600477318,0.0,91.66666666666666,12,2.6792658993022527,1.3743686696991988
DQN,303,32,5.224089826016999,12,1,0.7916154214828653,0.9096274569793458,-0.11801203549648043,-14.907748420996978,82.68449269302263,100.0,17.315507306977366,83.37915996831892,0.0,100.0,0.2045827976433782,0.15425434454305084,-0.05032845310032735,0.0,100.0,12,2.8136384280573936,1.4379332517085217
DQN,303,33,5.30290838679673,12,1,0.8449065316075876,0.7611559433432488,0.08375058826433879,9.912408666670872,100.0,83.20572222024356,-16.79427777975644,83.21030625958764,0.0,100.0,0.1622669173482444,0.22639143068011036,0.06412451333186597,0.0,100.0,12,2.6104392599095982,1.2817813978689696
DQN,303,34,5.374449840194096,12,1,0.8684738388116926,0.8068286764589525,0.06164516235274009,7.098102395011388,76.65272811433557,83.24760926728909,6.594881152953519,85.32247789020688,0.0,100.0,0.14889434438409732,0.16998381966987022,0.021089475285772902,0.0,100.0,12,2.55080743534536,1.2613274561882675
DQN,303,35,5.387180421657463,12,1,0.8799474339679815,0.8237947347705845,0.05615269919739696,6.381369730710548,82.10170985331986,66.86285075946238,-15.238859093857485,85.40471704130609,0.0,100.0,0.13894132950133592,0.16943155562588152,0.030490226124545605,0.0,100.0,12,2.7475159985660027,1.3082951770123703
DQN,303,36,5.367238900860717,12,1,0.8041577703918741,0.8989886051248872,-0.09483083473301313,-11.79256586512882,68.2698574184346,84.27468450691497,16.00482708848037,84.56505572751801,0.0,100.0,0.1719547449981877,0.08419832062128302,-0.08775642437690467,0.0,91.66666666666666,12,2.6012168407582377,1.265902891954884
DQN,303,37,5.403319277569058,12,1,0.8060775673714566,0.9237449861185929,-0.11766741874713627,-14.597530499557093,67.73568596877793,96.32665698811431,28.59097101933638,84.42963565881847,0.0,100.0,0.1699628688671872,0.14483894024507174,-0.02512392862211546,0.0,91.66666666666666,12,2.7302203918091004,1.3025290047150484
DQN,303,38,5.191957470553396,12,1,0.8414790732927757,0.9146097890956921,-0.07313071580291641,-8.690734936134538,74.99370765747642,61.397756030273364,-13.595951627203057,81.41130511332021,0.0,100.0,0.1585836809358233,0.12122779194608377,-0.037355888989739544,0.0,100.0,12,2.818113182143905,1.2770466356712726
DQN,303,39,5.229151049357794,12,1,0.7978044380674473,0.7711169112870355,0.026687526780411752,3.3451213739870873,83.57977068096879,88.32472154861652,4.744950867647731,81.79121082815162,0.0,100.0,0.16539676079197851,0.20168973220196093,0.036292971409982416,0.0,100.0,12,2.643495355372332,1.3246143989436518
DQN,303,40,5.406517608773543,12,1,0.847020103012245,0.9105444387313584,-0.06352433571911342,-7.4997435708081515,100.0,87.09595807766753,-12.904041922332468,88.3977023543979,0.0,100.0,0.15506931381123704,0.11362021673512793,-0.04144909707610911,0.0,100.0,12,2.6981264170278543,1.2399536683085899
DQN,303,41,4.979391847069094,12,1,0.8750323422348825,0.844033204153915,0.030999138080967437,3.5426276932568994,100.0,0.0,-100.0,73.48276941464415,0.0,100.0,0.11383162418602139,0.14395530255090047,0.030123678364879086,0.0,91.66666666666666,12,2.5293178593202392,1.3100253207646078
DQN,303,42,5.446301364581087,12,1,0.8574374820141866,0.8045052551132281,0.052932226900958446,6.1733045278842456,84.82079316806268,87.90933369932186,3.0885405312591843,83.84036615397372,0.0,100.0,0.13104103634528907,0.14309731939971415,0.012056283054425077,0.0,100.0,12,2.6891508322100157,1.2160343718623994
DQN,303,43,5.391179524784285,12,1,0.8300855634922868,0.8190983054493646,0.010987258042922221,1.3236295782205005,97.48192970744505,64.2435314649844,-33.23839824246065,87.06230700209773,0.0,100.0,0.16869339320499963,0.16852024998313517,-0.00017314322186445796,0.0,100.0,12,2.571407882079923,1.291698443972433
DQN,303,44,5.492176573644601,12,1,0.8873488315819908,0.8611917033227939,0.026157128259196916,2.9477841552530406,62.80376746265646,71.80139592852593,8.997628465869475,81.05114173908356,0.0,100.0,0.12416190683263822,0.100585846610841,-0.02357606022179723,0.0,100.0,12,2.4261038007104405,1.1326490913513234
DQN,303,45,5.409479608947135,12,1,0.8504075158564992,0.8637181181687044,-0.013310602312205155,-1.56520280736221,84.79513654944775,79.21953053842576,-5.575606011021989,84.41953686644545,0.0,100.0,0.12346714143014924,0.14603909943024476,0.022571958000095524,0.0,100.0,12,2.637612216666497,1.228771391469937
DQN,303,46,4.96184278499014,12,1,0.780497881679584,0.8546584824389493,-0.07416060075936526,-9.501704296720979,84.84984556594443,94.8919831285712,10.042137562626763,79.21483351322314,0.0,100.0,0.16699544667740035,0.14793009674971327,-0.019065349927687075,0.0,91.66666666666666,12,2.5298943850542686,1.2743526140042498
DQN,303,47,5.14849856529107,12,1,0.8996880517240683,0.8696150652031852,0.030072986520883083,3.3426015231895487,62.73093388421771,25.752014062430618,-36.978919821787095,75.97642540917046,0.0,100.0,0.11556392247075781,0.17234522698377577,0.056781304513017966,0.0,83.33333333333334,12,2.464805801845612,1.2233375950496068
DQN,303,48,5.166331317178231,12,1,0.8042221855492702,0.7979369026880002,0.006285282861269947,0.7815356221461617,51.94368564746006,63.386455425517475,11.442769778057418,80.1402317598791,0.0,100.0,0.17893090696068914,0.18772824806219096,0.008797341101501821,0.0,91.66666666666666,12,2.5294698973923837,1.3457462602111543
DQN,303,49,5.558471052960478,12,1,0.8096061014226551,0.8841097081313801,-0.07450360670872502,-9.202451238670989,72.27556122968589,68.9324863725224,-3.3430748571634865,86.18992759917661,0.0,100.0,0.15416858814678036,0.14464345396690248,-0.009525134179877881,0.0,100.0,12,2.7326884202646338,1.2928061131970152
DQN,303,50,5.338920398261794,12,1,0.833227642295513,0.8108511761346258,0.022376466160887287,2.68551654134288,88.54103650424243,92.77186366865243,4.230827164410002,84.29216379433569,0.0,100.0,0.17341358466303583,0.16669195506876655,-0.006721629594269279,0.0,100.0,12,2.6621861538891425,1.4049656873989178
DQN,303,51,5.011716565942116,12,1,0.8070955659759311,0.8262973345673696,-0.019201768591438517,-2.3791195740519213,43.54736948228387,80.17722849662535,36.62985901434148,76.76588703761966,0.0,100.0,0.17923688530645263,0.16020261958732285,-0.019034265719129778,0.0,83.33333333333334,12,2.7136636907911735,1.3277275845409064
DQN,303,52,5.561508887631877,12,1,0.8244509684119865,0.8584648546415796,-0.034013886229593115,-4.125640885001185,96.81176941413959,98.6730052468408,1.8612358327012117,88.31451994502065,0.0,100.0,0.14758464800855886,0.11111671482615787,-0.03646793318240099,0.0,100.0,12,2.6435295914254073,1.2761785915893
DQN,303,53,5.173986795077251,12,1,0.8436397853401942,0.8637788157137665,-0.02013903037357223,-2.3871598665123708,87.72113407634876,76.94881957487448,-10.772314501474284,84.00500514536178,0.0,100.0,0.16431778451384915,0.14398026173927175,-0.0203375227745774,0.0,100.0,12,2.5665820693297383,1.4307095925330429
DQN,303,54,4.610198046145094,12,1,0.8594525640625099,0.8445667957486205,0.014885768313889436,1.7320058065248567,83.86433028944444,77.4464067596256,-6.417923529818836,73.3748846558833,0.0,100.0,0.1508802066288517,0.11655259006283902,-0.034327616566012686,0.0,83.33333333333334,12,2.703272600020925,1.3264363855265824
DQN,303,55,5.048437125876467,12,1,0.8282681821039217,0.8346502401252393,-0.006382058021317527,-0.7705303860769069,71.45230829026659,76.63160950888698,5.179301218620395,78.42360925510349,0.0,100.0,0.18952249885395264,0.14610611415203412,-0.043416384701918526,0.0,91.66666666666666,12,2.6548375018039203,1.3622000576194395
DQN,303,56,5.211093275999351,12,1,0.892534803115209,0.841349078766428,0.0511857243487811,5.734871533314764,86.88388477768693,86.71008068992583,-0.17380408776109846,82.47754674080268,0.0,100.0,0.15017757137742827,0.17834683581700306,0.028169264439574793,0.0,91.66666666666666,12,2.7893893053295264,1.27928636967787
DQN,303,57,5.108799531909287,12,1,0.7928440667925633,0.8752376449401007,-0.08239357814753745,-10.392154220294444,90.21944267614359,86.44919648345297,-3.770246192690621,83.57617224479803,0.0,100.0,0.15508114475652762,0.1110972019811377,-0.04398394277538992,0.0,100.0,12,2.5373806905695195,1.2686922176640745
DQN,303,58,5.021798230551496,12,1,0.859123677026879,0.8682569520572979,-0.009133275030418941,-1.0630919941615338,96.28358519486608,94.05444752725258,-2.2291376676135,82.62499400216164,0.0,100.0,0.1509759654797901,0.13399915089469508,-0.016976814585095007,0.0,91.66666666666666,12,2.7180713316388023,1.4067289059342865
DQN,303,59,5.144122160219241,12,1,0.8110118090793812,0.8402958817587303,-0.02928407267934907,-3.6108071857290023,94.10175724728182,97.84287478311897,3.741117535837148,82.94975596321062,0.0,100.0,0.18111004652196605,0.17225739286196318,-0.008852653660002874,0.0,100.0,12,2.5634918613687945,1.3923489591694505
DQN,303,60,5.198796710816786,12,1,0.8035148762016716,0.8682611771557085,-0.06474630095403688,-8.057884536015287,70.66997910044171,90.55811283379526,19.888133733353555,79.94442813589585,0.0,100.0,0.19210578608939163,0.13430990813695237,-0.05779587795243926,0.0,91.66666666666666,12,2.6380930740995923,1.3726185453687298
DQN,303,61,5.411631180659725,12,1,0.8843178914420002,0.8833765261141451,0.0009413653278551593,0.10645101009096802,79.87704993938289,96.77090384120841,16.893853901825523,82.72530962710464,0.0,100.0,0.16056222095726036,0.12203545387492534,-0.03852676708233502,0.0,91.66666666666666,12,2.589883622990325,1.3897444637494596
DQN,303,62,5.225700085268973,12,1,0.8185398437282305,0.863279241970307,-0.04473939824207651,-5.465756931061596,90.94377390178533,78.21749975091151,-12.72627415087382,83.64916167048001,0.0,100.0,0.14807304991022768,0.1141773958598111,-0.033895654050416585,0.0,100.0,12,2.7434497169720173,1.2566765156952167
DQN,303,63,5.411206819944265,12,1,0.8610603970739955,0.8223720848153002,0.03868831225869529,4.493100877727466,71.90875817020037,95.29583634578782,23.387078175587448,87.36988167661355,0.0,100.0,0.13761880846817273,0.1701868468322629,0.03256803836409017,0.0,100.0,12,2.8094214038323386,1.230640169190418
DQN,303,64,5.598181511711104,12,1,0.883811449313739,0.8251824211117086,0.05862902820203042,6.6336579196337215,76.39886194084526,80.30644744873973,3.907585507894467,86.11205414539181,0.0,100.0,0.11660871193051027,0.1776597433216643,0.06105103139115402,0.0,91.66666666666666,12,2.6813205654331025,1.23422887293392
DQN,303,65,5.5982363313801,12,1,0.8442868009934983,0.8840761220537521,-0.03978932106025379,-4.7127730782279755,100.0,79.19668128530687,-20.803318714693134,87.33697844451223,0.0,100.0,0.14096536246492275,0.1421102827753318,0.0011449203104090533,0.0,100.0,12,2.7131732578183048,1.3251849180074382
DQN,303,66,5.368817886850662,12,1,0.8701677110928594,0.8216559497714995,0.048511761321359925,5.574989821264814,92.80897019724492,59.019897676739106,-33.78907252050581,83.37634703414156,0.0,100.0,0.15612413583543064,0.16289135759517231,0.006767221759741676,0.0,91.66666666666666,12,2.7363182065220557,1.321897644766488
DQN,303,67,5.214972782661137,12,1,0.8220645644539004,0.847322227316317,-0.025257662862416597,-3.0724670487646337,93.13498382768238,99.24184743667591,6.106863608993535,82.51048676180261,0.0,100.0,0.17891790825371506,0.1527068439776014,-0.026211064276113666,0.0,83.33333333333334,12,2.5973950414529203,1.3373172713842423
DQN,303,68,5.414207997212781,12,1,0.870662989694058,0.8663217925543076,0.004341197139750341,0.49860820904719905,99.80493452237373,100.0,0.19506547762627235,83.59422283496943,0.0,100.0,0.16887108912778218,0.13392446871291855,-0.03494662041486363,0.0,100.0,12,2.7436775101578905,1.4095448718981973
DQN,303,69,5.0913063204201086,12,1,0.852097060797346,0.8577367221043651,-0.005639661307019095,-0.6618566788320812,100.0,93.06818698558452,-6.931813014415482,83.23415352047118,0.0,100.0,0.15113936824079696,0.1329641884025924,-0.018175179838204575,0.0,91.66666666666666,12,2.471532845321905,1.3941558896082886
DQN,303,70,5.469225341216521,12,1,0.8789250476161868,0.8094987361758763,0.06942631144031053,7.899002494991807,88.8043709884212,66.61609982793048,-22.188271160490714,84.78265419928177,0.0,100.0,0.14593586082371537,0.20090668450626176,0.05497082368254638,0.0,100.0,12,2.4702108110234993,1.3641666903543046
DQN,303,71,5.329050678053923,12,1,0.8371225242995843,0.9206585560386362,-0.08353603173905189,-9.978949235531084,84.19395070963466,100.0,15.806049290365337,84.79891099258957,0.0,100.0,0.17784810298558554,0.10528824612453379,-0.07255985686105175,0.0,100.0,12,2.6176645662541307,1.299698399859142
DQN,303,72,5.612775210478334,12,1,0.8252062752136664,0.9197231108605297,-0.0945168356468633,-11.45372235837525,93.41205582837863,86.57344202269314,-6.838613805685483,86.93066716696713,0.0,100.0,0.1661540923833042,0.12937839230075585,-0.03677570008254835,0.0,91.66666666666666,12,2.8446883869340542,1.2841741759240417
DQN,303,73,5.274607573358041,12,1,0.8419277604800346,0.8329722224933036,0.008955537986730988,1.0636943461307047,100.0,73.0699724602561,-26.930027539743904,83.4915464764117,0.0,100.0,0.1484167696079695,0.14434653577628698,-0.004070233831682535,0.0,100.0,12,2.6856331303635828,1.3551818237565465
DQN,303,74,5.371801272633666,12,1,0.8587005443078537,0.8420030735485667,0.01669747075928696,1.944504503924098,92.60029853431423,79.7861227407052,-12.814175793609039,82.50401810432578,0.0,100.0,0.13143883276084914,0.15110907884422048,0.01967024608337134,0.0,100.0,12,2.578530999234541,1.3465727926054423
DQN,303,75,5.3436793437983745,12,1,0.859360146460489,0.8535190852604713,0.005841061200017705,0.6796988694525482,82.75295837568792,92.34331313516499,9.590354759477066,85.8729736627908,0.0,100.0,0.15764995142502222,0.13866407331973066,-0.018985878105291565,0.0,100.0,12,2.774797366895727,1.3441457011678262
DQN,303,76,5.245690435887339,12,1,0.8268855341625629,0.8448576387554942,-0.017972104592931304,-2.173469464686275,100.0,76.67596097990989,-23.32403902009011,84.30791503703307,0.0,100.0,0.1453200083186491,0.14303149506783053,-0.00228851325081858,0.0,100.0,12,2.5238629823386094,1.2334308015585036
DQN,303,77,5.256548809775952,12,1,0.8374356890249469,0.8060273238537115,0.031408365171235464,3.7505405588583436,70.90498374721915,38.861689693028644,-32.043294054190504,81.61282729422294,0.0,100.0,0.15829659319330144,0.17617610100036743,0.017879507807065986,0.0,91.66666666666666,12,2.607956232106737,1.3509550332881786
DQN,303,78,5.515562071759357,12,1,0.8791304121738637,0.8614622709334462,0.01766814124041749,2.0097292728991953,90.54734489316988,83.80708613563561,-6.740258757534264,85.84221225917202,0.0,100.0,0.1334013538156117,0.11990601036589865,-0.013495343449713038,0.0,100.0,12,2.6923054029143763,1.258107369087849
DQN,303,79,5.480673653407899,12,1,0.9035638966581363,0.843241267969735,0.060322628688401325,6.676077797210218,82.04174164876943,85.19790650708178,3.1561648583123514,84.40662810810154,0.0,100.0,0.13161862518089137,0.185674860653227,0.05405623547233562,0.0,91.66666666666666,12,2.3920327569243085,1.2867115361379962
DQN,303,80,5.223006896832879,12,1,0.8757991788616633,0.8182163521803514,0.05758282668131187,6.5748893206495405,100.0,65.10590470330285,-34.894095296697145,83.95635800269115,0.0,100.0,0.13740892593533768,0.13846445840867258,0.001055532473334897,0.0,100.0,12,2.552944169368473,1.4197632515886194
DQN,303,81,5.201066512033372,12,1,0.865379536624577,0.889672177157955,-0.024292640533377985,-2.807166047412181,82.88551203464763,21.752232700635822,-61.13327933401181,80.22451880709342,0.0,100.0,0.11060404809851641,0.13294368522795033,0.022339637129433917,0.0,91.66666666666666,12,2.395886794457213,1.2457733916804814
DQN,303,82,5.367213825206223,12,1,0.8331321485761485,0.8019426822438799,0.0311894663322686,3.743639755778537,96.27326105444179,84.95676781502695,-11.31649323941484,83.47112686075397,0.0,100.0,0.13780285390865588,0.19323869240441688,0.055435838495761,0.0,91.66666666666666,12,2.5612477481386757,1.2539607234797208
DQN,303,83,5.3826153895289375,12,1,0.8334581616760657,0.8708376373327393,-0.037379475656673655,-4.484865272841574,86.00507934866893,91.85664013295322,5.851560784284288,82.72488823049308,0.0,100.0,0.1439997997816105,0.14505099950942318,0.001051199727812674,0.0,100.0,12,2.5531501210191005,1.2725315541732691
DQN,303,84,5.081232216605123,12,1,0.8302213796359277,0.8570176605379262,-0.02679628090199848,-3.2276067033770324,88.12508254799653,79.67262010787141,-8.452462440125117,79.71736431694971,0.0,100.0,0.1777211064244526,0.15801616975865662,-0.01970493666579598,0.0,100.0,12,2.658483889613312,1.3741686485591529
DQN,303,85,5.224388446991731,12,1,0.8663253680385136,0.9059898189791603,-0.039664450940646745,-4.578470445861792,92.53804447377445,35.128141561139884,-57.409902912634564,79.53809599059704,0.0,100.0,0.14864096454263212,0.1161801100070358,-0.032460854535596315,0.0,91.66666666666666,12,2.742347859093718,1.2854035772003458
DQN,303,86,5.548277995887363,12,1,0.8539960479381709,0.8463536688753983,0.007642379062772542,0.8948963032350997,76.24146314949998,91.24339161993214,15.001928470432162,88.03614870512713,0.0,100.0,0.1285344469852664,0.12703269945214885,-0.0015017475331175478,0.0,100.0,12,2.4392207246384747,1.239118156605088
DQN,303,87,5.2701122348230625,12,1,0.8190246864269504,0.8583234748435089,-0.03929878841655854,-4.798242234675748,82.9428388029851,85.67815886829182,2.7353200653067233,85.7526491360763,0.0,100.0,0.17687255301231988,0.11963467452272934,-0.05723787848959054,0.0,100.0,12,2.800563588419303,1.2901847010218357
DQN,303,88,5.098832229300959,12,1,0.8226686400862635,0.8592099961491696,-0.036541356062906094,-4.441807342877983,91.74679320725593,66.7612302850561,-24.985562922199833,79.60344790043227,0.0,100.0,0.15535964624225695,0.1654526617559595,0.010093015513702536,0.0,100.0,12,2.7305493160998755,1.3175385940509319
DQN,303,89,5.406058327612774,12,1,0.8437303301966821,0.8574311674222492,-0.013700837225567142,-1.6238407859977415,70.31516069992254,85.70335989768863,15.388199197766085,85.5707141580943,0.0,100.0,0.12453174665528365,0.17867956856212625,0.0541478219068426,0.0,100.0,12,2.5250433800648087,1.1971749896820918
DQN,303,90,5.475125541344754,12,1,0.8542450333779458,0.9017885181209971,-0.04754348474305137,-5.5655558868220645,68.93893257034402,93.38788449795112,24.448951927607098,84.59854396952659,0.0,100.0,0.12510396581354702,0.1274598663517087,0.002355900538161676,0.0,100.0,12,2.4301279996342084,1.221861583757769
DQN,303,91,5.417912020193128,12,1,0.873915514712414,0.8699206046495489,0.00399491006286512,0.4571277195118518,86.79231422916459,93.74831969236837,6.95600546320378,80.56215519262365,0.0,100.0,0.16137965254476547,0.11792251129031801,-0.043457141254447454,0.0,83.33333333333334,12,2.6223454608844254,1.3435373833745001
DQN,303,92,5.434892533933945,12,1,0.8490913942946916,0.8115763207028346,0.03751507359185702,4.418260960355084,79.53497564443353,87.90380336437035,8.368827719936817,84.74833366538435,0.0,100.0,0.1383703148361405,0.17046831577444252,0.03209800093830201,0.0,100.0,12,2.7701750075590503,1.2400625990047076
DQN,303,93,5.342453360620482,12,1,0.8614158636856899,0.8610172249009382,0.00039863878475165926,0.046277158519698804,94.91090182498237,49.96566446685927,-44.9452373581231,80.41504364721756,0.0,100.0,0.15056465567133817,0.14515819365111096,-0.0054064620202272096,0.0,91.66666666666666,12,2.6849582672481263,1.3842930542163943
DQN,303,94,5.138805526776135,12,1,0.8229840610392303,0.8275041642833154,-0.0045201032440851385,-0.549233388357162,92.54215504674758,68.3482722395033,-24.19388280724428,84.96696814617465,0.0,100.0,0.17201301107106404,0.14174427018436997,-0.030268740886694068,0.0,100.0,12,2.7723119343344726,1.3948040825925574
DQN,303,95,5.51892205519796,12,1,0.8802409578451718,0.8026104962114304,0.07763046163374132,8.819228523946505,82.41592266191486,79.53745528138975,-2.878467380525109,83.93936181666503,0.0,100.0,0.13644460575443834,0.18615616431497042,0.04971155856053208,0.0,100.0,12,2.4067550534714424,1.255321565428382
DQN,303,96,5.354669273711645,12,1,0.7913191590681159,0.8504558754298367,-0.0591367163617208,-7.473181419158635,88.01486571919311,68.41864755696562,-19.596218162227487,83.6812380592775,0.0,100.0,0.16860639051321794,0.1715136997747309,0.0029073092615129748,0.0,100.0,12,2.577659695485614,1.3009237144852936
DQN,303,97,5.3543312898287665,12,1,0.9069228195851144,0.8646765399524426,0.0422462796326718,4.6582000938071,74.2023915356112,73.32862763644607,-0.8737638991651266,78.6028580646601,0.0,100.0,0.06357566504570236,0.1489838105064445,0.08540814546074213,0.0,100.0,12,2.329572695157307,1.1130031819161648
DQN,303,98,5.219450226747324,12,1,0.87196251059887,0.8547171193325168,0.01724539126635316,1.977767513709839,69.89959949121382,70.88671280534179,0.9871133141279671,81.2005921883365,0.0,100.0,0.11212725857976144,0.10357898300207138,-0.008548275577690057,0.0,91.66666666666666,12,2.334457128262225,1.211862843454687
DQN,303,99,5.477344101319151,12,1,0.9146799699889183,0.863325620547567,0.05135434944135131,5.614460918169389,83.78184153004456,100.0,16.21815846995544,84.16491711795642,0.0,100.0,0.11695624721608154,0.1712298092384841,0.05427356202240256,0.0,100.0,12,2.503206917099162,1.1913935237408784
DQN,303,100,5.6255272613925085,12,1,0.8754905264412427,0.8277186807057129,0.04777184573552984,5.456580544590961,86.78945107959909,100.0,13.21054892040091,92.39189957188317,0.0,100.0,0.15224186969683226,0.1579830485160269,0.005741178819194642,0.0,100.0,12,2.7165886622212767,1.318056839567726
DQN,303,101,5.459128911021228,12,1,0.8826330214769484,0.8499277311363318,0.032705290340616644,3.7054233803636136,84.60982467971021,72.67815363526233,-11.931671044447882,82.90167988782349,0.0,100.0,0.13035957548621713,0.14002344631583596,0.009663870829618837,0.0,100.0,12,2.7874809852653986,1.3357659100859294
DQN,303,102,5.025489544498044,12,1,0.9401879134173802,0.840181036380991,0.10000687703638922,10.636903071098395,64.64407511426103,27.42643452706114,-37.21764058719989,76.39241886505708,0.0,100.0,0.09937006903045395,0.15214722635649283,0.05277715732603888,0.0,91.66666666666666,12,2.6274534186813328,1.2754378241660596
DQN,303,103,5.407372719091475,12,1,0.8744496008039949,0.8052770374019623,0.0691725634020326,7.910411685068332,88.79820456641954,94.89328344268152,6.095078876261979,84.49900784805418,0.0,100.0,0.17004787711579425,0.17872441067550732,0.008676533559713068,0.0,100.0,12,2.5807984133686466,1.4041628839343985
DQN,303,104,5.619570758673897,12,1,0.7898863907371836,0.7967751454072883,-0.006888754670104746,-0.8721196808664627,78.81134959010343,99.41816514514412,20.606815555040683,89.68401366609355,0.0,100.0,0.17714927465206387,0.1643749768066035,-0.012774297845460358,0.0,100.0,12,2.5728316191695435,1.2964158348657102
DQN,303,105,5.1632023643816325,12,1,0.8368276686978142,0.821165429586836,0.015662239110978193,1.8716206092169694,100.0,64.91096407805978,-35.08903592194022,85.72775440060177,0.0,100.0,0.16992968175793494,0.1736152006001809,0.003685518842245966,0.0,100.0,12,2.739236567796041,1.3904535363858577
DQN,303,106,5.236095723788827,12,1,0.7855808041994147,0.8910886228844161,-0.10550781868500148,-13.430549489116462,94.66496465606973,89.22871889724257,-5.436245758827155,84.33805015251552,0.0,100.0,0.1907267893351481,0.15364228490717735,-0.03708450442797076,0.0,91.66666666666666,12,2.8378456367512377,1.346721622560944
DQN,303,107,4.942818502943638,12,1,0.8093467351352622,0.8620152182225056,-0.05266848308724337,-6.507530184629847,88.29282275956581,12.982728080131528,-75.31009467943429,76.93670483664803,0.0,100.0,0.1958859028317604,0.1418512828055742,-0.0540346200261862,0.0,83.33333333333334,12,2.5903394749147086,1.3760422656955444
DQN,303,108,5.4227945696072,12,1,0.8554579689950053,0.8073068313314133,0.048151137663591914,5.628697073236692,66.44445809202509,89.77672833635785,23.33227024433276,86.5372400487389,0.0,100.0,0.16617577435826994,0.17518006049554496,0.009004286137275025,0.0,100.0,12,2.614446029083335,1.3285885298235474
DQN,303,109,5.123920137334056,12,1,0.8008799193687361,0.8594817307329181,-0.058601811364181966,-7.317178261926291,54.865845936168576,65.56368341031657,10.697837474147995,81.13780356093204,0.0,100.0,0.20237252172658765,0.1563748916498883,-0.04599763007669935,0.0,91.66666666666666,12,2.6871390675170286,1.3546256183689978
DQN,303,110,5.13483647462746,12,1,0.8481258936805152,0.9198767653594067,-0.07175087167889149,-8.459931740501688,77.4474602703606,60.1490397542606,-17.298420516099995,81.44776220609637,0.0,100.0,0.15777689533596978,0.10619795994829657,-0.051578935387673205,0.0,100.0,12,2.633473580109717,1.3215988061530899
DQN,303,111,5.575056564276959,12,1,0.8672574250127392,0.9087478081852047,-0.04149038317246556,-4.784090856513117,74.51483703172993,85.00869384726415,10.49385681553423,86.42540866077262,0.0,100.0,0.08793087404140074,0.11416136137853927,0.026230487337138536,0.0,100.0,12,2.5680099417039073,1.067286891829145
DQN,303,112,5.4755422300683785,12,1,0.8420681619038092,0.808873493612549,0.033194668291260165,3.9420405369811435,70.84761077905958,100.0,29.15238922094042,84.62936583293425,0.0,100.0,0.15394479668218564,0.19191566020062156,0.03797086351843593,0.0,100.0,12,2.5130904401145444,1.248957780191758
DQN,303,113,5.172200317117122,12,1,0.9049331638868979,0.7903397144863784,0.11459344940051952,12.66319480527314,68.10799845173663,23.07013173000223,-45.0378667217344,82.34268528976635,0.0,100.0,0.145999654649903,0.17692143678283948,0.030921782132936476,0.0,91.66666666666666,12,2.6251812483835777,1.3375332605179118
DQN,303,114,5.347760841876923,12,1,0.830889346281751,0.8874175176513297,-0.05652817136957866,-6.803333274465912,96.12237847706436,81.9541623239588,-14.168216153105561,84.71629987058425,0.0,100.0,0.1706868024863958,0.1380709293220247,-0.03261587316437112,0.0,100.0,12,2.7163274855388644,1.337955194744168
DQN,303,115,5.4221199950065335,12,1,0.7489354838728615,0.8187572770703418,-0.06982179319748039,-9.322804794402458,57.708460493389424,56.51756668043827,-1.1908938129511526,82.96656113580985,0.0,100.0,0.16846012056171222,0.18724419563423197,0.01878407507251975,0.0,83.33333333333334,12,2.6422903075130075,1.237225553760694
DQN,303,116,5.410258838194679,12,1,0.8851563732066481,0.8901695407263199,-0.005013167519671846,-0.5663595350401973,79.40806189879405,80.24142663243954,0.8333647336454959,82.6852505969393,0.0,100.0,0.15074113551260515,0.12576152528686232,-0.024979610225742827,0.0,91.66666666666666,12,2.6282713762774867,1.3519192312203483
DQN,303,117,5.316045112784016,12,1,0.8335121065816014,0.9016339997628258,-0.06812189318122441,-8.172873872295128,64.74788996307394,73.67102773196252,8.92313776888858,82.65122931558287,0.0,100.0,0.1403650206370705,0.13595809018219107,-0.004406930454879415,0.0,100.0,12,2.6400695850878084,1.2534249578941101
DQN,303,118,5.491814053086368,12,1,0.9168446322829682,0.8815648629346994,0.03527976934826882,3.8479550521467556,75.98979992115356,78.99790869971513,3.0081087785615637,85.04428621208136,0.0,100.0,0.09082241492499003,0.10894991604168275,0.018127501116692715,0.0,100.0,12,2.508029116302032,1.2065946098132914
DQN,303,119,5.139455872137859,12,1,0.8969552661493863,0.8406286248190306,0.0563266413303557,6.279760368893871,58.65501609030763,52.90147272794523,-5.7535433623624,80.40777984806226,0.0,100.0,0.12175081051203793,0.13267382191022437,0.010923011398186439,0.0,83.33333333333334,12,2.32400407428626,1.2359846674444805
DQN,303,120,5.460906781494,12,1,0.9041336533387284,0.8269561411473525,0.07717751219137592,8.53607338985554,81.78202362660356,96.33874165760632,14.55671803100276,83.2286352560902,0.0,100.0,0.14367002248346392,0.17441174956036082,0.030741727076896902,0.0,100.0,12,2.716096156447618,1.381897173254974
DQN,303,121,5.286935612174896,12,1,0.8220942392132077,0.7989561471065577,0.023138092106649966,2.8145303789982123,92.73923548899471,86.75283443408077,-5.986401054913941,83.10795976037518,0.0,100.0,0.1729761535235494,0.17463760148216473,0.0016614479586153363,0.0,100.0,12,2.530373906813019,1.3530863153982062
DQN,303,122,5.379190905774472,12,1,0.8727967464984656,0.9013389695518151,-0.028542223053349525,-3.2702027325212657,70.70988455637637,84.22923364900824,13.51934909263187,82.68469447582507,0.0,100.0,0.1385835093362008,0.1232344956475426,-0.015349013688658208,0.0,100.0,12,2.8280056188052494,1.2435126523093127
DQN,303,123,5.40666494901448,12,1,0.8955141958199914,0.8968108447120043,-0.0012966488920129748,-0.14479378418179942,78.74814983514577,86.77109719623144,8.02294736108567,79.6348150333521,0.0,100.0,0.10284742347773074,0.12272822603326326,0.019880802555532526,0.0,100.0,12,2.5511785972629046,1.3288838127404619
DQN,303,124,5.0496469591972595,12,1,0.8577036133454008,0.8847392216617834,-0.02703560831638263,-3.152092155812719,95.2540918311648,68.58309477769808,-26.67099705346672,80.08905256466393,0.0,100.0,0.10979949225228694,0.12878398404708555,0.018984491794798608,0.0,91.66666666666666,12,2.3873826735470485,1.2435150711700753
DQN,303,125,5.282562941068867,12,1,0.8284288801570042,0.8033804749836042,0.025048405173400012,3.0236035673518318,76.68826210813114,81.25900151954242,4.570739411411282,86.20397639243971,0.0,100.0,0.17428962273243853,0.1675381132608315,-0.00675150947160702,0.0,100.0,12,2.498395202010097,1.3544428647761149
DQN,303,126,5.165071255688147,12,1,0.8373428033412169,0.8378538307730015,-0.0005110274317845498,-0.061029655924122905,45.05844068599954,74.31038264037178,29.251941954372242,81.75483195001144,0.0,100.0,0.16086676281602305,0.13186952315004852,-0.028997239665974534,0.0,83.33333333333334,12,2.536505682894519,1.202634915554472
DQN,303,127,5.427087976120715,12,1,0.8749060601371916,0.817143871268651,0.057762188868540676,6.602101814163127,91.72113008713117,92.33223643644037,0.6111063493091962,83.36796139105671,0.0,100.0,0.1815233631443962,0.20120730456503208,0.01968394142063587,0.0,100.0,12,2.745331211802549,1.4221626782610624
DQN,303,128,5.2798388587285245,12,1,0.8782767741917776,0.863773864949518,0.01450290924225961,1.6512914457524754,86.14233791378187,93.71560506374198,7.5732671499601025,85.61357839797807,0.0,100.0,0.15529269773178334,0.1448512155278229,-0.010441482203960434,0.0,91.66666666666666,12,2.7056128002497846,1.3836559617961879
DQN,303,129,5.065956005951082,12,1,0.8290957250413973,0.9021294098734451,-0.07303368483204786,-8.808836256923318,86.03590789683359,100.0,13.964092103166408,80.9917358516887,0.0,100.0,0.20075600857502093,0.11889033592741116,-0.08186567264760977,0.0,83.33333333333334,12,2.951129802397966,1.4042562318559693
DQN,303,130,5.36048908487003,12,1,0.9128040377810898,0.9188851204351318,-0.006081082654042058,-0.6661980449631221,69.66432309357945,84.09539597408362,14.43107288050416,84.03880765088986,0.0,100.0,0.10024487589885243,0.11047061984442226,0.010225743945569826,0.0,100.0,12,2.374335350792203,1.1845566084402257
DQN,303,131,5.243004857117131,12,1,0.8477870067776019,0.8954934395780658,-0.04770643280046394,-5.62717196879365,79.11613655998673,61.83718205909554,-17.27895450089119,80.17145012155503,0.0,100.0,0.16835097201570084,0.10286193232988032,-0.06548903968582052,0.0,91.66666666666666,12,2.586554252608707,1.359965760364402
DQN,303,132,5.036251010537356,12,1,0.7863703838966019,0.8481882837132207,-0.06181789981661889,-7.861168360677631,100.0,83.62794207325493,-16.37205792674507,79.28266951261111,0.0,100.0,0.1645248823555177,0.17352159021195213,0.008996707856434416,0.0,91.66666666666666,12,2.6340976998653485,1.3138684199046005
DQN,303,133,5.405151863316972,12,1,0.8764228248887866,0.8428263715546119,0.033596453334174714,3.833361293213458,99.14365042376306,97.03692893793747,-2.106721485825588,88.82454973395231,0.0,100.0,0.16763852552397443,0.163236771820925,-0.0044017537030494325,0.0,100.0,12,2.6166533805196432,1.4192701629889484
DQN,303,134,5.238926010691083,12,1,0.7871082045262426,0.8737174725343309,-0.08660926800808821,-11.003476715150999,64.86599877178026,94.60955451871452,29.743555746934263,82.77999251990826,0.0,100.0,0.18161891721241671,0.14762190832779606,-0.03399700888462065,0.0,91.66666666666666,12,2.5667848887443383,1.3190337673221448
DQN,303,135,5.663808174818449,12,1,0.8979404867532171,0.7966408119956665,0.10129967475755064,11.28133503856487,100.0,93.86360466884884,-6.136395331151164,90.58497187895547,0.0,100.0,0.12004179551876776,0.17146628349329074,0.05142448797452298,0.0,100.0,12,2.5271291883167275,1.1979570392073888
DQN,303,136,5.343471987412394,12,1,0.8652248279778261,0.8767924040966083,-0.01156757611878223,-1.3369445425898807,79.35353137714806,62.1457887108372,-17.207742666310857,83.60688553613167,0.0,100.0,0.12280627740810116,0.15156048337894487,0.028754205970843716,0.0,100.0,12,2.778801697059002,1.3020197613393538
DQN,303,137,5.4266147039367105,12,1,0.8480020395501228,0.7747833309240306,0.07321870862609214,8.634260911086454,62.47926261876241,93.97735031598899,31.498087697226573,84.83482339333534,0.0,100.0,0.13711773988660622,0.21815812526619904,0.08104038537959282,0.0,100.0,12,2.6060715349121883,1.2430523824999666
DQN,303,138,4.874091679622261,12,1,0.8865163666652149,0.9097338936704682,-0.023217527005253258,-2.6189620269042537,90.9262361968792,77.64347085731043,-13.282765339568769,75.68239436927526,0.0,100.0,0.15750506051878554,0.11991640904600537,-0.03758865147278018,0.0,83.33333333333334,12,2.5825823699886343,1.36569286098635
DQN,303,139,5.18349799119278,12,1,0.8292002372960401,0.8008892012137109,0.02831103608232921,3.4142580777170757,81.23621576165336,81.18575573903304,-0.050460022620313794,81.69902783617265,0.0,100.0,0.19152652865359465,0.16214852442819422,-0.029378004225400434,0.0,100.0,12,2.589672435424893,1.3844458092849081
DQN,303,140,5.573103607812934,12,1,0.9312487757194496,0.8041570889009458,0.1270916868185038,13.647447398823939,70.37211382785125,73.78458064218093,3.412466814329676,85.10928375119754,0.0,100.0,0.11525442193284685,0.17539709406496712,0.06014267213212027,0.0,100.0,12,2.639346862831965,1.2364758532652032
DQN,303,141,4.835401158474919,12,1,0.8758249893640446,0.8418723742061616,0.03395261515788306,3.876643801010609,100.0,0.0,-100.0,73.97119501394106,0.0,100.0,0.10877363529078334,0.11266349067646836,0.003889855385685023,0.0,91.66666666666666,12,2.580142766725939,1.3096453820142413
DQN,303,142,5.38728544627121,12,1,0.7707667774163057,0.8887955460695901,-0.11802876865328438,-15.313162439217953,84.8045118286779,96.91850088706354,12.113989058385641,83.8567086048821,0.0,100.0,0.17935814473944475,0.128157971296981,-0.05120017344246375,0.0,100.0,12,2.6411097777318897,1.3486008004624264
DQN,303,143,5.2683671858166115,12,1,0.8975913725667766,0.8995325218018856,-0.0019411492351090187,-0.216262020161586,65.2786636489664,93.55838047115425,28.27971682218785,81.89377596007073,0.0,100.0,0.15101135842795937,0.13207558935091188,-0.0189357690770475,0.0,100.0,12,2.6305015278849884,1.2077376487373037
DQN,303,144,5.092211574047245,12,1,0.7937169249840543,0.8843156411544216,-0.0905987161703673,-11.41448711984911,62.19108577535353,87.52138866056347,25.330302885209946,79.03706163653126,0.0,100.0,0.1637700835173782,0.1032946911382439,-0.06047539237913431,0.0,91.66666666666666,12,2.6252425874572336,1.352883042534388
DQN,303,145,5.650676119449689,12,1,0.8851540106978636,0.8856660550460816,-0.0005120443482180548,-0.05784805152883556,79.48574056808685,100.0,20.514259431913146,92.10538480070424,0.0,100.0,0.1563814991488421,0.12474066782308516,-0.03164083132575696,0.0,100.0,12,2.5291507114055887,1.3507472775947256
DQN,303,146,5.343300869278611,12,1,0.8286836622276439,0.8214842999339196,0.00719936229372431,0.8687708738424007,97.93375594062744,68.27472369918344,-29.659032241443995,85.54237679860161,0.0,100.0,0.14598697176239162,0.14975249065397048,0.0037655188915788618,0.0,100.0,12,2.772259325465077,1.2845103256591905
DQN,303,147,5.455776108514598,12,1,0.8628844978623634,0.890576725498953,-0.027692227636589517,-3.2092623873985318,100.0,77.40413066796773,-22.595869332032265,84.98775381056491,0.0,100.0,0.14042918411545388,0.11862623074668585,-0.02180295336876803,0.0,100.0,12,2.4960137807052107,1.277452542906428
DQN,303,148,5.618299279809459,12,1,0.8919118359166307,0.812016410935349,0.07989542498128166,8.957771582790128,61.645193640523566,72.90374295546144,11.258549314937873,86.98795588909894,0.0,100.0,0.12157983380289876,0.1846959809468269,0.06311614714392814,0.0,100.0,12,2.6276009613455207,1.2106413425890994
DQN,303,149,4.591374144461426,12,1,0.7775209313810916,0.8651073229773342,-0.0875863915962426,-11.264827487108935,90.47857640776955,86.96073236980541,-3.5178440379641387,76.83888203167429,0.0,100.0,0.20963364199477103,0.12475952987299757,-0.08487411212177345,0.0,83.33333333333334,12,2.693644551384761,1.3957519538967362
DQN,303,150,5.247657292442906,12,1,0.8165008382324046,0.8882065938804278,-0.07170575564802317,-8.782079857168892,100.0,93.77361683284715,-6.2263831671528465,83.73680847597602,0.0,100.0,0.1798106223974199,0.1047986707388979,-0.07501195165852201,0.0,91.66666666666666,12,2.7449411025596486,1.3851889746509025
DQN,303,151,5.156936131959373,12,1,0.8502220609236728,0.8122820238407404,0.037940037082932365,4.462367989100952,88.69921575109448,72.22480733785248,-16.474408413242003,80.4484654477303,0.0,100.0,0.18256522353552918,0.19925881328212325,0.016693589746594073,0.0,91.66666666666666,12,2.7498937508689547,1.3759750168998017
DQN,303,152,5.096524704528158,12,1,0.85469302618287,0.8019920296817858,0.052700996501084174,6.16607306794712,92.63389495573702,78.82425053976337,-13.80964441597365,79.13309557495403,0.0,100.0,0.14080420130997084,0.19671049463013648,0.05590629332016564,0.0,83.33333333333334,12,2.496621272499851,1.3119672078461602
DQN,303,153,5.333601875574884,12,1,0.8899374950044848,0.8685691498277247,0.021368345176760117,2.4011062908021907,93.80602935532403,99.99663128843783,6.190601933113797,81.5946967451416,0.0,100.0,0.13903704031824984,0.13679938560744004,-0.0022376547108098055,0.0,83.33333333333334,12,2.59563158659653,1.2709955472462462
DQN,303,154,5.404616484948743,12,1,0.9033956007866119,0.8140202938238913,0.08937530696272056,9.893263470056638,92.62864471978743,81.20454970515598,-11.424095014631447,84.12237935197716,0.0,100.0,0.1261510169062094,0.15744570984863723,0.03129469294242784,0.0,100.0,12,2.80070500636848,1.280682254632171
DQN,303,155,5.02690572301753,12,1,0.8511493018607178,0.8306854100829228,0.02046389177779495,2.4042658242282933,84.53707267008713,86.91518913212504,2.3781164620379087,76.06695640884178,0.0,100.0,0.1440652239564964,0.1475060772234613,0.0034408532669648884,0.0,91.66666666666666,12,2.5722550240623314,1.3385527534520147
DQN,303,156,5.064648672743743,12,1,0.8432652076476848,0.8258387308655586,0.017426476782126166,2.0665475848028736,77.86269457902853,48.96471949490882,-28.897975084119707,73.50049303782362,0.0,100.0,0.16148655286086996,0.14715514311629166,-0.014331409744578305,0.0,83.33333333333334,12,2.3824572123056025,1.368971043662
DQN,303,157,5.672739434799073,12,1,0.8319264650700522,0.860164742721597,-0.028238277651544852,-3.394323757829612,84.41808143569567,95.1184098648992,10.700328429203537,88.49337235848395,0.0,100.0,0.1509017363524723,0.15737025093487525,0.00646851458240294,0.0,100.0,12,2.4928042232350385,1.2179435304062096
DQN,303,158,5.4541615868436555,12,1,0.8342627704569722,0.812458009325535,0.021804761131437145,2.6136562607838134,83.3273966342841,73.12876883011364,-10.198627804170457,85.3640084625702,0.0,100.0,0.15847592689293644,0.16602976336567765,0.0075538364727412155,0.0,100.0,12,2.4238978226540113,1.3007429840849236
DQN,303,159,5.17411404856142,12,1,0.9026315881533874,0.836309030219948,0.06632255793343944,7.347688559085638,64.98346041267165,74.72575357740389,9.742293164732246,84.38957736798244,0.0,100.0,0.13424882131308252,0.1491678022887497,0.014918980975667184,0.0,100.0,12,2.530013048556552,1.2755364864852963
DQN,303,160,5.365433417041125,12,1,0.8728602524882246,0.7834037894719819,0.08945646301624277,10.2486581054909,83.52354086496308,55.89882365862581,-27.624717206337273,85.88961769567508,0.0,100.0,0.1553676274266465,0.19475316848637123,0.03938554105972472,0.0,91.66666666666666,12,2.6296928757034093,1.3267310155635201
DQN,303,161,5.490657759528781,12,1,0.8453556674206604,0.856283207464465,-0.010927540043804584,-1.2926559157220263,97.27090975885623,96.61844681192157,-0.6524629469346621,84.58921304706406,0.0,100.0,0.15765740019824892,0.11412395775636745,-0.04353344244188147,0.0,91.66666666666666,12,2.555980347029221,1.2873688991819594
DQN,303,162,5.17022110412941,12,1,0.7952105418922273,0.8231375580946002,-0.027927016202372923,-3.5119021606428595,97.02081213732838,97.7302753052916,0.7094631679632215,84.74053331645453,0.0,100.0,0.1945427712746821,0.14397025364486968,-0.050572517629812436,0.0,100.0,12,2.7447994535482816,1.3322392729559565
DQN,303,163,5.5324691504078904,12,1,0.8906037365263135,0.8752294449958693,0.015374291530444228,1.7262774565049204,86.61689657593608,81.29073444486241,-5.326162131073673,86.60086027271761,0.0,100.0,0.15777617056861712,0.13131689213246836,-0.02645927843614876,0.0,100.0,12,2.605155226488914,1.341726778474857
DQN,303,164,5.1824229422654104,12,1,0.8506102110720999,0.8134434314895718,0.03716677958252812,4.369425513442111,94.8715149941975,78.58060526255923,-16.290909731638266,83.6457737709341,0.0,100.0,0.1537832421175589,0.18851819865854347,0.034734956540984574,0.0,100.0,12,2.73730997653508,1.3757738386113347
DQN,303,165,5.38210030791198,12,1,0.8565079882935278,0.8540560790348979,0.002451909258629925,0.28626811333248753,88.12727871972513,67.71794316064383,-20.4093355590813,85.94549519879507,0.0,100.0,0.14408217844239476,0.17367820125424,0.02959602281184523,0.0,100.0,12,2.8040350802641103,1.2593805243005818
DQN,303,166,5.080486968699897,12,1,0.826246171758515,0.8450876831232623,-0.01884151136474732,-2.280375027293208,84.39556349045121,69.32872416414426,-15.066839326306948,80.42482199374966,0.0,100.0,0.18112096609888637,0.1284581320375769,-0.05266283406130948,0.0,100.0,12,2.739839740224219,1.3560670526212721
DQN,303,167,5.476612500975029,12,1,0.8835908561386361,0.8370251261910042,0.04656572994763186,5.270055662541359,66.90722625206439,71.52017053060862,4.612944278544234,82.957432298469,0.0,100.0,0.1294546378802598,0.16896600890413718,0.03951137102387739,0.0,91.66666666666666,12,2.493015969122377,1.1857548919717866
DQN,303,168,4.802451829449176,12,1,0.7654325989492309,0.8649946625812731,-0.09956206363204223,-13.007293361782454,100.0,82.67215795142646,-17.327842048573544,82.70224211960372,0.0,100.0,0.2046577052257703,0.14279631502846574,-0.06186139019730455,0.0,91.66666666666666,12,2.6955643902761133,1.3189647865384888
DQN,303,169,5.579128044467071,12,1,0.8679376290356512,0.919809837548671,-0.05187220851301977,-5.976490334985704,79.54016486492696,87.99428649773513,8.454121632808167,87.61294192819555,0.0,100.0,0.1466406381530521,0.11447564332299683,-0.03216499483005526,0.0,100.0,12,2.6337210790918806,1.2838973565772402
DQN,303,170,5.172487713872472,12,1,0.8531068026283061,0.8680054049164194,-0.01489860228811335,-1.7463935631755345,61.885461774480355,36.97382007988813,-24.911641694592227,77.73364768123021,0.0,100.0,0.14080662425036225,0.13807006642744538,-0.002736557822916874,0.0,83.33333333333334,12,2.560943018443825,1.2359931699597768
DQN,303,171,4.966012125290782,12,1,0.8175162923272363,0.9309905524679541,-0.11347426014071782,-13.880366814181633,77.66318321114376,44.02391106418369,-33.63927214696007,79.63047438797514,0.0,100.0,0.14874210097313448,0.10056600028503562,-0.048176100688098855,0.0,91.66666666666666,12,2.7166419304574276,1.3666767292709823
DQN,303,172,5.321534388912402,12,1,0.8144864508508569,0.8333700066258348,-0.01888355577497791,-2.318461621461121,92.2239982487772,83.9592753409838,-8.264722907793413,82.82914561061285,0.0,100.0,0.19290381580316088,0.15765547312141906,-0.03524834268174182,0.0,91.66666666666666,12,2.7400866351970268,1.3709832461794462
DQN,303,173,5.275831804200349,12,1,0.8773528515605186,0.880248030350573,-0.002895178790054409,-0.3299902410877049,81.16876302595479,43.17856277653168,-37.99020024942311,81.94339728644351,0.0,100.0,0.13887710829893135,0.14257337025649228,0.0036962619575609257,0.0,91.66666666666666,12,2.4202278827938843,1.312734149322721
DQN,303,174,5.075746110585682,12,1,0.8050086806124103,0.8371924477152886,-0.03218376710287829,-3.9979403797726123,100.0,97.85135210516746,-2.1486478948325356,80.28778744421201,0.0,100.0,0.20833796578570296,0.1356279674315738,-0.07270999835412917,0.0,83.33333333333334,12,2.842690303378434,1.419186023843773
DQN,303,175,5.343195257146293,12,1,0.8727698553138298,0.8233385097810284,0.049431345532801374,5.663731994390078,61.568814480820144,72.59515189347174,11.026337412651593,81.26262057008144,0.0,100.0,0.15398800967201892,0.19006719649792989,0.036079186825910964,0.0,91.66666666666666,12,2.6047395124400547,1.329723254027388
DQN,303,176,5.437735177676619,12,1,0.9481515228849166,0.9448724127012994,0.003279110183617151,0.34584242122397124,59.557520138917,82.31081419508557,22.75329405616857,79.41688181375513,0.0,100.0,0.12299333013497504,0.12430960660462745,0.0013162764696524054,0.0,91.66666666666666,12,2.544745692265165,1.3103813921164407
DQN,303,177,5.132692647791468,12,1,0.887076836498163,0.8031994504641322,0.08387738603403083,9.455481485137902,82.24605747737345,35.17253003846335,-47.073527438910105,78.38939206462932,0.0,100.0,0.14684712289251928,0.15586345744214278,0.0090163345496235,0.0,83.33333333333334,12,2.702632409077557,1.3029440105342747
DQN,303,178,5.56288579548772,12,1,0.8367904177364108,0.8849285173625265,-0.048138099626115705,-5.752706843409292,77.8574291856551,82.34255269269232,4.4851235070372155,85.49731593228796,0.0,100.0,0.19135838466871782,0.1554500131730353,-0.03590837149568252,0.0,100.0,12,2.6873684135222153,1.3519139139043446
DQN,303,179,5.008750788832113,12,1,0.8734373699390229,0.9155237132469944,-0.04208634330797156,-4.818472938810682,82.7310961235942,29.525486768823615,-53.20560935477059,80.20622145808922,0.0,100.0,0.1445630071616644,0.06934918470574919,-0.07521382245591521,0.0,91.66666666666666,12,2.582358838849443,1.3939489901027013
DQN,303,180,5.335096599038242,12,1,0.8031577527592149,0.8544363035610083,-0.05127855080179344,-6.384617545635105,100.0,81.00520695247954,-18.99479304752046,84.74599350560572,0.0,100.0,0.15823019256077867,0.14981040870916384,-0.00841978385161482,0.0,100.0,12,2.4856844784790355,1.2879540160553173
DQN,303,181,5.563587552199717,12,1,0.8567214189186672,0.9004675443831376,-0.04374612546447043,-5.1062252557763435,92.40606435264081,89.17799226957742,-3.2280720830633953,86.54103909336975,0.0,100.0,0.162519544782879,0.11378557940115083,-0.04873396538172817,0.0,91.66666666666666,12,2.7526015681239056,1.310180285675923
DQN,303,182,5.2121970992469855,12,1,0.7960882232427405,0.8757134720486613,-0.07962524880592081,-10.002063399654356,90.48200245272247,98.14372812693493,7.661725674212462,84.74981732723657,0.0,100.0,0.18572526493987412,0.15524079656445902,-0.030484468375415102,0.0,100.0,12,2.7965505227768452,1.3927013366699939
DQN,303,183,5.379212255109223,12,1,0.8549068576604999,0.8519178856426759,0.0029889720178239987,0.3496254581468075,96.85310661334188,78.0082298255944,-18.84487678774748,83.49831644469707,0.0,100.0,0.12777721325840372,0.15534518789504104,0.02756797463663732,0.0,100.0,12,2.43970356432191,1.2175937405023296
DQN,303,184,5.095262711822199,12,1,0.8052821050037057,0.8684227553628675,-0.06314065035916183,-7.840811309084198,74.1207573999102,100.0,25.879242600089796,82.93309284640154,0.0,100.0,0.17207198158714263,0.12295726488100502,-0.04911471670613761,0.0,91.66666666666666,12,2.6805797977851014,1.3325419567788974
DQN,303,185,5.189270649046301,12,1,0.8308639163321402,0.881466485390159,-0.050602569058018854,-6.090355840870377,92.85562962765671,91.94944867808009,-0.9061809495766227,83.7034120023787,0.0,100.0,0.18089599505796686,0.15214262174209103,-0.028753373315875824,0.0,91.66666666666666,12,2.570030167136666,1.4204189653368557
DQN,303,186,5.110856828090521,12,1,0.9174922799244545,0.9146292357924993,0.0028630441319551503,0.31205103242840265,81.43165809640153,65.3300934537337,-16.10156464266784,78.342333688373,0.0,100.0,0.07137031305093655,0.13361747911402597,0.062247166063089415,0.0,100.0,12,2.3711322816378133,1.2609477377323524
DQN,303,187,5.561958539915172,12,1,0.8072167941535933,0.8881844544675515,-0.08096766031395819,-10.030472718157057,79.26128865478131,80.19846055846777,0.9371719036864619,88.24832834459335,0.0,100.0,0.1559104605399022,0.1310398567925567,-0.02487060374734551,0.0,100.0,12,2.5776349453495686,1.2354195490699031
DQN,303,188,4.950089443107889,12,1,0.8117349409394198,0.8056815889634225,0.006053351975997323,0.7457301233074662,84.54603410468567,99.25219608189735,14.706161977211679,80.15029567386291,0.0,100.0,0.17946781877565965,0.15449214275948883,-0.024975676016170817,0.0,83.33333333333334,12,2.649635035627773,1.3326995528662544
DQN,303,189,5.148182146130859,12,1,0.8613308026363462,0.8330747527827687,0.028256049853577547,3.2805107825114264,88.34204064885834,56.94664802161301,-31.395392627245336,79.03870904936434,0.0,100.0,0.15262427781809842,0.14366613175349072,-0.008958146064607708,0.0,83.33333333333334,12,2.7837349493876626,1.2921505600980743
DQN,303,190,5.416372036715142,12,1,0.8254021545114709,0.8653882864002933,-0.039986131888822385,-4.844442393355381,94.8760379242579,64.65269156475398,-30.22334635950392,85.93138387566762,0.0,100.0,0.1605339961881494,0.14704708777321515,-0.013486908414934246,0.0,100.0,12,2.510319725440216,1.3043821511659541
DQN,303,191,5.262013621697216,12,1,0.8060853054095052,0.7946419776487683,0.011443327760736866,1.4196174628097777,67.5187726928516,22.023630987842655,-45.49514170500895,80.49687174120136,0.0,100.0,0.16938652393538864,0.1738797405080708,0.004493216572682174,0.0,91.66666666666666,12,2.4456135047291814,1.341041183733417
DQN,303,192,5.350803040328017,12,1,0.9080174587929501,0.8845250770069619,0.023492381785988226,2.5872169701689685,88.2815835727742,78.4891345256568,-9.792449047117401,83.9152347638855,0.0,100.0,0.12457743458618793,0.12762618981832977,0.0030487552321418337,0.0,100.0,12,2.7709142959030895,1.3434399521245488
DQN,303,193,5.329793336399807,12,1,0.7767278989307225,0.8395707771299522,-0.06284287819922973,-8.090719837119535,81.46030759917872,79.88317237449616,-1.5771352246825643,88.26402349874395,0.0,100.0,0.17707585210403187,0.11234007114617962,-0.06473578095785225,0.0,100.0,12,2.512942015019774,1.288954270354802
DQN,303,194,5.266214425858006,12,1,0.8080537237843384,0.8645833894598652,-0.05652966567552686,-6.995780603643883,87.26153305929414,82.4558770474233,-4.805656011870838,84.6294219709364,0.0,100.0,0.18836903846581612,0.15716570956998321,-0.03120332889583291,0.0,91.66666666666666,12,2.7366055675452405,1.3257011501112277
DQN,303,195,5.714195356398232,12,1,0.9141099328630913,0.8384801610889132,0.07562977177417807,8.273596977258242,78.42696380258054,98.05450820984306,19.62754440726252,90.59199253859266,0.0,100.0,0.12020882234129188,0.16477814962529244,0.044569327284000565,0.0,100.0,12,2.4733117027773486,1.2379171701182814
DQN,303,196,4.964958477220067,12,1,0.8715632087355749,0.841181208942048,0.03038199979352696,3.4859204116249707,67.18817897246822,26.178657280295752,-41.00952169217247,73.05182600201645,0.0,100.0,0.1261171219324314,0.11285176512195123,-0.013265356810480175,0.0,83.33333333333334,12,2.3767117812131153,1.2586608472185299
DQN,303,197,4.890225172140469,12,1,0.8421085947684295,0.8873142253079127,-0.04520563053948323,-5.368147388629168,97.12371392638211,40.800052385357645,-56.323661541024464,77.87220150865032,0.0,100.0,0.13888993426643825,0.10855305142317748,-0.030336882843260776,0.0,75.0,12,2.608350378733737,1.4084067686090014
DQN,303,198,5.104559445530925,12,1,0.8996189629284975,0.8621054871577701,0.03751347577072739,4.169929416406598,89.6573221385892,85.05570629514241,-4.60161584344678,78.14189360908044,0.0,100.0,0.14141516084896952,0.1318418407560245,-0.009573320092945009,0.0,91.66666666666666,12,2.5772226670811675,1.3788465947349553
DQN,303,199,4.962629503479118,12,1,0.8227933539686749,0.8649757057130956,-0.04218235174442064,-5.126724898901723,77.45110739899182,33.05008547357928,-44.40102192541254,76.95517280353958,0.0,100.0,0.17955330130203861,0.14606607875852642,-0.03348722254351219,0.0,91.66666666666666,12,2.6229855055874363,1.3611998896815594
DQN,303,200,5.331609130824578,12,1,0.8556798325444112,0.8607901767047332,-0.005110344160322078,-0.5972262014316952,96.09987742371816,75.49712475644462,-20.602752667273535,85.30864861849334,0.0,100.0,0.14592607360894586,0.16822003757795634,0.022293963969010483,0.0,100.0,12,2.7113810846675963,1.2345432045613032
DQN,404,1,5.386469622900787,12,1,0.8865790816291501,0.8758820337596024,0.010697047869547727,1.206553153712037,79.58973773807145,84.96098496981182,5.371247231740369,82.98127945521446,0.0,100.0,0.10326355937990231,0.13363760619572704,0.03037404681582473,0.0,100.0,12,2.431008765823145,1.1204911689800894
DQN,404,2,5.577270755811418,12,1,0.8683004316846654,0.8101651200223483,0.05813531166231711,6.6952991776733,60.910475174829855,100.0,39.089524825170145,85.9611114045946,0.0,100.0,0.15158135173305126,0.1957646963727675,0.04418334463971624,0.0,100.0,12,2.731296055637552,1.3040826094251947
DQN,404,3,5.705792751589305,12,1,0.8298079247198951,0.8560897344927761,-0.026281809772881082,-3.1672160496361386,84.10333175291052,97.98028084294113,13.876949090030607,90.47852845975969,0.0,100.0,0.17267075112721203,0.15412847810420194,-0.018542273023010092,0.0,100.0,12,2.7913142184869355,1.2838831370646069
DQN,404,4,5.439867944096535,12,1,0.8538273316284686,0.879449423750834,-0.025622092122365436,-3.0008517147720615,94.72628785164473,100.0,5.273712148355273,80.9868061969596,0.0,100.0,0.12590593888412396,0.1430188068941348,0.01711286801001083,0.0,100.0,12,2.54044431239047,1.3466186872874404
DQN,404,5,5.537714204275242,12,1,0.9108468697702573,0.8027202440301036,0.10812662574015375,11.870999322578394,70.79773318105077,87.91962878393062,17.121895602879846,82.63637769033767,0.0,100.0,0.13544452939143645,0.20440732885725413,0.06896279946581768,0.0,100.0,12,2.453151120301851,1.1912693267476857
DQN,404,6,5.001690454644374,12,1,0.808958517125701,0.8505064229430157,-0.04154790581731471,-5.1359748290849305,82.3357295744277,71.12322468542772,-11.212504888999987,77.44384891998362,0.0,100.0,0.20243104358918135,0.1346723892529741,-0.06775865433620726,0.0,91.66666666666666,12,2.8251290568941094,1.3492147578011688
DQN,404,7,5.3945365341259315,12,1,0.868278486176403,0.7820842609499795,0.0861942252264235,9.927025326401088,85.24377671667119,76.32602572667483,-8.917750989996364,82.56859817864712,0.0,100.0,0.15636668906945303,0.19819914642778136,0.04183245735832833,0.0,100.0,12,2.721779439751419,1.3062740601075797
DQN,404,8,5.481270162478021,12,1,0.900079462606079,0.8643706219908143,0.03570884061526469,3.9672986773716348,84.41228361184127,77.97195778830653,-6.440325823534749,84.40682983372764,0.0,100.0,0.11421308566179272,0.12826018348615875,0.014047097824366028,0.0,100.0,12,2.4896833655598423,1.2939266092925936
DQN,404,9,4.92291420280974,12,1,0.8626311044114704,0.7879741639334361,0.07465694047803428,8.654561619241512,79.793470038279,60.757996156575324,-19.035473881703673,79.76190441444278,0.0,100.0,0.1653759496419556,0.20733781235018775,0.041961862708232156,0.0,100.0,12,2.7412228696840604,1.326337797234987
DQN,404,10,5.522322939981027,12,1,0.8958407534032775,0.8797451210015608,0.016095632401716742,1.796706874583437,85.35583757721287,95.82967159202398,10.473834014811118,87.37757495548054,0.0,100.0,0.10678119591527593,0.12216791461462757,0.01538671869935164,0.0,100.0,12,2.411532600865951,1.1052413338279519
DQN,404,11,4.976185823950512,12,1,0.8283382394877064,0.9081027712844939,-0.07976453179678755,-9.629463906690905,94.07532407790816,8.225332397098544,-85.84999168080962,75.7167327258351,0.0,100.0,0.15764077586451394,0.1334959516495136,-0.024144824215000332,0.0,83.33333333333334,12,2.5919895318181934,1.2998762813832525
DQN,404,12,5.3641641051377675,12,1,0.8299559594483694,0.85335523302246,-0.02339927357409055,-2.8193391839300594,63.027452775226514,75.3167769522493,12.289324177022785,83.82515778251441,0.0,100.0,0.14956494327152386,0.14157361269908458,-0.007991330572439281,0.0,100.0,12,2.5452269633729734,1.2292920926238233
DQN,404,13,5.262113987990767,12,1,0.8456103198801337,0.9009165489047358,-0.05530622902460214,-6.540391918637164,93.39525328718405,67.94226593158159,-25.45298735560246,81.3731247931528,0.0,100.0,0.1302658189205495,0.14974655016066318,0.01948073124011368,0.0,91.66666666666666,12,2.4790158063431376,1.3172773158077082
DQN,404,14,5.354625790874812,12,1,0.8943113011225146,0.8423130135897307,0.051998287532783904,5.814338638851718,84.52675755233791,89.42550947342822,4.898751921090309,82.27570929561587,0.0,100.0,0.12635489408890774,0.1681109588190729,0.04175606473016516,0.0,100.0,12,2.4522730254062086,1.250227115127161
DQN,404,15,5.5790483713324175,12,1,0.8352595155234834,0.8054477523551384,0.029811763168344996,3.5691617532379776,90.87820361870837,63.89680045322853,-26.98140316547984,85.43919615783376,0.0,100.0,0.15444767874943846,0.19422455453439588,0.03977687578495742,0.0,100.0,12,2.617105986466373,1.2942711057371774
DQN,404,16,4.989535856012396,12,1,0.8016523233753645,0.803399154806913,-0.0017468314315485234,-0.21790386937238249,90.90280850645213,90.39731751762459,-0.5054909888275461,77.98284478279561,0.0,100.0,0.1633018699114735,0.19711754373921614,0.03381567382774264,0.0,91.66666666666666,12,2.6049810284514767,1.3678755665370674
DQN,404,17,5.440103862529886,12,1,0.791886963795451,0.8144443597872646,-0.02255739599181361,-2.848562613494458,82.94389186279466,100.0,17.056108137205342,84.99890419898162,0.0,100.0,0.20503213813450097,0.16861036370052515,-0.03642177443397582,0.0,100.0,12,3.012630449054407,1.3782475609583393
DQN,404,18,5.455038596584929,12,1,0.8304491338504608,0.8615378198451588,-0.03108868599469794,-3.7435990631421485,69.48987505774056,94.76025325018814,25.27037819244758,85.0442805120531,0.0,100.0,0.15788864242732834,0.12286713192963318,-0.035021510497695155,0.0,100.0,12,2.693640071403195,1.2939173878054266
DQN,404,19,5.035563413171642,12,1,0.8590006216850525,0.7954339768317091,0.0635666448533434,7.400069714576962,74.68740808365995,78.34933672045908,3.661928636799132,78.54301038933063,0.0,100.0,0.13571949992172394,0.15469594921044486,0.018976449288720915,0.0,100.0,12,2.5696594864677214,1.3007512304838365
DQN,404,20,5.494353794578457,12,1,0.819224031273178,0.7583862324541143,0.060837798819063704,7.42627126361443,76.35727685316644,69.22845527648892,-7.128821576677524,84.57222422109601,0.0,100.0,0.154112231686855,0.1828468595679572,0.028734627881102204,0.0,100.0,12,2.6603000529899723,1.2961687698105344
DQN,404,21,5.419194415936247,12,1,0.7950194115491079,0.8569675480765951,-0.06194813652748721,-7.792028172844267,82.35329393358708,78.44863772828312,-3.904656205303965,86.53232308189708,0.0,100.0,0.18265239497164848,0.14661127076339914,-0.03604112420824934,0.0,100.0,12,2.781596549312018,1.2588859792775193
DQN,404,22,5.437303819173042,12,1,0.8725876447263617,0.8678678469965714,0.004719797729790365,0.5408966948266228,97.6005763507855,75.69519586507971,-21.90538048570579,83.1119342459372,0.0,100.0,0.13880448038068383,0.1341306244962776,-0.0046738558844062195,0.0,91.66666666666666,12,2.4337751673185104,1.2017177914881845
DQN,404,23,5.7155678139402335,12,1,0.786367339414263,0.8690032701646266,-0.08263593075036368,-10.508565985448511,88.07991246454884,92.16217844539283,4.082265980843985,89.54556750016384,0.0,100.0,0.19124989337915915,0.16417993704257772,-0.027069956336581436,0.0,100.0,12,2.9121882740970766,1.3165208368342332
DQN,404,24,5.423845558951357,12,1,0.8741169088111619,0.8099031531343426,0.0642137556768193,7.346128993678075,67.53997758666843,63.76826023052378,-3.7717173561446486,81.74211879940155,0.0,100.0,0.14914522745643094,0.20614325279880227,0.05699802534237133,0.0,91.66666666666666,12,2.7399253085885387,1.3326718187264652
DQN,404,25,5.447704366653095,12,1,0.8582838831786681,0.9143030725212993,-0.05601918934263117,-6.526883521937195,90.12452360704816,71.89897120961221,-18.225552397435948,87.0621504651154,0.0,100.0,0.13478395387576853,0.12119621329240851,-0.013587740583360014,0.0,100.0,12,2.570443443609011,1.2646632804051015
DQN,404,26,5.52089733238374,12,1,0.8414254195090415,0.814459881523726,0.026965537985315535,3.204744872225218,95.80246178762057,100.0,4.197538212379428,88.88513641931341,0.0,100.0,0.14816519058633684,0.15850622209365808,0.010341031507321241,0.0,100.0,12,2.5336433284807014,1.2138868999909105
DQN,404,27,5.397902998489657,12,1,0.8197258977078403,0.8414950605821255,-0.02176916287428521,-2.6556636718636386,79.63296895832795,77.95121458378189,-1.6817543745460597,85.71133920981164,0.0,100.0,0.1789112569212792,0.15362632727051698,-0.025284929650762233,0.0,100.0,12,2.7586845734692713,1.2446053513707074
DQN,404,28,5.273239707581227,12,1,0.8034776291857193,0.8393271630703371,-0.03584953388461776,-4.46179614495917,80.61216212507259,100.0,19.387837874927413,85.98299136981474,0.0,100.0,0.18270301400322275,0.20287522745731534,0.02017221345409259,0.0,100.0,12,2.6450783289339115,1.2519767842280267
DQN,404,29,4.755830888491382,12,1,0.8826255978379907,0.8663466866458458,0.016278911192144863,1.8443733370095299,89.5559077899843,78.29996188036449,-11.255945909619811,68.82279346032283,0.0,100.0,0.07895854623137907,0.15648527712580262,0.07752673089442355,0.0,75.0,12,2.36526255902306,1.2211389218558155
DQN,404,30,5.526393966122438,12,1,0.9183856237142732,0.8104043631416291,0.10798126057264412,11.757725489640187,83.6203433255503,98.2031958740475,14.5828525484972,85.06629027667448,0.0,100.0,0.08606347142323166,0.15363638118918116,0.0675729097659495,0.0,100.0,12,2.1914243593759344,1.1582927865392185
DQN,404,31,5.229014958444953,12,1,0.7995859317813492,0.8261710490148155,-0.02658511723346635,-3.3248605530413684,80.62731400846926,91.21283826604633,10.585524257577077,81.36266899512388,0.0,100.0,0.18546474178240235,0.16546828974746586,-0.019996452034936496,0.0,91.66666666666666,12,2.758495451051994,1.3398394530737356
DQN,404,32,4.970695419289956,12,1,0.8775529024047456,0.791546644292381,0.08600625811236462,9.800692115162848,70.63765627705413,92.74567128734567,22.10801501029154,76.44122529680847,0.0,100.0,0.12441221143291822,0.17741399737487368,0.053001785941955454,0.0,91.66666666666666,12,2.5354556245809365,1.1348798310964707
DQN,404,33,5.371911697737198,12,1,0.8844368388942812,0.8331215347327443,0.051315304161536845,5.80203151936672,61.37201366473304,79.41593624774495,18.043922583011913,80.61921194716645,0.0,100.0,0.13070414111493853,0.1575712887257316,0.026867147610793063,0.0,100.0,12,2.526496128048582,1.2986258577499825
DQN,404,34,5.580141538867604,12,1,0.8962441922145657,0.8972537984848369,-0.001009606270271135,-0.11264857045003085,92.83082220400672,90.70114619498057,-2.1296760090261557,88.51982513221564,0.0,100.0,0.09737062820933062,0.14519315680531752,0.0478225285959869,0.0,100.0,12,2.3676970848059113,1.1045903156845487
DQN,404,35,5.244308171941666,12,1,0.8263818045202939,0.8650387037624203,-0.03865689924212645,-4.677849757905353,79.94164524517072,96.84578111889381,16.904135873723092,79.9705279995903,0.0,100.0,0.16797616782995042,0.1459502131185548,-0.022025954711395623,0.0,100.0,12,2.686126666167358,1.3230749106682962
DQN,404,36,5.729305281999868,12,1,0.8534168127082171,0.881632629613321,-0.028215816905103885,-3.3062176049197265,94.66801933555774,71.55835295176719,-23.109666383790554,89.78616667025024,0.0,100.0,0.14226052837969172,0.15415118020132657,0.011890651821634846,0.0,91.66666666666666,12,2.699425584733801,1.2360404139286436
DQN,404,37,5.548704821723481,12,1,0.8266846278116825,0.7541904438949468,0.07249418391673568,8.76926720031496,97.30414865211152,93.20243741961423,-4.101711232497294,92.35045987217148,0.0,100.0,0.14197305063323512,0.2001192710041109,0.05814622037087577,0.0,100.0,12,2.6420526109929323,1.3238178686577795
DQN,404,38,5.4211104911943115,12,1,0.8145912537322628,0.887238970093593,-0.07264771636133016,-8.9183030174306,98.17636061095345,86.4741779050425,-11.702182705910957,87.9610297039581,0.0,100.0,0.1857953403142686,0.13859881745422686,-0.04719652286004172,0.0,100.0,12,2.7605276082322074,1.3053669332025142
DQN,404,39,5.409549773093193,12,1,0.8307583820831356,0.8391149168718568,-0.008356534788721226,-1.0058923230804033,94.77657827078114,73.78410387713002,-20.992474393651122,84.29228573993265,0.0,100.0,0.1659618864827665,0.12839507749510717,-0.03756680898765932,0.0,100.0,12,2.7219973899833447,1.320834798376404
DQN,404,40,5.621086829575362,12,1,0.8856108631306627,0.8423344933236999,0.04327636980696281,4.886612349579753,77.20604381680343,80.60122316615585,3.395179349352418,88.10439839671938,0.0,100.0,0.15471888442602982,0.14283059080607055,-0.011888293619959273,0.0,100.0,12,2.618632357606217,1.2402912929369283
DQN,404,41,5.479584671722133,12,1,0.8434121547179518,0.8177828475821343,0.02562930713581757,3.0387642616305843,74.23205264745114,98.20425075861219,23.97219811116105,87.27039071341387,0.0,100.0,0.1369513240710273,0.20294039058089358,0.06598906650986627,0.0,100.0,12,2.6707249360481478,1.215407361281604
DQN,404,42,5.427171582403008,12,1,0.8378128854992571,0.8664411213201737,-0.02862823582091656,-3.4170202340415,72.91168826442357,100.0,27.088311735576426,84.41374852209692,0.0,100.0,0.1358537195894155,0.14210508358285953,0.006251363993444031,0.0,91.66666666666666,12,2.480453173972472,1.2363846094770925
DQN,404,43,5.521489311867656,12,1,0.9240713766174095,0.7759988759289731,0.14807250068843636,16.023924605311347,82.26205495721534,62.94511417954895,-19.31694077766639,85.52593859627446,0.0,100.0,0.09304459265206626,0.21161617387328951,0.11857158122122326,0.0,100.0,12,2.5412389543267504,1.2530783099688323
DQN,404,44,5.475402140571273,12,1,0.855886198156029,0.8114792434696506,0.04440695468637834,5.188418131061264,97.51386289305584,93.91853499568919,-3.5953278973666585,86.10433505790563,0.0,100.0,0.1650925127188,0.20398407882052638,0.038891566101726394,0.0,100.0,12,2.6515514226551264,1.262325069088921
DQN,404,45,5.641758722546763,12,1,0.8450181746805694,0.8646821135822957,-0.019663938901726352,-2.3270433099453323,100.0,100.0,0.0,91.17404602095318,0.0,100.0,0.17655304928212534,0.1483299331976998,-0.028223116084425542,0.0,100.0,12,2.9297962921466127,1.3090804684709536
DQN,404,46,5.3538373191223005,12,1,0.9220392265467231,0.912952071675839,0.009087154870884073,0.9855497043133222,82.10818561591286,58.09225748687593,-24.01592812903693,81.6419257202404,0.0,100.0,0.09130632140798019,0.09782859647006395,0.006522275062083763,0.0,91.66666666666666,12,2.3963917829843533,1.1569134796793838
DQN,404,47,5.2458087500058905,12,1,0.8659011760871941,0.8720325793122123,-0.0061314032250182615,-0.7080950337456112,69.22270825609907,61.73442674801208,-7.488281508086985,82.05390340947439,0.0,100.0,0.10272619602352874,0.16300303390964946,0.06027683788612072,0.0,91.66666666666666,12,2.499327783875047,1.2161024166103869
DQN,404,48,5.375664599813875,12,1,0.9027504327300419,0.8602978122702444,0.042452620459797474,4.7025865533417575,77.35888285740951,100.0,22.64111714259049,82.17921549614567,0.0,100.0,0.11183553071468623,0.16779950550614284,0.05596397479145661,0.0,100.0,12,2.3753707449414168,1.2396777331660498
DQN,404,49,5.120454582591705,12,1,0.8020175729456774,0.8889662663971455,-0.08694869345146805,-10.841245427094561,89.23357468430152,78.05316532981733,-11.180409354484183,83.60467213605102,0.0,100.0,0.1787353844845413,0.11653592868791979,-0.062199455796621506,0.0,91.66666666666666,12,2.6293461451242797,1.2965616594694782
DQN,404,50,5.4616565332919675,12,1,0.8512400443646312,0.7695929394382041,0.08164710492642713,9.591548878244895,100.0,90.33392407513661,-9.666075924863392,89.41323361320524,0.0,100.0,0.17008847472035094,0.20023009911428405,0.030141624393933114,0.0,100.0,12,2.892771666649218,1.3033012090251395
DQN,404,51,5.480768481602539,12,1,0.8939821584239797,0.8271638799532696,0.06681827847071009,7.4742295292006125,71.51343188656418,85.71612309838089,14.202691211816713,86.84991521354294,0.0,100.0,0.09413634010574029,0.1321153021089178,0.03797896200317752,0.0,91.66666666666666,12,2.456215715876476,1.2365977580762262
DQN,404,52,5.35479877301661,12,1,0.8898040826827419,0.7894801231809996,0.10032395950174233,11.274836950541692,69.05601711361018,91.87462338967114,22.81860627606096,83.40926234278055,0.0,100.0,0.1418488279300351,0.19160454843537533,0.049755720505340245,0.0,100.0,12,2.6612446574445525,1.2560357299057145
DQN,404,53,5.5925639311504405,12,1,0.8611852647279299,0.8164856255704624,0.04469963915746744,5.190478865379703,94.02848025440811,82.94543552291465,-11.083044731493459,88.5871762562981,0.0,100.0,0.15837492721653829,0.1872361185603147,0.028861191343776404,0.0,100.0,12,2.726211213200885,1.257764089828941
DQN,404,54,5.516895594702089,12,1,0.8730082560562928,0.9078303954549432,-0.03482213939865031,-3.988752587055136,99.54156679038715,100.0,0.45843320961284917,89.06453104725817,0.0,100.0,0.1320617795153828,0.12528488997625195,-0.006776889539130859,0.0,91.66666666666666,12,2.423276771357016,1.0982418487023922
DQN,404,55,5.029314812281723,12,1,0.793193807141052,0.7906783615368058,0.0025154456042462137,0.31712874982127753,87.8569457899067,79.27111092082204,-8.585834869084664,85.13764873453614,0.0,100.0,0.20028811557726364,0.16620704496835023,-0.03408107060891341,0.0,91.66666666666666,12,2.9374673572897,1.2979495154147893
DQN,404,56,5.0423803311452,12,1,0.8033888226680632,0.8262162368362465,-0.022827414168183235,-2.8413905600992977,95.68209235774606,75.63630914970997,-20.045783208036084,78.0816715487267,0.0,100.0,0.169503429080008,0.1848289902665055,0.0153255611864975,0.0,83.33333333333334,12,2.755718965902623,1.33063650965363
DQN,404,57,5.453295251076145,12,1,0.8894319465747271,0.7696998829998815,0.11973206357484567,13.461632903556403,91.53469507599142,100.0,8.465304924008578,83.95792512269765,0.0,100.0,0.17273366552625088,0.20973320477731505,0.03699953925106417,0.0,100.0,12,2.696327094285778,1.3520050442440645
DQN,404,58,5.1399908335756415,12,1,0.9269064009890595,0.8812775857493259,0.04562881523973361,4.922699335234408,96.24614670555293,75.51902265388705,-20.727124051665882,76.15665448202647,0.0,100.0,0.13621751485943004,0.13840956656491105,0.0021920517054810074,0.0,91.66666666666666,12,2.6345558919866696,1.2137115358242245
DQN,404,59,4.961055987653683,12,1,0.8643578375123425,0.828381404215199,0.035976433297143506,4.162215200209808,100.0,79.4737611766578,-20.526238823342197,78.32706386796185,0.0,100.0,0.11206928662760303,0.1798550529989592,0.06778576637135618,0.0,91.66666666666666,12,2.4391023970709234,1.1635269404021404
DQN,404,60,5.2126390087736265,12,1,0.8366972825250503,0.8432262648494152,-0.00652898232436494,-0.7803278988383072,77.05639341631503,100.0,22.943606583684968,83.0631229596443,0.0,100.0,0.1250067817295945,0.15952168326193275,0.034514901532338244,0.0,100.0,12,2.355099367991104,1.255726414897888
DQN,404,61,5.438930698514749,12,1,0.8351665869727432,0.9064580554961562,-0.07129146852341306,-8.536197404858555,100.0,90.84934326078182,-9.150656739218178,88.26154237369504,0.0,100.0,0.1684033673092006,0.16220414131733374,-0.006199225991866869,0.0,100.0,12,2.8074580099268345,1.2968037974280386
DQN,404,62,5.189666856063404,12,1,0.8255323079729825,0.8277363848547699,-0.0022040768817873646,-0.26698856731595033,80.13474536897178,82.86326192036694,2.7285165513951597,81.66768609622672,0.0,100.0,0.16882911014035806,0.18557492004298878,0.01674580990263072,0.0,100.0,12,2.516337006550762,1.210777884332335
DQN,404,63,5.606556930616579,12,1,0.8890349036911245,0.8270455555172734,0.061989348173851044,6.972656294649582,79.14695062313794,93.76803175988488,14.621081136746938,88.1607532983824,0.0,100.0,0.12074544022447922,0.12948278068488936,0.008737340460410137,0.0,100.0,12,2.5886649349344055,1.267611164319912
DQN,404,64,5.40525698786975,12,1,0.8299952365423321,0.7572726022102245,0.07272263433210757,8.761813457515972,77.30396226987469,82.06132281868335,4.757360548808663,83.74889885618009,0.0,100.0,0.19668983668429613,0.18295757302334964,-0.013732263660946487,0.0,100.0,12,2.881597172579815,1.3069249653945914
DQN,404,65,5.3880183375646284,12,1,0.7990369023904437,0.8706044261543251,-0.07156752376388142,-8.956723218887138,94.16089984417614,75.70869243609887,-18.45220740807727,84.27154889339636,0.0,100.0,0.14269367790967796,0.15276698167775973,0.01007330376808177,0.0,100.0,12,2.644919620839579,1.3090384708109148
DQN,404,66,5.417464333173445,12,1,0.8932010849215066,0.8526136302382025,0.04058745468330416,4.54404448992255,100.0,78.62091132219354,-21.379088677806465,80.95106748230684,0.0,100.0,0.09727935606399825,0.14343375063952266,0.04615439457552441,0.0,100.0,12,2.329341708696827,1.2765329067808713
DQN,404,67,5.094054282445941,12,1,0.861583871687899,0.8783596612459588,-0.016775789558059806,-1.947087231936566,95.72734463541029,70.88539545243283,-24.84194918297746,82.8130342734886,0.0,100.0,0.11578084017494573,0.15215108955567194,0.03637024938072621,0.0,100.0,12,2.4783878498462895,1.3782512447899327
DQN,404,68,4.9291244535083045,12,1,0.7768898068337668,0.7599451631872938,0.01694464364647308,2.1810871371232663,87.32371489270325,80.38003151423692,-6.943683378466332,77.47341347394196,0.0,100.0,0.21731872502593066,0.20151296251082088,-0.01580576251510979,0.0,91.66666666666666,12,2.9645538247442276,1.3458040513611913
DQN,404,69,4.964803635029744,12,1,0.8508830762727241,0.8366738510044434,0.014209225268280723,1.669938639574775,81.04261188948753,64.85272465958067,-16.18988722990686,78.01836973316156,0.0,100.0,0.16104951988095578,0.15815188909511652,-0.002897630785839267,0.0,100.0,12,2.638514526454475,1.2395914486811241
DQN,404,70,5.224865502904622,12,1,0.8863750176472195,0.822709425774318,0.06366559187290144,7.182692495315857,70.83808590190029,96.09782571012978,25.259739808229497,83.25458608839078,0.0,100.0,0.12091030348210602,0.16332305566846897,0.04241275218636295,0.0,100.0,12,2.3097155022308535,1.1283786626884431
DQN,404,71,4.954058718704488,12,1,0.8861401081299695,0.8189351279439613,0.06720498018600818,7.584012908278301,84.64699188384243,24.52733725506973,-60.1196546287727,76.18886072104462,0.0,100.0,0.14243442447294535,0.1498631053479137,0.007428680874968341,0.0,83.33333333333334,12,2.4963871968740743,1.2777093278366038
DQN,404,72,5.175219434952665,12,1,0.8247915301358898,0.7680650076794823,0.056726522456407524,6.877680042017582,94.27176097840606,95.611643149755,1.3398821713489326,80.53372016253017,0.0,100.0,0.1526485154077091,0.1769576705290142,0.024309155121305104,0.0,100.0,12,2.549733228779553,1.2788042647885098
DQN,404,73,4.912928438556817,12,1,0.8726997962732301,0.7983657669770269,0.07433402929620325,8.517709023611403,75.6896628374761,9.515457277059117,-66.174205560417,69.38764193985863,0.0,100.0,0.0793437380964683,0.20735969481242808,0.12801595671595978,0.0,83.33333333333334,12,2.3306583353205435,1.11187028687922
DQN,404,74,4.65390170817232,12,1,0.7894766752615063,0.8392935050581112,-0.049816829796604845,-6.310107867354474,82.91462031030538,81.94372956729445,-0.9708907430109264,74.66037835061938,0.0,100.0,0.17479878688536973,0.14861452553524912,-0.026184261350120613,0.0,91.66666666666666,12,2.6103490958784508,1.3295304035246045
DQN,404,75,4.989302952433377,12,1,0.8526457173751643,0.8280911045784174,0.024554612796746866,2.879814241293237,71.63816268544781,72.17279325845274,0.5346305730049323,78.80444088702795,0.0,100.0,0.13446518172925742,0.13935690768448986,0.004891725955232434,0.0,100.0,12,2.4094588673544908,1.1686105422014672
DQN,404,76,5.474127265534685,12,1,0.8457606179737267,0.8073495161182658,0.03841110185546093,4.5416044491981955,86.50173059806261,80.0656563876652,-6.436074210397408,83.36987805427744,0.0,100.0,0.18148598879858033,0.1693199708170843,-0.012166017981496025,0.0,100.0,12,2.865562150305435,1.3639527404802225
DQN,404,77,5.216948747983114,12,1,0.799602003418405,0.8095514206129011,-0.009949417194496046,-1.2442961813453397,84.02654029252453,80.85173981488782,-3.1748004776367083,82.36316924404686,0.0,100.0,0.17649263301339949,0.18674428951151395,0.010251656498114464,0.0,100.0,12,2.93356210433327,1.3225294318227623
DQN,404,78,5.502877735514124,12,1,0.8195097951378452,0.8540306321823019,-0.03452083704445674,-4.212376380278674,74.953133018438,71.66137531857127,-3.2917576998667215,87.14907011825385,0.0,100.0,0.1784404242769443,0.1551077175681072,-0.02333270670883708,0.0,100.0,12,2.693401126717552,1.2161066122014956
DQN,404,79,5.5029443247723995,12,1,0.902127959914699,0.8412291992334314,0.06089876068126754,6.750567922429301,84.43549160822539,98.18007499454085,13.744583386315455,82.6237108963325,0.0,100.0,0.1150343386917683,0.15844046243197077,0.043406123740202474,0.0,91.66666666666666,12,2.5321630427126944,1.3397465335265668
DQN,404,80,5.650362738131309,12,1,0.8953381895943033,0.8224819189060204,0.07285627068828293,8.137290638892065,100.0,100.0,0.0,90.72055248893673,0.0,100.0,0.13411604080012363,0.15926832147687706,0.02515228067675343,0.0,100.0,12,2.44748009535832,1.2281492330664123
DQN,404,81,5.644585052182719,12,1,0.7836546128029749,0.7813455568816532,0.00230905592132169,0.294652246486837,91.28992287069994,83.51699214182237,-7.772930728877569,87.8447939430177,0.0,100.0,0.19658476286316492,0.2009472209345948,0.0043624580714298755,0.0,100.0,12,2.9638354052861593,1.3596821308022318
DQN,404,82,5.316531664291157,12,1,0.8395753361641841,0.8278017424612342,0.011773593702949947,1.4023272475750228,91.6882571122991,79.84633606524558,-11.841921047053518,85.98591483068206,0.0,100.0,0.1297421852133521,0.1566993212819514,0.026957136068599313,0.0,100.0,12,2.4828883891017073,1.2548654705526245
DQN,404,83,4.975112961504008,12,1,0.8974057014582829,0.8545320292117609,0.042873672246522054,4.7775127990442225,100.0,73.36289283593187,-26.637107164068127,78.98774454486191,0.0,100.0,0.12608152722463972,0.14549215526198772,0.019410628037348,0.0,91.66666666666666,12,2.6189677099903466,1.1863173098515507
DQN,404,84,5.639183610083231,12,1,0.8111773446522346,0.8319213266049271,-0.02074398195269256,-2.5572684061567146,87.99087649675718,93.50789120554983,5.517014708792644,89.5513236669621,0.0,100.0,0.17367257423400462,0.16260153322738993,-0.011071041006614685,0.0,100.0,12,2.8085495102344122,1.3280247637012388
DQN,404,85,5.077448660422903,12,1,0.8135315503174461,0.8618322245688639,-0.04830067425141782,-5.937160548053795,94.02589277573605,87.1319321674526,-6.89396060828345,79.42392499322627,0.0,100.0,0.15207655008793067,0.1249231555451419,-0.02715339454278877,0.0,91.66666666666666,12,2.8196020173632252,1.2931714990994894
DQN,404,86,5.375936059784683,12,1,0.819109918242124,0.8260564448027397,-0.006946526560615673,-0.8480579231079853,64.26383962347919,96.78376709638547,32.51992747290629,84.24888684344019,0.0,100.0,0.15453816745092272,0.15548801436265905,0.0009498469117363295,0.0,100.0,12,2.6041760896952635,1.3223667128225063
DQN,404,87,5.7458488879745815,12,1,0.8242096300746231,0.8252458274153855,-0.0010361973407624347,-0.12572012058007845,82.64282760477678,92.94600894378283,10.303181339006045,90.6437136177746,0.0,100.0,0.16363928470433795,0.10495575909075344,-0.0586835256135845,0.0,100.0,12,2.7824401754538375,1.300408813583921
DQN,404,88,5.3681600585674865,12,1,0.792660288543835,0.82308018699892,-0.03041989845508508,-3.8376967907611825,84.2511670318562,75.77822722247778,-8.472939809378417,87.13799575758416,0.0,100.0,0.18408188905204895,0.14541923620234887,-0.03866265284970008,0.0,100.0,12,2.8773599280575564,1.3186114455267326
DQN,404,89,5.474134852839809,12,1,0.9346634426384831,0.8064194651818403,0.12824397745664284,13.72087230614476,86.96461366246582,70.2879701774267,-16.676643485039122,81.73867950919718,0.0,100.0,0.09319349931698584,0.16491298230715906,0.07171948299017322,0.0,100.0,12,2.1844310208785167,1.1479973895832603
DQN,404,90,5.186489002600473,12,1,0.8159670074069139,0.8350384676066247,-0.019071460199710843,-2.3372832512332344,92.07206782897057,91.29313381318258,-0.7789340157879963,83.26004061887845,0.0,100.0,0.19188127575287336,0.15128873152355957,-0.0405925442293138,0.0,91.66666666666666,12,2.839053300171298,1.3272325997960688
DQN,404,91,5.165652183498066,12,1,0.8472020319560792,0.8070790871595607,0.04012294479651857,4.735935855097032,88.12368190311719,94.31847959573068,6.194797692613491,84.66246504425675,0.0,100.0,0.1506833504467313,0.1657481877587874,0.0150648373120561,0.0,100.0,12,2.5247486218367983,1.216796174619957
DQN,404,92,5.663195293806534,12,1,0.901290554119566,0.8594375066262542,0.04185304749331187,4.643679810246808,99.1500565854912,98.92872379721345,-0.22133278827774916,88.55744863958832,0.0,100.0,0.11514664643254585,0.1458766758132881,0.030730029380742235,0.0,100.0,12,2.4926444393035143,1.243884321567026
DQN,404,93,5.188120659459606,12,1,0.8354996262892076,0.8674117000287239,-0.03191207373951632,-3.8195198101106014,78.61908596693341,83.76791039100065,5.148824424067243,83.14276512585941,0.0,100.0,0.19591004747219715,0.1486423597204285,-0.04726768775176865,0.0,100.0,12,3.0037687568394773,1.3461826908138934
DQN,404,94,5.452269580727082,12,1,0.8229811477640931,0.8009976593536423,0.021983488410450835,2.6712019431036085,91.7016423383418,70.48265211109371,-21.218990227248085,85.06632499526657,0.0,100.0,0.1745564407513946,0.14961111207973507,-0.024945328671659522,0.0,100.0,12,2.8132066197408077,1.4004979506813908
DQN,404,95,5.4874718035389005,12,1,0.7830791937547893,0.8583918549276248,-0.07531266117283553,-9.61750251742976,82.00090615810359,81.67660452886379,-0.3243016292397982,87.24316919003842,0.0,100.0,0.19875978872178604,0.20067426083452047,0.0019144721127344333,0.0,100.0,12,2.8566243904718953,1.3354419910129023
DQN,404,96,5.4713045560917015,12,1,0.787585831776894,0.9232092915572707,-0.1356234597803767,-17.220149767599665,86.54332628114338,53.76013475112653,-32.78319153001685,86.41671430320514,0.0,100.0,0.15873835770506545,0.1011688723754332,-0.05756948532963224,0.0,91.66666666666666,12,2.7042675540772323,1.2720942514439217
DQN,404,97,5.635866017955475,12,1,0.860459054243513,0.8973766348142499,-0.03691758057073691,-4.2904517523141905,77.82068913111945,100.0,22.17931086888055,88.49239733394047,0.0,100.0,0.15361446357520414,0.10184370888532879,-0.05177075468987535,0.0,100.0,12,2.5815669192430533,1.2282799677281515
DQN,404,98,4.84836889186074,12,1,0.859549930124297,0.8907726905425257,-0.03122276041822869,-3.6324545350976476,83.26025536959956,97.78227908109383,14.52202371149427,72.91064724913751,0.0,100.0,0.12412499384473857,0.09726837567430367,-0.0268566181704349,0.0,83.33333333333334,12,2.661301720844126,1.2758611669647524
DQN,404,99,5.64784777744849,12,1,0.8859031752035398,0.8906910598161902,-0.00478788461265045,-0.5404523594297328,100.0,98.2581766002768,-1.7418233997232022,87.47349067566587,0.0,100.0,0.11448399223731798,0.14025306190671474,0.025769069669396766,0.0,100.0,12,2.3839863809877007,1.1998110887309008
DQN,404,100,4.49801709518133,12,1,0.7929048892947048,0.8421815609500867,-0.049276671655381854,-6.214701450411518,90.82214770636213,93.65873054735661,2.836582840994481,67.73091792596126,0.0,100.0,0.19261369561871192,0.13389965404499884,-0.05871404157371307,0.0,83.33333333333334,12,2.8554590800374258,1.397372051066468
DQN,404,101,5.273605364962435,12,1,0.8318746258680619,0.8465516032243585,-0.014676977356296583,-1.764325644742577,54.27885515327734,100.0,45.72114484672266,87.6548814123275,0.0,100.0,0.14518954419156807,0.1561131477447445,0.010923603553176425,0.0,91.66666666666666,12,2.47811977404224,1.180895754946854
DQN,404,102,5.617841686706633,12,1,0.8878760968540875,0.853862900227373,0.03401319662671454,3.8308494560479454,74.58604053917209,91.56182191175229,16.9757813725802,87.89722360654442,0.0,100.0,0.1211311409440847,0.17866382885592152,0.05753268791183683,0.0,100.0,12,2.4058036371799063,1.1390963624750234
DQN,404,103,5.595452013267588,12,1,0.8704182531296816,0.8063882925143631,0.06402996061531852,7.356229075515359,82.59647203755448,78.63972343701366,-3.95674860054082,86.9522453912827,0.0,100.0,0.1242087794921907,0.17695832089526986,0.052749541403079164,0.0,100.0,12,2.56270198085588,1.2342793002438812
DQN,404,104,4.477746110682336,12,1,0.8289267529567024,0.7927123284913419,0.036214424465360495,4.368832871684634,100.0,0.0,-100.0,65.05589421997422,0.0,100.0,0.1447883446851433,0.20407183842492593,0.059283493739782644,0.0,75.0,12,2.693862241005345,1.3347136992869402
DQN,404,105,5.644507753640704,12,1,0.8242718593059057,0.7897694018609367,0.03450245744496905,4.185810428372809,86.8313272300403,94.36735683696453,7.536029606924231,87.57402059984163,0.0,100.0,0.13382455694047077,0.1836967880389842,0.049872231098513436,0.0,100.0,12,2.470010408161627,1.2281332840550638
DQN,404,106,5.429882736665144,12,1,0.8348120813262117,0.7897237096047882,0.04508837172142344,5.401020508686754,92.10733950748161,94.37446879408918,2.2671292866075703,83.00503207866272,0.0,100.0,0.16286211737201425,0.18872284959530303,0.025860732223288774,0.0,91.66666666666666,12,2.66205201836955,1.3233741292298402
DQN,404,107,5.256220738642447,12,1,0.8675905487978499,0.839927408475954,0.027663140321895874,3.1885018065522326,56.726801149940655,90.94623616961157,34.21943501967091,81.19989562653898,0.0,100.0,0.1531956340980918,0.13780845765701555,-0.015387176441076261,0.0,91.66666666666666,12,2.6299387379305172,1.2227552741285186
DQN,404,108,5.822208205619239,12,1,0.8809150333798023,0.8167383225537348,0.06417671082606746,7.285232785713851,99.07031212160568,82.05255480265255,-17.01775731895313,90.50890729947535,0.0,100.0,0.12707836562448926,0.1569247702916466,0.029846404667157322,0.0,100.0,12,2.621046422863746,1.2373482171917485
DQN,404,109,5.135292813719439,12,1,0.8484123350571133,0.8927639182778526,-0.04435158322073929,-5.227597641865218,42.31155707404181,72.43642064255566,30.124863568513852,78.9308461861818,0.0,100.0,0.13920927606903208,0.12051194202824325,-0.018697334040788827,0.0,91.66666666666666,12,2.4443382796940187,1.2865281165183156
DQN,404,110,5.601885814337193,12,1,0.9198957835296186,0.8411897641714884,0.07870601935813026,8.555971314069634,100.0,72.27831768291281,-27.721682317087186,88.70822758717541,0.0,100.0,0.13613176670001742,0.17948152896496802,0.0433497622649506,0.0,100.0,12,2.738903750825109,1.2157450376989216
DQN,404,111,5.5557488263143116,12,1,0.9021031681260905,0.8310845506722074,0.07101861745388305,7.872560474586039,73.0227028427477,95.56539016484761,22.54268732209991,83.67385627663747,0.0,100.0,0.1386169610507717,0.13073539934348213,-0.00788156170728957,0.0,100.0,12,2.6615365453898976,1.2797309599894586
DQN,404,112,5.536008731499188,12,1,0.8745480882592751,0.8248786983441981,0.04966938991507697,5.679434965542067,77.55709914425711,87.49151160689068,9.934412462633574,85.10155884830641,0.0,100.0,0.12976837247655346,0.19860084055616462,0.06883246807961116,0.0,100.0,12,2.465143237961053,1.2262261237164989
DQN,404,113,5.355994284083974,12,1,0.8494852145657845,0.8308161812549679,0.018669033310816596,2.1976878456159237,90.71393138270192,95.19925308713356,4.485321704431641,87.98408715677338,0.0,100.0,0.1624043705363919,0.14701695798722755,-0.015387412549164342,0.0,100.0,12,2.899106702450464,1.2917086839614853
DQN,404,114,5.192104994936047,12,1,0.9020648986065968,0.9143057996743386,-0.012240901067741783,-1.356986740826528,68.2701862759591,97.97674399999347,29.70655772403437,79.9182398775909,0.0,100.0,0.11419459034967486,0.09888114257850966,-0.015313447771165195,0.0,91.66666666666666,12,2.359675870601406,1.2163071663831664
DQN,404,115,5.3607529399298555,12,1,0.8153420168958544,0.8675667166626407,-0.05222469976678634,-6.405250641395209,96.51340839181248,78.30215595111807,-18.21125244069441,84.91093098737825,0.0,100.0,0.1686463037778879,0.14946219330386262,-0.019184110474025268,0.0,100.0,12,2.734213589857003,1.2659103422171347
DQN,404,116,5.391156989944409,12,1,0.9001152707032833,0.7902447823104509,0.10987048839283242,12.206268682341959,73.66265642486518,97.02531162373522,23.362655198870044,82.60927672933269,0.0,100.0,0.13105373661825734,0.19189998941451442,0.06084625279625708,0.0,100.0,12,2.5517068439016333,1.275607316164252
DQN,404,117,5.2394113361259445,12,1,0.8845791680645911,0.8397323675002646,0.04484680056432655,5.069845886428548,85.74928897895812,92.13979177046312,6.390502791505,79.11000292909858,0.0,100.0,0.09588923931837745,0.1985647375367282,0.10267549821835076,0.0,91.66666666666666,12,2.382596362842408,1.2382347250978607
DQN,404,118,5.364760285965621,12,1,0.9171630455122793,0.8617033494952325,0.05545969601704681,6.046874248631543,52.29977110566829,95.93894978328143,43.63917867761314,78.46609026170002,0.0,100.0,0.1209628500952206,0.1326782368649706,0.011715386769749994,0.0,83.33333333333334,12,2.3496618341799196,1.2243772854987016
DQN,404,119,5.712287954602114,12,1,0.8501396512358049,0.8308948181348252,0.019244833100979686,2.2637260917079267,100.0,91.45445984720988,-8.545540152790124,89.32322536963521,0.0,100.0,0.1398088479283825,0.15786644662014998,0.018057598691767485,0.0,100.0,12,2.625647294781483,1.24389735900516
DQN,404,120,5.102703909903388,12,1,0.8808724731669736,0.8306469293594345,0.050225543807539075,5.7017951335185595,41.32283515561183,79.90149554166555,38.57866038605373,80.21868883959091,0.0,100.0,0.10626579341100631,0.20221609216358352,0.09595029875257721,0.0,91.66666666666666,12,2.2646593014412235,1.1464843012583121
DQN,404,121,5.547709650671566,12,1,0.9026975900147918,0.8954088235337944,0.007288766480997411,0.8074427761436669,100.0,95.96577585805798,-4.034224141942019,85.35543569538318,0.0,100.0,0.12066046331180257,0.16470589289888488,0.04404542958708231,0.0,100.0,12,2.4772234176253956,1.3332288582489067
DQN,404,122,5.239778466521488,12,1,0.8760851099897836,0.7746504015287049,0.10143470846107872,11.578179711587792,84.42923261851776,74.04100857853892,-10.388224039978837,82.4610023797262,0.0,100.0,0.1645547039760059,0.19648082059745878,0.031926116621452866,0.0,100.0,12,2.67475330328247,1.2816753342564908
DQN,404,123,4.9354971902833356,12,1,0.824374371374855,0.8523243997473516,-0.027950028372496605,-3.39045333564686,70.5106571933334,99.48552670068321,28.97486950734981,76.10611032885795,0.0,100.0,0.19287928911273297,0.12472155673208245,-0.06815773238065052,0.0,91.66666666666666,12,2.730414169134633,1.3444394080187327
DQN,404,124,5.513780534575858,12,1,0.9117131876387716,0.8567835501114939,0.05492963752727775,6.024881319259948,69.43574037406222,93.37937509146832,23.9436347174061,83.29893489817108,0.0,100.0,0.06672174916215298,0.15275848547003867,0.08603673630788569,0.0,91.66666666666666,12,2.1324502349819237,1.1052442277138512
DQN,404,125,5.619294406358062,12,1,0.9224544761864533,0.9389335696539896,-0.016479093467536288,-1.7864397531749212,77.57771115810122,63.07262054605229,-14.505090612048932,88.81213247503996,0.0,100.0,0.12858325390512182,0.10696291241767669,-0.021620341487445127,0.0,100.0,12,2.562692510420581,1.1801861074200242
DQN,404,126,4.356891928358958,12,1,0.8279521863927902,0.902887677246661,-0.07493549085387075,-9.05070269581008,82.91988169697439,8.883044425098657,-74.03683727187573,63.4183345685459,0.0,100.0,0.1312214189034785,0.11278853667410023,-0.018432882229378264,0.0,75.0,12,2.481364907881954,1.2017932847527644
DQN,404,127,5.496232914826619,12,1,0.9201666871233334,0.8395311130869143,0.08063557403641908,8.763148586535516,86.31042288409566,69.69042099884481,-16.620001885250844,83.09813007457316,0.0,100.0,0.06251947219336465,0.16417250000836875,0.1016530278150041,0.0,100.0,12,2.1902070645647096,1.0740459709119665
DQN,404,128,5.528127291824239,12,1,0.9056115629497439,0.8565272510588461,0.04908431189089779,5.420018239500072,53.91728113213975,95.65573091885699,41.73844978671724,85.42550028432605,0.0,100.0,0.12323556776533229,0.17825931117613958,0.05502374341080729,0.0,91.66666666666666,12,2.527397611180058,1.1817229336845925
DQN,404,129,5.180047862429941,12,1,0.8364202569060163,0.8527273903557162,-0.016307133449699918,-1.9496339686967024,100.0,92.77279482388332,-7.227205176116684,83.09831064244338,0.0,100.0,0.179106744563936,0.1601516240353747,-0.018955120528561298,0.0,91.66666666666666,12,2.8199248386933493,1.353196680332281
DQN,404,130,4.703430667959953,12,1,0.8714550221733284,0.9325376955784023,-0.061082673405073895,-7.0092743573545935,47.29489223391749,74.39045308787547,27.095560853957984,70.25150660738495,0.0,100.0,0.14846447730441656,0.09099506939367896,-0.0574694079107376,0.0,75.0,12,2.5644372700768368,1.0949757938843163
DQN,404,131,5.449192021599513,12,1,0.8457195391846911,0.8607625498632225,-0.015043010678531421,-1.7787233215675151,67.80139358170756,92.28874229976485,24.48734871805729,86.78400730856542,0.0,100.0,0.17781275363643956,0.14099452370115634,-0.03681822993528322,0.0,100.0,12,2.793530861128856,1.236829391813564
DQN,404,132,5.633041013512742,12,1,0.9142370526244706,0.9406213054589291,-0.026384252834458444,-2.8859312536850292,80.96353358480849,98.71046330550031,17.746929720691824,86.6065998097721,0.0,100.0,0.11101306088334376,0.05682058515704294,-0.054192475726300815,0.0,100.0,12,2.431776165281486,1.154906342843382
DQN,404,133,5.187427193186536,12,1,0.8114138711890788,0.8352545077962361,-0.023840636607157295,-2.938159853271951,99.96154563033608,71.20842799021618,-28.753117640119896,82.54400311341864,0.0,100.0,0.17490635176561975,0.15335449368540974,-0.021551858080210012,0.0,100.0,12,2.741496222466473,1.365786901138199
DQN,404,134,5.050624824446935,12,1,0.8678762481725419,0.797050521906076,0.070825726266466,8.160809379862782,73.31291488743042,83.35028863586842,10.037373748438,79.32528570368277,0.0,100.0,0.1723873512210369,0.20650745357428232,0.03412010235324542,0.0,91.66666666666666,12,2.6575821419535575,1.3264163684295258
DQN,404,135,5.537609834052697,12,1,0.916251060691106,0.8123236268427305,0.10392743384837544,11.342680877224359,89.79207281961268,68.91892072736997,-20.87315209224272,85.93180972027572,0.0,100.0,0.10184242578834075,0.1648340489490066,0.06299162316066585,0.0,100.0,12,2.330885029041628,1.0996229100678234
DQN,404,136,5.462071994161761,12,1,0.7948537456975677,0.8314376695846253,-0.03658392388705756,-4.60259816162171,95.87770767103324,70.81030100189433,-25.067406669138904,87.1613655861421,0.0,100.0,0.2143984415057181,0.1425148881418391,-0.071883553363879,0.0,100.0,12,3.0353020662487507,1.3129580159460768
DQN,404,137,5.542765478770495,12,1,0.8282134831298835,0.8446117600981516,-0.016398276968268122,-1.9799577406416702,98.93651849594715,100.0,1.0634815040528451,88.57352007422129,0.0,100.0,0.16928488688888332,0.14157916186321018,-0.027705725025673145,0.0,100.0,12,2.739652118629499,1.2568207170225703
DQN,404,138,5.436453806099966,12,1,0.7925714143169886,0.8017392947228377,-0.009167880405849038,-1.1567260994076614,80.30096670421044,89.26136812091502,8.960401416704585,84.68313789581542,0.0,100.0,0.17762333679137252,0.20078646958902405,0.02316313279765153,0.0,100.0,12,2.648414053870787,1.3122077196608184
DQN,404,139,4.444084847272909,12,1,0.7612147086234954,0.8047270399180473,-0.0435123312945519,-5.716170589141039,100.0,13.06698960757336,-86.93301039242664,66.16228151572679,0.0,100.0,0.18778302485602114,0.16546742870488632,-0.02231559615113482,0.0,66.66666666666666,12,2.6007476355688217,1.3945584527248451
DQN,404,140,5.541631061521214,12,1,0.8675240947286215,0.8057133876907907,0.06181070703783076,7.124955654075102,67.4633077104135,78.74931042010894,11.286002709695438,90.76857603932415,0.0,100.0,0.11882442904881683,0.18420719862654067,0.06538276957772383,0.0,100.0,12,2.576142154698516,1.1509645897106326
DQN,404,141,5.366658386171028,12,1,0.8653503621887836,0.8863386272229292,-0.020988265034145637,-2.42540662732939,79.57078315428791,66.40942088935188,-13.161362264936031,84.99218326331038,0.0,100.0,0.14139868192158037,0.1375182492438994,-0.003880432677680956,0.0,100.0,12,2.579502726069276,1.2099380978784402
DQN,404,142,5.28759622979114,12,1,0.8013355898876796,0.8112454401594146,-0.009909850271734966,-1.2366666845689451,87.19452910676095,91.3274276163295,4.132898509568548,82.1361196630762,0.0,100.0,0.17137435079664187,0.1954186108035096,0.02404426000686774,0.0,91.66666666666666,12,2.6708457962778573,1.2575883690246066
DQN,404,143,5.538957036663218,12,1,0.8574733777223594,0.8645570472482096,-0.007083669525850156,-0.8261095574379186,83.70188620082128,100.0,16.298113799178722,85.867952600987,0.0,100.0,0.15436733973663247,0.14593053282060223,-0.008436806916030243,0.0,100.0,12,2.6172319911772695,1.304205041393808
DQN,404,144,5.46073850722967,12,1,0.9139867956369789,0.8677313559333035,0.046255439703675405,5.060843321203443,73.50642717958719,57.986384196857266,-15.520042982729926,82.31076359139516,0.0,100.0,0.12317259127269962,0.14700138728101797,0.023828796008318345,0.0,91.66666666666666,12,2.648627230812776,1.2245724638916737
DQN,404,145,5.388801238373939,12,1,0.8225749243594123,0.8541642790809117,-0.031589354721499485,-3.8403012036988584,98.30310226340303,95.4943499936572,-2.8087522697458382,90.20314608517823,0.0,100.0,0.1793634836965741,0.16052022985525005,-0.018843253841324042,0.0,100.0,12,2.8206654535958116,1.2946807443285209
DQN,404,146,5.297213739770745,12,1,0.8630767400723016,0.829627278827649,0.033449461244652645,3.875606848337787,87.07750471200293,100.0,12.922495287997066,79.97756752773978,0.0,100.0,0.138805413493892,0.151888036557711,0.013082623063818993,0.0,83.33333333333334,12,2.4604320029522744,1.192362798432298
DQN,404,147,5.484433163788903,12,1,0.7885039049161655,0.8426990610115273,-0.05419515609536174,-6.873162676489702,95.35121339555425,82.09014299740012,-13.261070398154132,85.41483691859922,0.0,100.0,0.18040012063006128,0.1424843252231959,-0.03791579540686538,0.0,91.66666666666666,12,2.7017287196342146,1.329672334414604
DQN,404,148,5.2685881718077745,12,1,0.8757001569471822,0.8383811565828371,0.0373190003643451,4.261618553826066,66.07228186768184,76.41238174407353,10.34009987639169,79.1733271166688,0.0,100.0,0.1274812629606376,0.14205473593210066,0.014573472971463053,0.0,100.0,12,2.5818778098938524,1.2231949743330521
DQN,404,149,4.4799468856816125,12,1,0.7714373633912834,0.8812938313239311,-0.1098564679326477,-14.240490951813934,97.16022647594153,72.43747348373209,-24.722752992209436,69.99976756017084,0.0,100.0,0.1973831079948057,0.16901908826649734,-0.028364019728308376,0.0,66.66666666666666,12,2.9631545306057707,1.4218405739846367
DQN,404,150,5.198279551890387,12,1,0.8677571496456219,0.8057143796679455,0.06204276997767644,7.149784937296537,73.02728675522859,75.99526058950389,2.9679738342752984,80.94464227412854,0.0,100.0,0.14017290777366112,0.20562938067799597,0.06545647290433484,0.0,91.66666666666666,12,2.4578887502598623,1.3151478319859131
DQN,404,151,5.330164805985621,12,1,0.889790489757171,0.8480251115497707,0.04176537820740034,4.693844077699499,96.63822270268301,74.62278840635037,-22.015434296332643,79.7772225441608,0.0,100.0,0.13658148070115222,0.13364090825667213,-0.002940572444480094,0.0,91.66666666666666,12,2.286535929593173,1.2674535919020788
DQN,404,152,5.402777973141799,12,1,0.8651533714176534,0.8306324635516601,0.03452090786599327,3.9901489153798,89.33721954748134,68.28489025917226,-21.052329288309082,83.01872989786645,0.0,100.0,0.15544737802650688,0.16151326134263946,0.0060658833161325865,0.0,100.0,12,2.6107153233906097,1.3019683251904923
DQN,404,153,5.335080479252588,12,1,0.8205475002266752,0.8909899553845232,-0.07044245515784797,-8.584811377572697,100.0,75.36461943942746,-24.635380560572543,85.45190400498656,0.0,100.0,0.16611022542088646,0.12673209134287394,-0.03937813407801252,0.0,100.0,12,2.5821483167248886,1.270689960081026
DQN,404,154,5.552854238525713,12,1,0.8662041313364737,0.9280893292001107,-0.061885197863637,-7.144412688052388,85.92993162095335,91.20228327219331,5.272351651239958,87.23846708807478,0.0,100.0,0.16581745549161195,0.10469423898958163,-0.061123216502030314,0.0,100.0,12,2.7232029669089406,1.3225845827160754
DQN,404,155,5.136590546310282,12,1,0.8391974544584528,0.9140153615572062,-0.07481790709875336,-8.915411587733486,75.55811495516038,63.05787607824536,-12.50023887691502,80.8302594321331,0.0,100.0,0.16213517479083386,0.11529471339979525,-0.04684046139103862,0.0,100.0,12,2.767859915823443,1.3001369983915552
DQN,404,156,5.1926161741331915,12,1,0.8347803116140202,0.8663387172942583,-0.031558405680238044,-3.7804444164741864,74.83924293797565,76.71582026072122,1.876577322745561,80.56660691642621,0.0,100.0,0.12488136039378106,0.1543187228578337,0.029437362464052652,0.0,100.0,12,2.4041499157517214,1.271219032046893
DQN,404,157,5.449068619765022,12,1,0.8697103631903167,0.8194749096048068,0.05023545358550985,5.776113027012068,70.12875600355032,94.18464020608887,24.05588420253855,84.33714169724196,0.0,100.0,0.13384746360356334,0.1566668957099398,0.022819432106376464,0.0,100.0,12,2.570049689756068,1.2195471509896165
DQN,404,158,5.564305985977729,12,1,0.8840736164034213,0.823444964749996,0.06062865165342535,6.8578736576343235,100.0,83.3333879369765,-16.666612063023507,88.51190309024463,0.0,100.0,0.14216340058545385,0.16196306207670633,0.01979966149125248,0.0,100.0,12,2.5605038220600096,1.1743902901801346
DQN,404,159,5.4320799036391225,12,1,0.9041636558785896,0.8921615128235721,0.012002143055017456,1.327430380217483,62.66104939454584,93.00978590675068,30.348736512204837,83.57296467646093,0.0,100.0,0.10644552150302679,0.09747213978409931,-0.008973381718927476,0.0,100.0,12,2.4524615280691324,1.2075759236241765
DQN,404,160,5.223440978031751,12,1,0.8120094083112794,0.8872336226427114,-0.075224214331432,-9.263958466672742,92.95412103617217,83.93789373156511,-9.016227304607057,85.35749788713933,0.0,100.0,0.18119187393859462,0.14136381745973794,-0.03982805647885668,0.0,100.0,12,2.6526286336834097,1.2877419067491944
DQN,404,161,5.427232251311148,12,1,0.8528527086919869,0.8670314188233601,-0.014178710131373173,-1.6625039689583614,73.7106892448856,94.30523963903234,20.594550394146736,82.01818498575058,0.0,100.0,0.13716215219893824,0.14897822161256974,0.011816069413631503,0.0,100.0,12,2.5501392601939856,1.259777368411909
DQN,404,162,5.0738750260631225,12,1,0.8860998356845139,0.8571922451613044,0.02890759052320946,3.2623401290756684,69.53161994765895,88.06537403395616,18.533754086297208,77.04539392141946,0.0,100.0,0.10761724280979618,0.12716311784904877,0.01954587503925259,0.0,91.66666666666666,12,2.419437201533138,1.1253915292554197
DQN,404,163,5.22592051535945,12,1,0.8232646642654101,0.787580947465147,0.035683716800263166,4.334416178557031,98.59624245174402,76.47216755058027,-22.124074901163752,80.87806880671155,0.0,100.0,0.1922541955354457,0.15280401439881952,-0.03945018113662618,0.0,100.0,12,2.7649539100043383,1.3801040547460404
DQN,404,164,3.93933819910447,12,0,0.7435895525122528,0.813156355376573,-0.06956680286432027,-9.355537961673278,0.039796972544228065,75.66016496213925,75.62036798959502,55.77929766263069,0.0,100.0,0.1796832228959641,0.16510219714727736,-0.014581025748686749,0.0,66.66666666666666,12,2.7183980880078304,1.4015018477736683
DQN,404,165,5.495887747241573,12,1,0.8247530446484543,0.847939410413705,-0.023186365765250683,-2.8113101146699884,96.88946137685139,61.37574552995413,-35.513715846897256,85.36988268071208,0.0,100.0,0.155689573477467,0.13122837338848972,-0.024461200088977286,0.0,100.0,12,2.5752801819897204,1.2547260633895336
DQN,404,166,4.5945375688793435,12,1,0.7642958830161085,0.8101489130682848,-0.045853030052176336,-5.9993820549220365,88.18448030683189,87.51969981593903,-0.6647804908928521,71.46029794389592,0.0,100.0,0.2140645820745364,0.16284283275053818,-0.05122174932399823,0.0,66.66666666666666,12,2.8839919471141866,1.3906273841731
DQN,404,167,5.104003281845842,12,1,0.8316304926781337,0.8486538101743875,-0.017023317496253743,-2.0469809183442584,70.48887983714106,91.88320700194913,21.394327164808075,79.50979886490943,0.0,100.0,0.19731839289932773,0.1348845081059885,-0.06243388479333922,0.0,91.66666666666666,12,2.929952670877594,1.4194031733192851
DQN,404,168,5.533958935233402,12,1,0.8896218725295013,0.8373612272578776,0.05226064527162366,5.8744784593738295,84.12981566579198,64.4893108807098,-19.640504785082186,83.60795732574405,0.0,100.0,0.12704686735596873,0.17644063620214145,0.04939376884617272,0.0,100.0,12,2.4521963766979353,1.1709516341789872
DQN,404,169,5.278079897337487,12,1,0.81467776631103,0.9513276119783829,-0.13664984566735294,-16.773484108461894,90.09889051831641,90.8237288266779,0.724838308361484,84.50056124118926,0.0,100.0,0.1572111339552158,0.1044930477113196,-0.05271808624389619,0.0,100.0,12,2.5896531124362876,1.285906475854088
DQN,404,170,5.586186176828572,12,1,0.9314765650642208,0.8797646397396687,0.051711925324552155,5.551607765997513,68.82983789199987,85.3777241120074,16.547886220007527,84.94276753578643,0.0,100.0,0.08932244955925316,0.12110496480554635,0.03178251524629319,0.0,100.0,12,2.350512668922937,1.1244585426689984
DQN,404,171,5.390976512378542,12,1,0.8161436299189135,0.8579783444593412,-0.04183471454042764,-5.12590100649123,91.82346397067494,100.0,8.176536029325064,86.11305261608341,0.0,100.0,0.19083472784448408,0.1670196877931685,-0.023815040051315572,0.0,100.0,12,2.8019255311843616,1.347686168071157
DQN,404,172,5.364707714256695,12,1,0.8232479204998752,0.8455038917628439,-0.022255971262968743,-2.7034348595080497,92.5751315183179,86.8489084119341,-5.726223106383799,83.32195452889192,0.0,100.0,0.16302258516092766,0.12513944621818943,-0.03788313894273823,0.0,100.0,12,2.5091023962798205,1.2287789298183776
DQN,404,173,5.054802604655631,12,1,0.8678093665529488,0.8558254833830248,0.011983883169924048,1.380934987775666,44.63444793879214,75.92975968728365,31.295311748491507,80.40400270807159,0.0,100.0,0.16290086768737896,0.17209757037549053,0.009196702688111569,0.0,91.66666666666666,12,2.6129183758745413,1.276992130953001
DQN,404,174,5.517539179140057,12,1,0.8434692203974758,0.8434135431763895,5.567722108634765e-05,0.0066009784044176924,82.35122857837293,89.76638119730828,7.415152618935352,86.18546809738393,0.0,100.0,0.1320559050899971,0.1651248279164551,0.033068922826458014,0.0,100.0,12,2.514320929709558,1.258730313042056
DQN,404,175,5.592050512748052,12,1,0.9054015833843497,0.8475998124650352,0.05780177091931449,6.384103140537276,100.0,98.61498351839475,-1.3850164816052484,83.60657918670704,0.0,100.0,0.08726360995493436,0.17340730702530402,0.08614369707036966,0.0,100.0,12,2.1582535405265104,1.167938628764464
DQN,404,176,5.434009693578557,12,1,0.9162117455493799,0.9178239739387003,-0.0016122283893204026,-0.17596678902579188,85.8168089561678,100.0,14.183191043832196,84.33465503612241,0.0,100.0,0.14191660025606986,0.09358947520894088,-0.04832712504712898,0.0,91.66666666666666,12,2.466351074602201,1.1903759156407125
DQN,404,177,5.60585251168182,12,1,0.8544551618324416,0.8842608457260953,-0.02980568389365368,-3.4882677552948724,95.82769477657953,74.775797995629,-21.05189678095053,88.01189988712859,0.0,100.0,0.18802004637173625,0.14536547773405456,-0.04265456863768169,0.0,100.0,12,2.8668100586986616,1.345063407643619
DQN,404,178,5.408720937025087,12,1,0.8697363654953202,0.8683794088346346,0.001356956660685582,0.1560193082087337,84.88444310291366,100.0,15.115556897086336,86.32648017075451,0.0,100.0,0.13550374229058962,0.14485915396202168,0.009355411671432057,0.0,100.0,12,2.5531320374843314,1.2177099242571396
DQN,404,179,5.593409378904215,12,1,0.8230257757776336,0.8603317615987509,-0.03730598582111733,-4.532784624621127,73.26180080028395,90.23801492219003,16.976214121906082,89.14548658704398,0.0,100.0,0.13208136353890687,0.11808323753493773,-0.013998126003969144,0.0,100.0,12,2.5673743832721376,1.1615743431880452
DQN,404,180,5.382802512173976,12,1,0.8074539760680004,0.8405035581590841,-0.03304958209108366,-4.093060789919297,100.0,100.0,0.0,86.11782407918945,0.0,100.0,0.16183175440163858,0.15176026654758182,-0.01007148785405676,0.0,100.0,12,2.6620793729035515,1.366543276491114
DQN,404,181,5.096425528114749,12,1,0.8937248883833059,0.8836128812168672,0.010112007166438675,1.1314451793695355,55.765742373140824,83.24873876814968,27.482996395008854,72.52368805190285,0.0,100.0,0.10537500029842838,0.1362851380647421,0.030910137766313725,0.0,83.33333333333334,12,2.382845402503158,1.143193794105829
DQN,404,182,5.0915857856250515,12,1,0.838099425772427,0.8294838059804082,0.008615619792018858,1.0279949522788834,83.53468915514682,89.75429542173256,6.219606266585743,77.68302633488814,0.0,100.0,0.13989659861261333,0.18685943200764055,0.046962833395027215,0.0,91.66666666666666,12,2.4491611781148643,1.1685200940009084
DQN,404,183,5.5213718128933245,12,1,0.8244616068966003,0.8400844403049392,-0.015622833408338921,-1.8949133928923212,88.43681877708596,94.08173110387943,5.644912326793474,85.45892408931117,0.0,100.0,0.1662687213358941,0.13212172736318958,-0.034146993972704515,0.0,100.0,12,2.8163381702185215,1.380820624677583
DQN,404,184,5.300764805600581,12,1,0.8712183262444853,0.8920024072495958,-0.020784081005110533,-2.385634045911703,83.31016444452266,67.55258658028276,-15.757577864239892,80.73902543736274,0.0,100.0,0.13027757531679532,0.13250571171948758,0.00222813640269226,0.0,100.0,12,2.394030770425354,1.1823888033872443
DQN,404,185,4.9059192686860875,12,1,0.7401750654203051,0.7983452348556571,-0.058170169435352026,-7.858974471440801,83.10011254701082,68.3357794755904,-14.764333071420424,72.78468024680953,0.0,100.0,0.21245492375139913,0.21831477646063277,0.005859852709233643,0.0,91.66666666666666,12,2.995118369853019,1.3645095633367927
DQN,404,186,5.5698354878017735,12,1,0.9371382849127293,0.8995192667637257,0.03761901814900359,4.014244082719003,73.24799734882674,91.19189175912243,17.943894410295684,82.10296096200535,0.0,100.0,0.09880730935501611,0.11263028105095822,0.013822971695942113,0.0,91.66666666666666,12,2.2642654874661257,1.1338289212215467
DQN,404,187,5.590190940600612,12,1,0.8868460800367222,0.8712725069818484,0.015573573054873724,1.7560626816131228,81.53913955159206,88.39767142945185,6.8585318778597895,89.15205385745337,0.0,100.0,0.12487307444946559,0.126558677475313,0.0016856030258474014,0.0,100.0,12,2.565621200259877,1.2675129041988966
DQN,404,188,5.452662881381366,12,1,0.8337393947865707,0.7974959114688339,0.03624348331773675,4.347099770548174,96.46813489498352,84.65466309420364,-11.81347180077988,87.85205454798644,0.0,100.0,0.18107697063879843,0.1912954085492567,0.010218437910458261,0.0,100.0,12,2.8371815391448876,1.3027367027016463
DQN,404,189,4.183388562849868,12,1,0.7957240445382403,0.8691423124784862,-0.07341826794024586,-9.226599151323947,52.64422459883389,84.6687657936711,32.02454119483721,60.807604262239295,0.0,100.0,0.15633651275963903,0.1387163084789903,-0.017620204280648727,0.0,58.333333333333336,12,2.3867706750424835,1.3629638643337503
DQN,404,190,5.281168936447071,12,1,0.847441737066481,0.8140555979128299,0.03338613915365107,3.939638289379175,86.13902173473589,94.60104998500653,8.462028250270635,84.56342093812061,0.0,100.0,0.15187334687858559,0.17857919405315517,0.026705847174569586,0.0,100.0,12,2.730224649860079,1.3192664621678865
DQN,404,191,4.639208839488819,12,1,0.8065345604391381,0.9475270516137282,-0.14099249117459012,-17.481270870503455,97.15702104629594,2.2986741333155774,-94.85834691298037,73.61853172388642,0.0,100.0,0.16836163430604667,0.0888075994805802,-0.07955403482546647,0.0,83.33333333333334,12,2.9013881417358305,1.2512594709858926
DQN,404,192,5.583538683511517,12,1,0.8149628279488554,0.8667484758430867,-0.051785647894231235,-6.354357047740236,78.4365757085848,94.43702340009342,16.000447691508626,89.30921837405394,0.0,100.0,0.18846723222099981,0.10785073547966056,-0.08061649674133925,0.0,100.0,12,2.9906762463702683,1.3003359783447004
DQN,404,193,5.375473601696456,12,1,0.8842740354309664,0.8256175513925342,0.058656484038432155,6.6332925867087,96.66526853650713,72.15306064484602,-24.512207891661106,81.7503732052301,0.0,100.0,0.1395570567253638,0.1548069603066488,0.015249903581285001,0.0,100.0,12,2.698336123924197,1.2788029897388644
DQN,404,194,5.610681831777503,12,1,0.862767359424548,0.906259932453569,-0.04349257302902099,-5.041054526915556,68.07483466821618,86.86262751590117,18.787792847684983,89.2096410862455,0.0,100.0,0.1539128242905602,0.1152289516895507,-0.038683872601009486,0.0,100.0,12,2.672305843240453,1.2377336353188173
DQN,404,195,4.907063657975595,12,1,0.7699677452802006,0.9199809856092094,-0.15001324032900876,-19.483055134266323,88.77952590241617,10.16888354490795,-78.61064235750821,75.23319947113906,0.0,100.0,0.17576497376359612,0.10072188357671866,-0.07504309018687746,0.0,83.33333333333334,12,2.718133963326739,1.3404333405129485
DQN,404,196,5.416728085224855,12,1,0.8495953545419204,0.8999051171554502,-0.05030976261352982,-5.9216146068331,83.62725506507928,100.0,16.372744934920718,81.41953796375599,0.0,100.0,0.12124211958872919,0.13341816704939002,0.012176047460660838,0.0,91.66666666666666,12,2.3445925844097917,1.2803879635968791
DQN,404,197,5.1419061347810695,12,1,0.8312247030276145,0.899993860199715,-0.06876915717210041,-8.27323308867251,56.84282461918572,88.66583977607971,31.823015156893987,80.02175102486663,0.0,100.0,0.15303723971849417,0.10369999625414092,-0.04933724346435325,0.0,91.66666666666666,12,2.538297874928262,1.2818717417736618
DQN,404,198,5.491053403049382,12,1,0.8408321882165801,0.9472730325793289,-0.10644084436274881,-12.658987828298024,95.1796850374081,99.51926464650982,4.339579609101719,86.31566887636994,0.0,100.0,0.16177903148401782,0.09879745847109866,-0.06298157301291915,0.0,100.0,12,2.594241606232228,1.240684311818687
DQN,404,199,4.981847206407001,12,1,0.8860146706558372,0.8969305994086207,-0.010915928752783577,-1.2320257343711358,100.0,83.66627910847326,-16.33372089152674,77.44954239287561,0.0,100.0,0.11106812881614703,0.16474993851274833,0.0536818096966013,0.0,91.66666666666666,12,2.5561409546731055,1.2925755190204307
DQN,404,200,5.348154344681806,12,1,0.903600058091904,0.8169644674133838,0.08663559067852022,9.587824823901087,59.995272942403645,98.93911382944258,38.94384088703893,79.84317180159785,0.0,100.0,0.10495374299576181,0.12093208603596778,0.01597834304020597,0.0,91.66666666666666,12,2.3536499156905966,1.2663372494537681
