algorithm,seed,episode,reward,episode_length,success,skill_gap_initial,skill_gap_final,skill_gap_reduction,skill_gap_reduction_pct,quiz_initial,quiz_final,quiz_improvement,avg_quiz_score,course_completion,video_completion,learning_progress_initial,learning_progress_final,learning_progress_improvement,target_skill_coverage,recommendation_success,steps_to_skill_goal,average_q_value,std_q_value
Dueling DQN,42,1,5.20770850758143,12,1,0.836741839603006,0.8418065676017275,-0.0050647279987214855,-0.6052915916245395,67.94446639866713,57.40609046397014,-10.538375934696994,77.98797650565037,0.0,100.0,0.16709114078853082,0.12415284044307377,-0.04293830034545705,0.0,83.33333333333334,12,2.4400803626314107,1.1770261595333273
Dueling DQN,42,2,5.556471513370695,12,1,0.882346933909034,0.7797633253573965,0.1025836085516375,11.62622145658336,100.0,83.60649946708993,-16.393500532910068,85.19689164881825,0.0,100.0,0.13737049436549997,0.20716172652297093,0.06979123215747096,0.0,100.0,12,2.455585183005493,1.205369845695667
Dueling DQN,42,3,5.609194504697574,12,1,0.8156981525350622,0.8603398135516738,-0.0446416610166116,-5.47281624677858,72.55142106076482,89.74926893160647,17.197847870841642,88.14997816635088,0.0,100.0,0.17760877139346917,0.14425678172305928,-0.03335198967040989,0.0,100.0,12,2.5093012527981773,1.1721360035870656
Dueling DQN,42,4,5.090520965883865,12,1,0.8653123989448804,0.9029648320907121,-0.037652433145831665,-4.351310947554109,76.79608012845827,26.6185217110783,-50.17755841737997,79.98124409447614,0.0,100.0,0.1645176842131023,0.10228534291991084,-0.06223234129319147,0.0,91.66666666666666,12,2.5295351719694144,1.1831041434075817
Dueling DQN,42,5,5.264210473211767,12,1,0.8047662172797866,0.8461938568835015,-0.04142763960371487,-5.147785619498993,77.12485910281866,91.00651083668468,13.881651733866022,84.97163126475046,0.0,100.0,0.1939299514855927,0.16451129312433477,-0.029418658361257927,0.0,100.0,12,2.534889466709005,1.1934876821276394
Dueling DQN,42,6,5.726436750911632,12,1,0.8409198939609533,0.8450778361222367,-0.004157942161283401,-0.4944516345901156,79.6280220729939,86.61669169036324,6.9886696173693394,89.68639883236925,0.0,100.0,0.17922771643894786,0.16665735283591732,-0.012570363603030543,0.0,100.0,12,2.460159169449985,1.1651832931970045
Dueling DQN,42,7,5.518917229059367,12,1,0.8317208413428094,0.842064810801382,-0.010343969458572522,-1.2436828493887724,74.30166552715579,93.93652700234429,19.6348614751885,84.48357373994476,0.0,100.0,0.1794881863676029,0.15780330383111393,-0.021684882536488953,0.0,100.0,12,2.461961354189311,1.2123082135463084
Dueling DQN,42,8,5.261935844642727,12,1,0.9401517498552632,0.8358385533134893,0.10431319654177384,11.095357377979981,81.46749654769344,79.24853964258891,-2.218956905104534,78.54894580680164,0.0,100.0,0.11019857041216338,0.17044978044833065,0.06025121003616726,0.0,91.66666666666666,12,2.340782513187605,1.2473767545026202
Dueling DQN,42,9,5.345658423040876,12,1,0.8461571763480773,0.8879324173198958,-0.041775240971818506,-4.937054502346233,93.27828460875938,61.52291391245301,-31.755370696306365,82.30704711037727,0.0,100.0,0.13513155853697048,0.1112242230381285,-0.023907335498841983,0.0,100.0,12,2.420373874868652,1.1207478590382387
Dueling DQN,42,10,5.364724730051253,12,1,0.8779162317143749,0.8938689183472501,-0.01595268663287519,-1.8171080630008565,74.2025217189306,88.38452610454088,14.182004385610284,84.52065999193745,0.0,100.0,0.1639521821281572,0.1263492780405253,-0.03760290408763192,0.0,91.66666666666666,12,2.3787659203021314,1.2297342285391557
Dueling DQN,42,11,5.414717958668075,12,1,0.8762947839817304,0.8997489794537286,-0.02345419547199812,-2.6765188953226846,86.72150701034512,60.77147138040401,-25.950035629941112,82.8455146986163,0.0,100.0,0.12570532206455146,0.1480876930613906,0.02238237099683915,0.0,100.0,12,2.3574105931582303,1.1178212700925263
Dueling DQN,42,12,5.467672534995582,12,1,0.9210636107448655,0.8876373539875029,0.03342625675736266,3.629093188290307,83.41324410081367,72.22172386453938,-11.191520236274286,81.89800283472277,0.0,100.0,0.08863090215600233,0.13767635054932778,0.04904544839332545,0.0,100.0,12,2.4119433339266827,1.1151986907021108
Dueling DQN,42,13,5.567948666052964,12,1,0.8363369854152507,0.9089097780218436,-0.07257279260659288,-8.677458234202051,100.0,86.7131282135884,-13.286871786411595,88.92025048347288,0.0,100.0,0.17365353928233296,0.09033951377724299,-0.08331402550508997,0.0,100.0,12,2.5090509778084287,1.2098518007562327
Dueling DQN,42,14,5.207286029769656,12,1,0.8744996584293283,0.8164787958246148,0.05802086260471351,6.634749601723532,83.1199592974788,51.28557758528832,-31.834381712190478,82.46607204047113,0.0,100.0,0.138576060894879,0.1686473766997012,0.030071315804822196,0.0,83.33333333333334,12,2.3758702851025153,1.216749531742966
Dueling DQN,42,15,5.4720879774137305,12,1,0.8134461000514632,0.8413418212751662,-0.027895721223702985,-3.429326321920794,97.29784023336641,74.22640549388308,-23.071434739483337,88.06892259380606,0.0,100.0,0.17127119983970776,0.15677459928682133,-0.01449660055288643,0.0,100.0,12,2.5452783096806626,1.1620320454190767
Dueling DQN,42,16,5.326330983728093,12,1,0.8819621007927732,0.904051204277663,-0.022089103484889794,-2.504541120875201,87.66227118179532,94.36933523629793,6.7070640545026095,84.86698798807214,0.0,100.0,0.15958280673170114,0.11386071743401745,-0.04572208929768369,0.0,91.66666666666666,12,2.4642024598795715,1.22870627532904
Dueling DQN,42,17,5.563502943621642,12,1,0.8906735078259477,0.8602841401726653,0.030389367653282373,3.411953694172406,85.43513948488048,100.0,14.56486051511952,86.97592759331268,0.0,100.0,0.1370431970823981,0.1794175910909379,0.04237439400853982,0.0,100.0,12,2.4052583234211715,1.270479134066491
Dueling DQN,42,18,5.239726036690632,12,1,0.8392312858507396,0.8282865437479359,0.010944742102803717,1.3041389527928395,72.06364665648766,61.06298501157992,-11.000661644907744,79.54101617297832,0.0,100.0,0.14228311431680782,0.16452333723955337,0.02224022292274555,0.0,100.0,12,2.3928007657131265,1.1468213523801183
Dueling DQN,42,19,5.454773098470992,12,1,0.8570001252875423,0.8139616787753509,0.043038446512191464,5.02198835709051,89.45921446694386,93.72109541519406,4.2618809482501945,87.57477734218911,0.0,100.0,0.1613854632821814,0.16403023196970967,0.002644768687528276,0.0,100.0,12,2.400746985446958,1.2330587624428833
Dueling DQN,42,20,5.587045554094816,12,1,0.8026591985359588,0.8488259963282146,-0.046166797792255854,-5.7517309807778405,93.55096979114289,100.0,6.44903020885711,87.01478999005276,0.0,100.0,0.17895626410072626,0.11895016966990675,-0.060006094430819515,0.0,100.0,12,2.440269559513796,1.2040920130621675
Dueling DQN,42,21,5.3082033908515305,12,1,0.762180467431069,0.8192610126218624,-0.05708054519079331,-7.489111520160496,85.60158800007162,89.13019651130593,3.52860851123431,84.15108186663596,0.0,100.0,0.18969816121819247,0.17416090091035874,-0.015537260307833728,0.0,100.0,12,2.554307025931801,1.166979861863341
Dueling DQN,42,22,5.578855793385946,12,1,0.8497215027656517,0.8698709840561275,-0.02014948129047578,-2.3713041537602337,90.49167036283225,75.14727834997694,-15.344392012855309,85.30632915078819,0.0,100.0,0.15224774713655542,0.14874059014923213,-0.00350715698732329,0.0,100.0,12,2.415757063713895,1.2149740762599972
Dueling DQN,42,23,5.332208362928524,12,1,0.8110748379595101,0.8137982099672977,-0.0027233720077876056,-0.33577320862758164,76.793955207394,66.22451775560533,-10.569437451788673,82.06205625049266,0.0,100.0,0.1860854085434913,0.15681482126674962,-0.029270587276741672,0.0,100.0,12,2.5130060243564043,1.2101949988834237
Dueling DQN,42,24,5.343552774244687,12,1,0.8684174208328106,0.8109287750256506,0.057488645807159955,6.619932353732431,100.0,71.08956982711472,-28.910430172885285,84.72249426600797,0.0,100.0,0.17089499179185644,0.1656557292870745,-0.005239262504781933,0.0,100.0,12,2.4625201917464987,1.2800625187008374
Dueling DQN,42,25,4.95157354112353,12,1,0.8564599439042814,0.8073840710532652,0.04907587285101622,5.730083841083989,100.0,56.67205325082803,-43.32794674917197,78.33782845656862,0.0,100.0,0.14518675536096673,0.19337910190626345,0.04819234654529672,0.0,83.33333333333334,12,2.482595086118709,1.2341329736915247
Dueling DQN,42,26,5.538247585129149,12,1,0.9115318148882888,0.824144675615271,0.08738713927301778,9.58684467680674,74.41478824498601,77.25364639211479,2.838858147128775,83.5420969307184,0.0,100.0,0.0904642231843808,0.15281634658597654,0.06235212340159574,0.0,100.0,12,2.3937953900462787,1.1056409834226595
Dueling DQN,42,27,5.458266871825018,12,1,0.8508280148951736,0.7895895306070523,0.061238484288121287,7.197516209626241,97.13272807639429,98.78276255053163,1.6500344741373425,87.67811080432587,0.0,100.0,0.15499592227559458,0.1935238436162957,0.03852792134070113,0.0,100.0,12,2.5081948166613635,1.1548419547261441
Dueling DQN,42,28,5.581610987213928,12,1,0.8641061560767316,0.8671358969933461,-0.003029740916614565,-0.3506213785549663,100.0,92.68585678758984,-7.314143212410158,86.84456458973311,0.0,100.0,0.15344584527471145,0.1587093473428468,0.005263502068135362,0.0,100.0,12,2.4459715054779454,1.2224572990685836
Dueling DQN,42,29,5.546058617694685,12,1,0.8872871140441424,0.8879465709171755,-0.0006594568730331485,-0.07432282770651627,99.36108613862933,85.54989294405875,-13.811193194570578,88.19002740376203,0.0,100.0,0.09453817460379714,0.14397405115741602,0.04943587655361888,0.0,100.0,12,2.412635394953473,1.0241607936237689
Dueling DQN,42,30,5.305832876725153,12,1,0.8237739025019252,0.8577782733987711,-0.03400437089684594,-4.12787668965593,100.0,71.05954036922537,-28.940459630774626,80.27521682654232,0.0,100.0,0.1415521854660643,0.1098174078684855,-0.0317347775975788,0.0,100.0,12,2.4771974008247875,1.1862375780528807
Dueling DQN,42,31,5.539518474902472,12,1,0.8911314543781254,0.8288749534742375,0.0622565009038879,6.986230886366086,98.12333589301794,86.9532162309345,-11.170119662083437,84.64480840851472,0.0,100.0,0.10210185032241988,0.14086588363447994,0.03876403331206006,0.0,100.0,12,2.4706467338346263,1.1448426810369803
Dueling DQN,42,32,5.471557943552398,12,1,0.8337213882252209,0.7946438999349571,0.03907748829026381,4.6871159648968295,82.6001858828516,91.8872888358489,9.287102952997301,83.66610557453802,0.0,100.0,0.158078790523272,0.2154536738365966,0.057374883313324604,0.0,100.0,12,2.5767003759570017,1.1805513412298942
Dueling DQN,42,33,5.204267397146605,12,1,0.8224682872433651,0.8593546257802588,-0.036886338536893715,-4.484834139991491,62.05852401541287,91.93958460032925,29.881060584916384,77.29242661670413,0.0,100.0,0.15662456684889436,0.12525106748189452,-0.031373499366999846,0.0,83.33333333333334,12,2.441213632527448,1.1519489199589332
Dueling DQN,42,34,5.219466642120613,12,1,0.8243698004064184,0.8536543961525069,-0.02928459574608855,-3.552361541100984,85.95997105626208,75.6809692007927,-10.279001855469375,82.10235426059613,0.0,100.0,0.18960030737244402,0.12123576923220572,-0.0683645381402383,0.0,83.33333333333334,12,2.457148156705688,1.2026631417233073
Dueling DQN,42,35,5.454191667417098,12,1,0.8957625338377495,0.8259605512462225,0.06980198259152703,7.792465073580577,94.1706656270144,86.57516320406646,-7.595502422947945,85.48821866980724,0.0,100.0,0.10737318842325849,0.17602803213330281,0.06865484371004432,0.0,91.66666666666666,12,2.4330769565057975,1.1292332418546815
Dueling DQN,42,36,5.195625823641149,12,1,0.7947803816283823,0.9066989867858697,-0.11191860515748742,-14.081702032979662,100.0,70.01000587378812,-29.989994126211883,80.34060858929492,0.0,100.0,0.17865931744223967,0.13358532313934182,-0.04507399430289785,0.0,91.66666666666666,12,2.595059499960707,1.2343236228712748
Dueling DQN,42,37,5.345297095520259,12,1,0.8773721454917902,0.8911942782352436,-0.013822132743453341,-1.5754013635463286,71.0592400114221,86.78325890095884,15.724018889536737,82.6863002437728,0.0,100.0,0.10615160538857465,0.12528818951916076,0.01913658413058611,0.0,91.66666666666666,12,2.489377620691094,1.1323974726573918
Dueling DQN,42,38,5.378303373251933,12,1,0.8198647009297302,0.8280082117760609,-0.008143510846330693,-0.9932749680643544,86.22636752072043,100.0,13.77363247927957,85.37115571496855,0.0,100.0,0.18031698413847297,0.1388833700103238,-0.041433614128149165,0.0,100.0,12,2.482285652931619,1.1755398476365753
Dueling DQN,42,39,5.491321178127042,12,1,0.8529032412431107,0.8784733119132468,-0.02557007067013617,-2.9980036929942564,100.0,86.58468928504632,-13.415310714953677,88.1162826042024,0.0,100.0,0.14754172522635634,0.1328333040916243,-0.01470842113473203,0.0,100.0,12,2.472463743781745,1.1901437796440593
Dueling DQN,42,40,5.608885491676379,12,1,0.8411093611854691,0.7854084809135645,0.05570088027190456,6.6223113000905265,80.7542378245807,96.48312752087932,15.728889696298623,86.58684697564071,0.0,100.0,0.14277149164114608,0.1755085230644757,0.03273703142332962,0.0,100.0,12,2.478600773722336,1.2322952307559456
Dueling DQN,42,41,5.141373827085754,12,1,0.8152393381499785,0.845212697395515,-0.029973359245536457,-3.6766330871072737,82.22888539171046,91.99885205839243,9.769966666681967,76.63454886768757,0.0,100.0,0.15969489970506423,0.1485404493633028,-0.011154450341761435,0.0,83.33333333333334,12,2.3714265174284455,1.2521002694278756
Dueling DQN,42,42,5.487875467754977,12,1,0.8977746493548464,0.8473817431712625,0.05039290618358394,5.6130907928617715,69.98506898179926,73.72123964882839,3.7361706670291284,79.9107045188842,0.0,100.0,0.09661721573992062,0.14963444768807313,0.05301723194815251,0.0,91.66666666666666,12,2.2723162430998216,1.067658873839024
Dueling DQN,42,43,5.3696509377815556,12,1,0.8301872275696576,0.8912235753525481,-0.061036347782890576,-7.352118384376044,85.29388765023518,87.2121907422822,1.9183030920470259,85.4564077198118,0.0,100.0,0.1721255127274757,0.15493297570585718,-0.01719253702161852,0.0,91.66666666666666,12,2.5037866288146304,1.2267389032041724
Dueling DQN,42,44,5.314742836801255,12,1,0.8375765399612755,0.8648846690773716,-0.027308129116096147,-3.2603741644147184,86.01143739500434,61.99072571328863,-24.020711681715703,81.58639832753512,0.0,100.0,0.1627962746552802,0.14516329132052397,-0.01763298333475624,0.0,91.66666666666666,12,2.5320843821805394,1.1562258355724127
Dueling DQN,42,45,5.626634940424584,12,1,0.8897209867027295,0.8818690839597265,0.007851902743002959,0.8825129293737127,89.04144008872672,100.0,10.958559911273284,84.01496856473064,0.0,100.0,0.10469848069953626,0.12772394778655322,0.023025467087016957,0.0,100.0,12,2.415546858193959,1.1216154856935556
Dueling DQN,42,46,4.638942391647895,12,1,0.7731270929710347,0.8237152658911521,-0.050588172920117414,-6.5433191230840375,78.86260741190789,76.47187957946137,-2.3907278324465153,72.58830269846614,0.0,100.0,0.20615385583318638,0.13348880589026735,-0.07266504994291903,0.0,83.33333333333334,12,2.5461751281967997,1.2349861826394815
Dueling DQN,42,47,5.650599750150723,12,1,0.8456858104262993,0.8644519042390817,-0.01876609381278238,-2.2190385106878683,83.93026480146439,77.78090036797126,-6.149364433493133,86.03587235035225,0.0,100.0,0.10689502608832686,0.18455685269635314,0.07766182660802627,0.0,100.0,12,2.414067472451372,1.0419802583550495
Dueling DQN,42,48,5.262871458959244,12,1,0.8765775234244426,0.757863317381999,0.11871420604244365,13.542921518073388,100.0,84.23631306450956,-15.76368693549044,78.735890294274,0.0,100.0,0.13893154519907375,0.20183705577869704,0.06290551057962329,0.0,91.66666666666666,12,2.389514222391325,1.1575049335639147
Dueling DQN,42,49,5.222230202743241,12,1,0.9022682864389967,0.9171999234303507,-0.014931636991354025,-1.6548999023655218,87.69257275672379,3.3822388546387074,-84.31033390208509,77.96632532490754,0.0,100.0,0.12588528530017895,0.14005939734901757,0.014174112048838616,0.0,91.66666666666666,12,2.382756759370792,1.1356643501980095
Dueling DQN,42,50,5.491151157669412,12,1,0.8683667846372891,0.8355149561725324,0.03285182846475676,3.7831742353524893,85.88385374495907,100.0,14.116146255040931,84.53632934928255,0.0,100.0,0.148420022632632,0.14606769936953834,-0.0023523232630936475,0.0,100.0,12,2.351010163786778,1.2015294474370048
Dueling DQN,42,51,5.493160287571465,12,1,0.9199744405144508,0.8836858329207476,0.036288607593703115,3.9445234558267166,76.25618509347724,66.50975025224251,-9.74643484123473,84.28973608663522,0.0,100.0,0.10977181924170368,0.12684190701261386,0.01707008777091018,0.0,100.0,12,2.3588513322362794,1.1191733423399988
Dueling DQN,42,52,5.636474337578579,12,1,0.8525992492642924,0.8098174025154554,0.042781846748837005,5.017814264527378,72.99727210376929,89.14037359861076,16.143101494841474,88.29999256117641,0.0,100.0,0.1461105741902487,0.18199976820932676,0.03588919401907806,0.0,100.0,12,2.4659441195210845,1.170312272453967
Dueling DQN,42,53,5.020695622676834,12,1,0.8248458643276448,0.8665637862519029,-0.04171792192425805,-5.057662737784774,100.0,80.38679636120521,-19.613203638794786,79.86399233797974,0.0,100.0,0.18455938776001324,0.12367023377332312,-0.06088915398669012,0.0,83.33333333333334,12,2.559614411105883,1.237469133896084
Dueling DQN,42,54,5.240806828612865,12,1,0.839496955318302,0.8130787321652697,0.026418223153032327,3.1469111335866184,93.21311835239618,91.74205269995518,-1.4710656524409984,84.39446515946543,0.0,100.0,0.17138873211684583,0.17691228368857312,0.005523551571727292,0.0,100.0,12,2.5923058709176208,1.1880464529912345
Dueling DQN,42,55,5.536926439216349,12,1,0.8811858280510517,0.8279157333402013,0.053270094710850424,6.045273654555893,95.23276473485198,79.6150417929159,-15.61772294193608,86.21007156815722,0.0,100.0,0.10220068056346131,0.14547159747073027,0.04327091690726896,0.0,100.0,12,2.4599435939377945,1.1427248274528194
Dueling DQN,42,56,5.681905320422412,12,1,0.8906434040874714,0.868025698385136,0.022617705702335456,2.539479391924418,82.40775961247463,93.36277752410689,10.955017911632254,88.72653149160531,0.0,100.0,0.13640798750610936,0.14681861292686837,0.010410625420759018,0.0,100.0,12,2.4056039512630014,1.1888971822527923
Dueling DQN,42,57,5.171355235404579,12,1,0.8667243940897709,0.7809650195650384,0.08575937452473248,9.89465337649767,95.3646322692388,14.507747420839175,-80.85688484839962,82.68012017961856,0.0,100.0,0.15647825233743387,0.1947151855553611,0.03823693321792723,0.0,91.66666666666666,12,2.4506527163304344,1.1961116563616871
Dueling DQN,42,58,5.205306346526506,12,1,0.7893467175153984,0.8103551533303545,-0.02100843581495604,-2.6614965703643674,74.13926490005258,100.0,25.86073509994742,78.32409375803616,0.0,100.0,0.1897887719546252,0.16666420246539823,-0.023124569489226976,0.0,91.66666666666666,12,2.5067448488578243,1.2515882662089777
Dueling DQN,42,59,5.622034232265285,12,1,0.856698544825792,0.807201248056639,0.04949729676915304,5.777679566295776,63.71858005649816,81.37219008800115,17.653610031502986,86.69060872001415,0.0,100.0,0.11635534900914148,0.166967378374656,0.050612029365514524,0.0,100.0,12,2.4659700645829896,1.0506076670718705
Dueling DQN,42,60,5.618312751843884,12,1,0.8837584890180039,0.8684396139325876,0.015318875085416295,1.7333779845711015,94.42769157172344,81.35945116495809,-13.068240406765355,89.44091121409188,0.0,100.0,0.11489937810828645,0.12595607600784603,0.011056697899559584,0.0,100.0,12,2.4411309790585602,1.067577098599135
Dueling DQN,42,61,5.597713201202535,12,1,0.8866371302599984,0.8623953333901389,0.0242417968698595,2.7341283195246753,81.08848447408897,69.21275655507363,-11.875727919015347,83.3941131360087,0.0,100.0,0.0949181161779419,0.16469382497088383,0.06977570879294194,0.0,100.0,12,2.387570500335951,1.1420831494225747
Dueling DQN,42,62,5.577354446507387,12,1,0.8523137585874313,0.882463463022481,-0.030149704435049718,-3.5373950181231204,85.2930365914994,90.99932934196899,5.706292750469586,90.00179237773206,0.0,100.0,0.15453760639014494,0.13506361662331465,-0.01947398976683029,0.0,100.0,12,2.4704333474914333,1.1664828307392283
Dueling DQN,42,63,5.067438267979013,12,1,0.8292210903332432,0.820320873585971,0.00890021674727215,1.0733225253225742,87.02798783226112,73.92027155299769,-13.107716279263428,76.90875426532274,0.0,100.0,0.14431923080694978,0.21440092685973544,0.07008169605278566,0.0,83.33333333333334,12,2.4597961102572574,1.1515638432110278
Dueling DQN,42,64,4.445291102083912,12,1,0.839411323573638,0.8428157349893306,-0.0034044114156925875,-0.40557129980078627,100.0,47.2538067303323,-52.7461932696677,69.68967565717226,0.0,100.0,0.13765117966188545,0.15055756027219439,0.012906380610308937,0.0,75.0,12,2.598914913659723,1.2703982059673062
Dueling DQN,42,65,5.051466572375701,12,1,0.8045817338748972,0.8840182167155712,-0.07943648284067406,-9.873015940606164,100.0,71.37985378701141,-28.620146212988587,81.87061506841972,0.0,100.0,0.17440489698362036,0.09815401663849962,-0.07625088034512073,0.0,100.0,12,2.5253945361448453,1.2207348061020489
Dueling DQN,42,66,5.570379024183751,12,1,0.8056136933065279,0.8814089338975533,-0.07579524059102538,-9.40838533664125,82.99205172074335,83.85768747620904,0.8656357554656893,86.75478218303714,0.0,100.0,0.17569372251640689,0.10013647774225007,-0.07555724477415682,0.0,100.0,12,2.5154408096468166,1.2082543554969283
Dueling DQN,42,67,5.544625199556274,12,1,0.9009853390545903,0.8236059805016784,0.07737935855291189,8.58830384899565,85.10700216473217,100.0,14.892997835267835,85.36229659095788,0.0,100.0,0.10069808375167287,0.1295706580359518,0.028872574284278932,0.0,100.0,12,2.383292620022193,1.088380250844795
Dueling DQN,42,68,5.626703576395136,12,1,0.8644833721854912,0.8437251878958921,0.02075818428959908,2.4012242406838356,88.838182235647,92.9707670286959,4.132584793048906,88.54068309274233,0.0,100.0,0.14660700337094873,0.1721592535266255,0.025552250155676776,0.0,100.0,12,2.4407752807422303,1.138690221637036
Dueling DQN,42,69,5.06760221798825,12,1,0.8301990897876109,0.8200300596665935,0.010169030121017442,1.2248905408483375,100.0,82.71666088289858,-17.28333911710142,75.52835683100375,0.0,100.0,0.16878225072588451,0.19083336653495953,0.02205111580907501,0.0,75.0,12,2.4025038860278314,1.2303301731648635
Dueling DQN,42,70,5.2696037590528855,12,1,0.8374737361872147,0.8187873578245259,0.018686378362688716,2.2312793291599338,94.94346935538056,81.88300022754265,-13.060469127837905,84.291964714842,0.0,100.0,0.17916965359069092,0.16944665368586748,-0.009722999904823448,0.0,100.0,12,2.572581343589693,1.195571020014719
Dueling DQN,42,71,5.502804474163857,12,1,0.7880174904333186,0.8589492031527779,-0.0709317127194593,-9.001286593328665,84.63922364239886,100.0,15.36077635760114,86.72696856418672,0.0,100.0,0.17792169564063856,0.16529204935816785,-0.012629646282470708,0.0,100.0,12,2.5159266977201535,1.1733892108121327
Dueling DQN,42,72,5.50546705022821,12,1,0.878531679668788,0.8530992735927494,0.025432406076038583,2.8948763789174636,69.03903530053609,98.77752109560274,29.73848579506665,83.6510305311106,0.0,100.0,0.09290496043242762,0.1827813675819818,0.08987640714955418,0.0,100.0,12,2.4205391021237306,1.0586046630189443
Dueling DQN,42,73,5.399514040683935,12,1,0.8576367923568954,0.7841137988668709,0.07352299349002445,8.572742464554707,81.27447585506879,95.49864574410127,14.224169889032481,86.41490340952892,0.0,100.0,0.13052927679003823,0.20328645801723258,0.07275718122719435,0.0,100.0,12,2.437679424918472,1.1115867914204642
Dueling DQN,42,74,5.325993666388175,12,1,0.8161706765948861,0.8491895705423929,-0.03301889394750679,-4.045586896758363,90.67846959608315,70.6169445741513,-20.061525021931843,81.9531011904782,0.0,100.0,0.1787458718868098,0.15604553202492066,-0.02270033986188913,0.0,100.0,12,2.5302054336795163,1.21034961517647
Dueling DQN,42,75,5.497828330141349,12,1,0.7954191391809581,0.7796532000203442,0.015765939160613862,1.9820920045811354,100.0,81.45825635594974,-18.541743644050257,86.14922191682338,0.0,100.0,0.17234911431186506,0.19157862434297887,0.01922951003111381,0.0,100.0,12,2.5608389108743994,1.122495430282329
Dueling DQN,42,76,5.499559532057821,12,1,0.8573029630638496,0.8150209722830798,0.042281990780769774,4.931977679123071,88.52894434389165,93.07943476673418,4.550490422842529,82.53444405850115,0.0,100.0,0.13647843548319774,0.14983685139203534,0.013358415908837601,0.0,100.0,12,2.359058748849355,1.136737797971167
Dueling DQN,42,77,5.543988782730641,12,1,0.9039070230814437,0.8164577241053242,0.08744929897611942,9.67459005661914,90.36894902612102,63.88161233463834,-26.487336691482675,82.82569095389299,0.0,100.0,0.09941719820885567,0.1891925323799999,0.08977533417114422,0.0,100.0,12,2.3366375004818054,1.0480648209827566
Dueling DQN,42,78,5.1912596985799055,12,1,0.8458330461099713,0.8692418750260773,-0.02340882891610596,-2.7675472155840137,89.1399703478692,64.28308593358135,-24.856884414287848,82.5964347738973,0.0,100.0,0.1920906889979833,0.14232445479617026,-0.04976623420181303,0.0,100.0,12,2.599810113899668,1.2101709804847032
Dueling DQN,42,79,5.345134905404945,12,1,0.8371782602353095,0.8264646167519365,0.010713643483373003,1.2797326438411898,93.98459908447664,100.0,6.015400915523358,83.7183279727203,0.0,100.0,0.16314933319348784,0.14945938639922263,-0.013689946794265218,0.0,100.0,12,2.550659819937681,1.233275918278669
Dueling DQN,42,80,5.110421598498024,12,1,0.9059374905613197,0.8693277822944779,0.036609708266841734,4.041085466521352,71.59199637363236,70.14744607001488,-1.4445503036174756,79.14804053890036,0.0,100.0,0.14079002771434102,0.17086869445090944,0.03007866673656842,0.0,100.0,12,2.3018416229390652,1.2426645660760622
Dueling DQN,42,81,5.224027504549172,12,1,0.8475804338824083,0.8331341772887131,0.01444625659369525,1.7044112884393807,98.7718375252787,82.61313458440021,-16.158702940878484,80.65771342881509,0.0,100.0,0.16263678723543484,0.1507792090401191,-0.011857578195315743,0.0,100.0,12,2.4491145321817656,1.1820802998971116
Dueling DQN,42,82,4.980595369114923,12,1,0.8897421345330395,0.9183483603470088,-0.02860622581396932,-3.215114211600492,71.16129142340546,56.97649457438154,-14.184796849023918,76.87642375492527,0.0,100.0,0.10677312936039872,0.12768817645351443,0.020915047093115716,0.0,91.66666666666666,12,2.4368073717153704,1.1951694174821745
Dueling DQN,42,83,5.470388958041088,12,1,0.7867932074691002,0.8366800378232172,-0.04988683035411701,-6.340526313717092,88.55036674954816,99.10244068741254,10.552073937864378,83.3829016297725,0.0,100.0,0.18588488454964558,0.15366059144471628,-0.0322242931049293,0.0,100.0,12,2.456471881383679,1.1923007890984039
Dueling DQN,42,84,5.413708638110999,12,1,0.8805152260258158,0.7897366494316638,0.090778576594152,10.309711168071326,48.27151558664744,90.40155310342564,42.1300375167782,80.09816313070101,0.0,100.0,0.10751202511254307,0.18966009774584497,0.0821480726333019,0.0,83.33333333333334,12,2.3758272833578773,1.0804603651060856
Dueling DQN,42,85,5.232422765717585,12,1,0.9270869525117341,0.8301450589090373,0.09694189360269678,10.456612871107124,57.25246302610636,84.13690677956409,26.884443753457724,77.60145238297642,0.0,100.0,0.08224205198178564,0.14535567197473653,0.0631136199929509,0.0,83.33333333333334,12,2.3805862455879816,1.1010943591260798
Dueling DQN,42,86,5.245718249518504,12,1,0.8466586462060706,0.8163588698175326,0.03029977638853798,3.5787476481003457,87.39427176556885,71.56762386301475,-15.8266479025541,78.24767145669328,0.0,100.0,0.13258802191355445,0.1511210220463809,0.018533000132826438,0.0,100.0,12,2.4240982542508736,1.2041833073146382
Dueling DQN,42,87,5.27469097464572,12,1,0.8727809653934602,0.861660324218972,0.011120641174488188,1.2741617445191267,96.33272340036746,60.137590568849994,-36.19513283151746,85.54881577221933,0.0,100.0,0.11708519943528826,0.1236026434752716,0.006517444039983333,0.0,100.0,12,2.470524436818788,1.1774019919754173
Dueling DQN,42,88,5.309298976362131,12,1,0.7633082976139323,0.8223431082023396,-0.059034810588407316,-7.7340716422116085,83.99016022628527,75.93042829682426,-8.059731929461009,83.58416241915872,0.0,100.0,0.22764838298052817,0.19846522014101867,-0.029183162839509502,0.0,100.0,12,2.6470669962922453,1.2400616313374935
Dueling DQN,42,89,5.267689196217246,12,1,0.9060728105570345,0.8960005715926723,0.010072238964362157,1.1116368184770886,34.85075577242618,67.57394836471315,32.72319259228696,77.80272043738947,0.0,100.0,0.125899786162113,0.10438230965238515,-0.02151747650972785,0.0,91.66666666666666,12,2.4337445768343624,1.1487811547338929
Dueling DQN,42,90,4.9698687579216445,12,1,0.8339319023084011,0.816219899083707,0.01771200322469413,2.123914815546168,79.46440890958854,62.50201650624907,-16.96239240333947,76.25924517793389,0.0,100.0,0.15987805892031176,0.1648685098143514,0.0049904508940396275,0.0,91.66666666666666,12,2.566236605842775,1.2268901222426312
Dueling DQN,42,91,5.364433603854639,12,1,0.8239525002730916,0.7513717632653331,0.07258073700775858,8.808849658651724,95.50026738947088,68.68485040459042,-26.815416984880457,83.01940151352882,0.0,100.0,0.17092435065794825,0.2248563201978924,0.05393196953994414,0.0,100.0,12,2.5053795032571875,1.2176601900426072
Dueling DQN,42,92,5.040278722314696,12,1,0.8822462574531824,0.9091135841435977,-0.02686732669041525,-3.045331897238567,18.456963998270563,68.1580798433689,49.70111584509833,77.8483498808882,0.0,100.0,0.16015513598903022,0.11546413663993081,-0.04469099934909941,0.0,91.66666666666666,12,2.374515145431141,1.1965041751072627
Dueling DQN,42,93,4.695242408130513,12,1,0.8262822984743654,0.8361533065475371,-0.00987100807317165,-1.1946290137641,90.7397586140979,44.20238253410274,-46.537376079995155,73.5821047175853,0.0,100.0,0.17501286687802586,0.19462075286101854,0.01960788598299268,0.0,83.33333333333334,12,2.662950380287211,1.2386346577563463
Dueling DQN,42,94,4.789658499985721,12,1,0.8281227974716661,0.8576183403868732,-0.029495542915207174,-3.56173540992468,100.0,61.651600209605505,-38.348399790394495,74.55669175844457,0.0,100.0,0.19208065522452478,0.14940839509147666,-0.04267226013304812,0.0,91.66666666666666,12,2.4997837549480475,1.2745160156285518
Dueling DQN,42,95,5.127472595592739,12,1,0.8802724754871052,0.7827537577479025,0.09751871773920273,11.078242300514967,81.2179539049815,90.16726158950644,8.949307684524939,76.42389179510282,0.0,100.0,0.1350857659585059,0.19811673897676868,0.06303097301826277,0.0,83.33333333333334,12,2.4894960361740393,1.1529376425366433
Dueling DQN,42,96,5.398912496713091,12,1,0.8697727216834179,0.8127595989290721,0.05701312275434578,6.554944910665704,23.30019589916234,63.52376751715207,40.223571617989734,82.19927709072445,0.0,100.0,0.15391569614564263,0.13532126760051913,-0.018594428545123498,0.0,91.66666666666666,12,2.355674168200112,1.188602769806842
Dueling DQN,42,97,5.6276202734991205,12,1,0.9256685053774781,0.8225162507570849,0.10315225462039324,11.143541561709373,79.88503475664601,79.48245254629153,-0.40258221035448116,85.65122033168058,0.0,100.0,0.11043614450529124,0.14098956364792034,0.0305534191426291,0.0,91.66666666666666,12,2.3650426931452873,1.151522440730843
Dueling DQN,42,98,5.291381999631854,12,1,0.8661111389449679,0.8529969799419209,0.013114159003047021,1.51414274835695,99.42315535932573,89.58043305591376,-9.842722303411975,81.92691044749697,0.0,100.0,0.12130484310353415,0.12435141373317686,0.0030465706296427114,0.0,100.0,12,2.409132854188916,1.1822461517844947
Dueling DQN,42,99,5.567516697381116,12,1,0.8501165857332845,0.8678117273875454,-0.017695141654260893,-2.081495873768609,88.13318543721773,87.09004872631712,-1.0431367109006118,85.78430681350295,0.0,100.0,0.16504756704159254,0.1466314445598104,-0.01841612248178215,0.0,100.0,12,2.4069246467155563,1.1927215342561017
Dueling DQN,42,100,5.66114727171246,12,1,0.8374117291755651,0.882668739170423,-0.04525700999485793,-5.404391701011117,91.07560379002403,100.0,8.924396209975967,91.46459867948117,0.0,100.0,0.14310104131045373,0.14389172604056322,0.0007906847301094866,0.0,100.0,12,2.4728484688709407,1.1938260353240129
Dueling DQN,42,101,5.43925976265283,12,1,0.8626829911770784,0.8009636442271644,0.06171934694991399,7.154348420119157,94.47962773931225,72.87531062163896,-21.60431711767329,80.63072971518628,0.0,100.0,0.15979750064449616,0.20408992258286943,0.044292421938373266,0.0,100.0,12,2.496252215624325,1.2237260185813845
Dueling DQN,42,102,5.306708684297803,12,1,0.8507187045555952,0.8187068773704185,0.0320118271851767,3.7629156398881904,85.24913795431411,54.450158335301246,-30.79897961901286,84.24743580447483,0.0,100.0,0.13564789762590404,0.19017705989292205,0.05452916226701801,0.0,91.66666666666666,12,2.494487709562628,1.231187981174343
Dueling DQN,42,103,5.616540063870468,12,1,0.8205935410064565,0.8594860125090966,-0.03889247150264008,-4.739553696089118,84.0870544701276,84.09674705052072,0.009692580393121375,85.66356200326824,0.0,100.0,0.16333276826142587,0.17529115974999473,0.011958391488568865,0.0,100.0,12,2.4614617716586147,1.214492139268939
Dueling DQN,42,104,4.795090949176014,12,1,0.9116745424159177,0.8697620944211282,0.04191244799478955,4.597303757514439,95.58155213910717,69.3032859658251,-26.278266173282077,78.00833629331511,0.0,100.0,0.14657466849990478,0.12760371715122776,-0.018970951348677018,0.0,83.33333333333334,12,2.396715298868541,1.2402228241307607
Dueling DQN,42,105,5.451514333889642,12,1,0.8159191722113752,0.8770300162196518,-0.0611108440082766,-7.489815914320124,80.36978210985065,82.87628829627619,2.50650618642554,84.96450767879482,0.0,100.0,0.18494943995191102,0.13109748123233125,-0.05385195871957976,0.0,100.0,12,2.4949684306040036,1.1584995562417992
Dueling DQN,42,106,5.362676207559279,12,1,0.8459700576655524,0.7968558329222917,0.04911422474326077,5.805669396714947,73.57576491436085,91.00991733570798,17.434152421347136,84.85246168203889,0.0,100.0,0.15208183036032716,0.17608170278169677,0.02399987242136961,0.0,100.0,12,2.483053667493482,1.2103431256496888
Dueling DQN,42,107,5.4222121570366575,12,1,0.7960882408629318,0.9358133667244719,-0.13972512586154007,-17.55146209798086,79.65757299510642,98.83483483362889,19.17726183852247,88.93098760020494,0.0,100.0,0.22349437155988555,0.08984747632399945,-0.1336468952358861,0.0,100.0,12,2.575419840958746,1.2536242963050714
Dueling DQN,42,108,4.937919887641935,12,1,0.8382455532115898,0.8062492002091141,0.03199635300247572,3.8170620625289744,90.668382331816,83.16135859793197,-7.50702373388404,73.61734661982966,0.0,100.0,0.17793510200964224,0.19229826373380518,0.014363161724162937,0.0,75.0,12,2.5051757557894514,1.2625859657477787
Dueling DQN,42,109,4.9448883154760495,12,1,0.7785778491551902,0.9023601267512831,-0.12378227759609284,-15.898510050138853,100.0,68.3519279374716,-31.6480720625284,78.52031966157621,0.0,100.0,0.21825746297582696,0.11509695575892961,-0.10316050721689735,0.0,100.0,12,2.6593108959926415,1.2085096464797627
Dueling DQN,42,110,5.546891000213686,12,1,0.8496187436668432,0.8740070320902624,-0.024388288423419224,-2.87049792688925,77.42014739691876,91.90849993467322,14.488352537754452,86.33647751737298,0.0,100.0,0.14498720203023166,0.10976884905036449,-0.03521835297986717,0.0,91.66666666666666,12,2.511855109948536,1.2079515974788164
Dueling DQN,42,111,5.700960052372188,12,1,0.8026548181690691,0.8211906130771596,-0.01853579490809043,-2.3093108629650185,100.0,98.16896811931416,-1.8310318806858419,89.49728860508638,0.0,100.0,0.15739244669809804,0.16084172245343653,0.003449275755338488,0.0,100.0,12,2.445137565344788,1.1697771653508027
Dueling DQN,42,112,5.556724475997906,12,1,0.8222906462927181,0.8579289513052618,-0.035638305012543725,-4.334027776336549,100.0,91.82045435909406,-8.179545640905943,86.35327669469241,0.0,100.0,0.16648157147183568,0.1743181568319764,0.00783658536014073,0.0,100.0,12,2.5001112431976558,1.2045883548382503
Dueling DQN,42,113,5.328405187426537,12,1,0.8337729566756995,0.8547203048780807,-0.0209473482023812,-2.5123563956666906,72.51301896431187,85.30965463405353,12.796635669741661,80.71132673013682,0.0,100.0,0.16318292985740773,0.15354737702199386,-0.009635552835413869,0.0,100.0,12,2.420263977121891,1.1676552406212115
Dueling DQN,42,114,5.444617233750618,12,1,0.8455347356946644,0.8909708136743697,-0.04543607797970528,-5.373650077471559,83.39910474456192,77.6998846922474,-5.69922005231453,83.36673146040175,0.0,100.0,0.138107835292553,0.1430367233575488,0.004928888064995807,0.0,100.0,12,2.406806031429602,1.1628961847730654
Dueling DQN,42,115,5.515390544029787,12,1,0.8506279433993322,0.8655558628773038,-0.014927919477971563,-1.7549293546971527,92.80008074649456,82.72437080775217,-10.075709938742392,82.32968451453634,0.0,100.0,0.15796266486060592,0.1374108721511845,-0.020551792709421424,0.0,91.66666666666666,12,2.42113425150186,1.2015367008798634
Dueling DQN,42,116,5.561686778821918,12,1,0.8271455140052113,0.8493854326699427,-0.022239918664731406,-2.688755278021285,91.41360088891149,88.82399118952875,-2.589609699382734,87.51063364840955,0.0,100.0,0.1435899819017616,0.18068144526179405,0.03709146336003247,0.0,100.0,12,2.460713473580509,1.1209369758804184
Dueling DQN,42,117,5.319449169217858,12,1,0.906494105058442,0.8319505071495816,0.07454359790886034,8.223285456892683,81.0101317688626,88.02025993385752,7.01012816499491,83.54655271218827,0.0,100.0,0.12052887025590915,0.11039817934665903,-0.010130690909250117,0.0,100.0,12,2.382320538052679,1.2132733877566089
Dueling DQN,42,118,5.291746865730673,12,1,0.8218705133484487,0.873484907532772,-0.05161439418432323,-6.280112663251158,96.49627581724206,65.34400009917441,-31.152275718067656,82.77071352825217,0.0,100.0,0.16431604089908192,0.13712102143935137,-0.027195019459730546,0.0,91.66666666666666,12,2.577699265267216,1.1833713128797436
Dueling DQN,42,119,5.345152086293211,12,1,0.8201123819895342,0.7810891994605349,0.03902318252899928,4.758272571660462,71.97029493285292,88.79308572044717,16.822790787594244,84.89127097380451,0.0,100.0,0.17899503422363103,0.19297680287067798,0.01398176864704695,0.0,100.0,12,2.5290837083713655,1.1767818794386724
Dueling DQN,42,120,4.870934818566088,12,1,0.8473472811734505,0.8339437059540756,0.013403575219374853,1.581827842866609,90.149922751923,73.7404772181433,-16.409445533779703,76.05569659224048,0.0,100.0,0.1635756274957606,0.12711528625147764,-0.03646034124428296,0.0,83.33333333333334,12,2.535709747925315,1.1952493354988556
Dueling DQN,42,121,5.4559661942909905,12,1,0.8671565285770526,0.8933376572507786,-0.026181128673726017,-3.0191929381754807,80.66953954720019,83.59615849874396,2.926618951543773,83.60732183894116,0.0,100.0,0.14396234724624607,0.1291791864644155,-0.014783160781830562,0.0,91.66666666666666,12,2.427591300991059,1.1911922939294959
Dueling DQN,42,122,5.636198053292643,12,1,0.8942368020726337,0.8267130017142044,0.06752380035842931,7.550997700153336,85.1095432421109,100.0,14.890456757889098,87.22617465856035,0.0,100.0,0.11928542689698513,0.15664729483506035,0.03736186793807522,0.0,91.66666666666666,12,2.384820688863821,1.2059775883739619
Dueling DQN,42,123,5.722787627844788,12,1,0.8474177505210084,0.7667699599765387,0.08064779054446969,9.516887095518817,100.0,79.05683607162418,-20.943163928375824,91.03852405593608,0.0,100.0,0.16391374262984795,0.18888738698311777,0.02497364435326982,0.0,100.0,12,2.4502397882567064,1.232069449338251
Dueling DQN,42,124,5.334273446159922,12,1,0.8324341495700176,0.8786894114046728,-0.046255261834655226,-5.55662713483676,100.0,71.6476551642278,-28.3523448357722,84.02463052461167,0.0,100.0,0.16908753868484327,0.15795618224954877,-0.011131356435294504,0.0,100.0,12,2.445018147678818,1.2282082735957258
Dueling DQN,42,125,5.223481476902681,12,1,0.8645696045696539,0.8020867074371534,0.06248289713250055,7.2270522584010894,70.71478727958251,56.51000170641116,-14.20478557317135,79.71359126125388,0.0,100.0,0.17063175906339176,0.1787881751412774,0.008156416077885642,0.0,91.66666666666666,12,2.412102823034687,1.258234287345423
Dueling DQN,42,126,5.35986915941113,12,1,0.8278784888660031,0.9297965615975766,-0.1019180727315735,-12.310752616748992,75.6774438542964,75.83685522405773,0.15941136976132952,80.82504807383698,0.0,100.0,0.1294977885298835,0.11874766354483916,-0.010750124985044338,0.0,91.66666666666666,12,2.3953240352798026,1.0973234914985788
Dueling DQN,42,127,5.528250553780433,12,1,0.8656302415198004,0.814199535849031,0.05143070567076935,5.941417386304765,100.0,89.76899253479127,-10.231007465208734,89.05962765119932,0.0,100.0,0.17272836857760643,0.17293749223180055,0.00020912365419412104,0.0,100.0,12,2.5078200244804614,1.1854573237816368
Dueling DQN,42,128,5.167536781442707,12,1,0.8438499154315681,0.8688577053370141,-0.025007789905446054,-2.9635352742384744,99.67520530943705,84.21316912278274,-15.462036186654302,75.33210704347765,0.0,100.0,0.1678347853766482,0.15014130311120982,-0.017693482265438376,0.0,83.33333333333334,12,2.5062570508937876,1.216307409318241
Dueling DQN,42,129,5.25027110276776,12,1,0.8930030235426738,0.8396815647995919,0.05332145874308192,5.971027794681801,78.50785006817489,67.84229202686237,-10.665558041312522,78.86089426104557,0.0,100.0,0.1475844613280884,0.11571451295532317,-0.03186994837276522,0.0,100.0,12,2.4001144200872786,1.1923754176714618
Dueling DQN,42,130,5.113098562070139,12,1,0.8199509890513674,0.901185640417981,-0.08123465136661356,-9.907256952101129,91.93007734793703,82.22437399298532,-9.705703354951709,83.84494217414769,0.0,100.0,0.2115361915073424,0.14829424360226173,-0.06324194790508067,0.0,100.0,12,2.563813061319508,1.1908266265842165
Dueling DQN,42,131,5.3065509518694975,12,1,0.8294737853637157,0.8752985367572996,-0.045824751393583885,-5.524556918153864,100.0,88.36959772072126,-11.63040227927874,84.47386872382778,0.0,100.0,0.15633771886978384,0.1338137085099888,-0.022524010359795038,0.0,100.0,12,2.511532312754471,1.2525627647777424
Dueling DQN,42,132,5.159917537645681,12,1,0.8488381103866327,0.8550509232973681,-0.006212812910735388,-0.7319196481300241,95.06298612210742,83.82655137058732,-11.236434751520093,81.2252542625374,0.0,100.0,0.1550214627826762,0.13058054241071193,-0.02444092037196427,0.0,83.33333333333334,12,2.542360586874486,1.1826207747126836
Dueling DQN,42,133,5.38697355616588,12,1,0.82594260574144,0.7844772995643199,0.041465306177120076,5.02036169206904,95.78777708453649,64.75226758649563,-31.035509498040852,84.2284490655904,0.0,100.0,0.1445087756614816,0.17039830363358466,0.02588952797210306,0.0,91.66666666666666,12,2.608480430367874,1.1982339156217126
Dueling DQN,42,134,5.016068136272503,12,1,0.8940063329134528,0.7949046446313499,0.09910168828210286,11.085121506817863,80.95241550670494,62.637536493879274,-18.314879012825664,75.89120415252573,0.0,100.0,0.1363524330017761,0.17007810422845912,0.03372567122668302,0.0,91.66666666666666,12,2.4278443596683585,1.242621779284722
Dueling DQN,42,135,4.736113037918022,12,1,0.8432118105259001,0.9103280602733663,-0.06711624974746622,-7.959595549972989,78.0091542837146,83.9112409917943,5.9020867080797075,71.09990039919934,0.0,100.0,0.1279817066777339,0.1463309452523436,0.01834923857460971,0.0,91.66666666666666,12,2.4399313934438083,1.1783274518824678
Dueling DQN,42,136,5.023482707677811,12,1,0.8930298658652482,0.9491974281497951,-0.05616756228454689,-6.28955026382311,65.21881651957628,63.552040476650575,-1.6667760429257044,79.64451710408984,0.0,100.0,0.13899608283832754,0.10947352185074516,-0.02952256098758238,0.0,100.0,12,2.381094020294283,1.2615573662489512
Dueling DQN,42,137,5.639299003490072,12,1,0.9204828150618564,0.8475543811989823,0.07292843386287406,7.922845779361268,91.8706335626965,82.86100964856969,-9.009623914126806,87.35788092058067,0.0,100.0,0.10336683140266593,0.17629841769160287,0.07293158628893694,0.0,100.0,12,2.3111853373612603,1.0780604199266945
Dueling DQN,42,138,5.363058309367765,12,1,0.8471738518780298,0.8469534274392331,0.00022042443879677354,0.026018796296431106,87.84084030684382,70.60983597556944,-17.231004331274377,84.06441097223124,0.0,100.0,0.16456264334924128,0.14977398236968775,-0.01478866097955353,0.0,91.66666666666666,12,2.418895171457385,1.20207705696987
Dueling DQN,42,139,5.301830299968232,12,1,0.8772058914371323,0.834723880573768,0.04248201086336434,4.8428779694771285,15.575383627609348,89.1467823263973,73.57139869878796,76.38067948422919,0.0,100.0,0.12562039245506865,0.13639842439609884,0.010778031941030192,0.0,91.66666666666666,12,2.3515649710262383,1.161772702979767
Dueling DQN,42,140,5.672370191192489,12,1,0.9237474234971785,0.7864786964145407,0.13726872708263782,14.859984839032906,66.77419954967951,92.14148254405191,25.367282994372403,87.8657705089521,0.0,100.0,0.11586127071621385,0.20438182445956754,0.08852055374335369,0.0,100.0,12,2.3475677859722617,1.153684707358236
Dueling DQN,42,141,4.7790073192300895,12,1,0.8559250921151469,0.8557416787158922,0.0001834133992546505,0.02142867418472364,94.36292527436963,51.92109223245548,-42.44183304191415,71.94981734016076,0.0,100.0,0.15388373339903932,0.15839701024358047,0.004513276844541142,0.0,83.33333333333334,12,2.6496570173493796,1.1920202085336151
Dueling DQN,42,142,5.676270223853667,12,1,0.8317687838753131,0.7928201908357402,0.038948593039572876,4.682622598326736,100.0,100.0,0.0,89.91175923250148,0.0,100.0,0.1247267055526279,0.18539015878217868,0.06066345322955079,0.0,100.0,12,2.4785892756817964,1.0839134166000481
Dueling DQN,42,143,5.25381919688859,12,1,0.7840883400529801,0.9139991012646262,-0.12991076121164613,-16.568383251671385,96.19984748732594,100.0,3.8001525126740603,82.78447395922187,0.0,100.0,0.18485298902676137,0.1309448242099569,-0.053908164816804466,0.0,100.0,12,2.4970760536522323,1.1959686208787745
Dueling DQN,42,144,5.435555578043185,12,1,0.8600557923673249,0.8142993415706904,0.045756450796634485,5.320172389129398,77.48757969704913,100.0,22.512420302950872,85.7538765295629,0.0,100.0,0.13003814324712662,0.20095975182908246,0.07092160858195584,0.0,100.0,12,2.4168491143930484,1.1178392685425587
Dueling DQN,42,145,4.910806514633511,12,1,0.8967506793289992,0.8970634320779476,-0.000312752748948375,-0.034876221023037834,78.13411715531971,100.0,21.865882844680286,73.48612044014045,0.0,100.0,0.14439077794538135,0.11067804720671048,-0.03371273073867087,0.0,83.33333333333334,12,2.358399143219083,1.1878584749389167
Dueling DQN,42,146,5.190465568635881,12,1,0.82779214683265,0.8908927339855779,-0.06310058715292788,-7.622757402853758,75.13386392872641,100.0,24.866136071273587,76.87253723662539,0.0,100.0,0.1749898998726517,0.1264793704892688,-0.048510529383382905,0.0,91.66666666666666,12,2.4641875869989662,1.2168224028512131
Dueling DQN,42,147,5.399577182537628,12,1,0.8266841322628812,0.8205796526972595,0.006104479565621657,0.7384295073998668,77.015556098665,84.99954361754179,7.983987518876788,83.80988687374243,0.0,100.0,0.13975086051164676,0.18035933516618946,0.0406084746545427,0.0,100.0,12,2.446086025375751,1.1025126014443583
Dueling DQN,42,148,5.229021141927426,12,1,0.8214357941449497,0.7850041233995031,0.03643167074544662,4.435120919385931,100.0,81.26378523059206,-18.736214769407937,84.61673964273514,0.0,100.0,0.18514673762752534,0.18869274849138093,0.0035460108638555865,0.0,100.0,12,2.422121418487427,1.300948704579107
Dueling DQN,42,149,5.745048214648424,12,1,0.9005160424059495,0.8466112932004091,0.05390474920554045,5.985984331997094,92.05520774049343,89.75191028344025,-2.3032974570531763,90.8049075474218,0.0,100.0,0.11488470969443558,0.16116261354459577,0.04627790385016019,0.0,100.0,12,2.4769653425999727,1.0884996781028171
Dueling DQN,42,150,5.454494480462536,12,1,0.8879566071971068,0.8602714120927372,0.02768519510436962,3.117854507751201,85.55387676919062,50.68071874821025,-34.87315802098037,82.21842064884206,0.0,100.0,0.08903344660883704,0.12361855248826764,0.0345851058794306,0.0,83.33333333333334,12,2.4802543060807296,1.1374040155916145
Dueling DQN,42,151,5.474656654792519,12,1,0.8397402111360222,0.7748938946118151,0.06484631652420703,7.722187846224639,59.57124522000758,69.60849472768942,10.037249507681835,81.62549759476519,0.0,100.0,0.1651611869266435,0.1980085116810013,0.03284732475435781,0.0,91.66666666666666,12,2.483818826518505,1.194987716858478
Dueling DQN,42,152,5.531931526360543,12,1,0.896596878153785,0.8550219292562279,0.041574948897557085,4.636972301661987,100.0,78.28161212872168,-21.718387871278324,85.72604401133451,0.0,100.0,0.09346186277681051,0.17627287758554389,0.08281101480873337,0.0,100.0,12,2.434987098015411,1.057409214295075
Dueling DQN,42,153,5.495914374835843,12,1,0.826172535410166,0.8609078462735915,-0.03473531086342552,-4.204365235426356,100.0,89.58926132181277,-10.41073867818723,87.19380226848244,0.0,100.0,0.14080545501855443,0.1220761082351225,-0.018729346783431938,0.0,100.0,12,2.546749044944899,1.1390508849672538
Dueling DQN,42,154,5.191427622760641,12,1,0.9016689167557932,0.8569326970610976,0.044736219694695545,4.96149072717917,87.9954747506037,64.53324310946265,-23.46223164114106,80.0304241037963,0.0,100.0,0.11109247071645004,0.12882003823689045,0.017727567520440413,0.0,100.0,12,2.4255625962714498,1.1295738111619704
Dueling DQN,42,155,5.2741223739423075,12,1,0.8292464353028276,0.8385050763344498,-0.009258641031622217,-1.116512611626857,78.97729517728568,63.303678824195686,-15.673616353089997,81.74404642956581,0.0,100.0,0.15491599762879146,0.1712623200726571,0.016346322443865635,0.0,100.0,12,2.4813341434290916,1.2303578613712718
Dueling DQN,42,156,5.667674060870949,12,1,0.892605677205727,0.8395740961823217,0.05303158102340533,5.941210366196523,87.44125824201419,80.8008034695535,-6.640454772460686,87.80568240867534,0.0,100.0,0.09915378977438248,0.18773818595806036,0.08858439618367787,0.0,100.0,12,2.488994880057334,1.03835051478973
Dueling DQN,42,157,5.474171796464934,12,1,0.898361869055426,0.768339474455592,0.130022394599834,14.473276201776553,93.49710833080613,69.18846626213663,-24.3086420686695,84.45614499109985,0.0,100.0,0.14205360429439173,0.19215626035241556,0.05010265605802383,0.0,100.0,12,2.4149321731723266,1.2169435952552916
Dueling DQN,42,158,5.366553735535587,12,1,0.8597307427262703,0.8631170799412546,-0.0033863372149843807,-0.3938834621925992,89.15370185914759,98.74425695297015,9.590555093822559,85.31043825717927,0.0,100.0,0.15378566770747504,0.14962303012654998,-0.004162637580925055,0.0,100.0,12,2.4779113775300976,1.128786619908693
Dueling DQN,42,159,5.343859521443841,12,1,0.8291401089319335,0.8743212373109189,-0.04518112837898547,-5.449154840330432,85.35085253660996,84.05422631719807,-1.2966262194118912,85.41865307047169,0.0,100.0,0.15928445990154078,0.1298600714861936,-0.02942438841534717,0.0,100.0,12,2.5501417640348145,1.138999774767924
Dueling DQN,42,160,5.622173151370449,12,1,0.801580254621087,0.8392216971540183,-0.037641442532931335,-4.695904410809711,100.0,69.38688778694309,-30.613112213056908,90.98756721441212,0.0,100.0,0.16438645360383786,0.09857932880656534,-0.06580712479727252,0.0,100.0,12,2.549187840675923,1.1340488622106952
Dueling DQN,42,161,5.362059647704102,12,1,0.8055130715440457,0.85958869379759,-0.05407562225354423,-6.713189911355444,99.68772143409382,83.06597318751994,-16.621748246573873,87.49355345559088,0.0,100.0,0.16896554176636436,0.1240269549823782,-0.044938586783986156,0.0,100.0,12,2.542022529597705,1.2167166941202368
Dueling DQN,42,162,5.657895928252699,12,1,0.8447731737427049,0.8291774260328818,0.015595747709823082,1.8461461839190845,63.85296571538569,91.33821494641313,27.48524923102744,87.57918029691113,0.0,100.0,0.15628146196226347,0.17631673469139508,0.02003527272913161,0.0,100.0,12,2.485975441710932,1.2001880549228754
Dueling DQN,42,163,5.4223185666085385,12,1,0.8591708842035249,0.8640090799078944,-0.004838195704369497,-0.5631237968282221,90.64151469328628,90.85589494065704,0.21438024737075523,82.95389246464867,0.0,100.0,0.1406978946775531,0.14030679289612621,-0.00039110178142687246,0.0,91.66666666666666,12,2.402358319232285,1.171917745662934
Dueling DQN,42,164,5.631177710771772,12,1,0.8168823700962229,0.8949045396633636,-0.0780221695671407,-9.551212319339227,85.30290685184781,97.6684275147039,12.365520662856085,86.63174461190279,0.0,100.0,0.13125176095512534,0.10136867550509673,-0.0298830854500286,0.0,100.0,12,2.4725943587066905,1.1596603650670256
Dueling DQN,42,165,4.879866911293311,12,1,0.8434061499724704,0.846676412887747,-0.003270262915276545,-0.38774473192818065,85.52449213232232,68.9809026152518,-16.54358951707053,79.40706966829013,0.0,100.0,0.20500292595858027,0.13115549399959683,-0.07384743195898344,0.0,91.66666666666666,12,2.564924936239553,1.2293667096898293
Dueling DQN,42,166,5.451419541720166,12,1,0.8458792158341251,0.8813819141728914,-0.03550269833876629,-4.197135675423462,100.0,77.30917699621742,-22.690823003782583,82.17053794043244,0.0,100.0,0.12350412038827496,0.1258421476906517,0.0023380273023767273,0.0,100.0,12,2.3754327666176507,1.2146617490084246
Dueling DQN,42,167,5.331291537907447,12,1,0.893032388993084,0.8224165726290655,0.07061581636401848,7.907419398711793,83.00144153856202,50.41887980174905,-32.58256173681297,80.95296201395804,0.0,100.0,0.13783040764728055,0.18012524310555014,0.04229483545826959,0.0,91.66666666666666,12,2.4729804531317585,1.2578301242093288
Dueling DQN,42,168,5.397849100543753,12,1,0.8751953741451836,0.8163207577991779,0.05887461634600566,6.727025540269723,90.127325385653,77.36148617020166,-12.765839215451336,85.01273046750039,0.0,100.0,0.11082813204525996,0.1597298201808471,0.04890168813558715,0.0,100.0,12,2.4645877588687157,1.1118382986564077
Dueling DQN,42,169,5.485067087149124,12,1,0.8603865044775126,0.9036699273468052,-0.04328342286929254,-5.030695233368088,94.91512070486566,94.05791884964951,-0.8572018552161467,84.53137133274195,0.0,100.0,0.13282887009947786,0.13153137806047183,-0.0012974920390060318,0.0,100.0,12,2.424960566748738,1.1706332907209087
Dueling DQN,42,170,5.782587946543035,12,1,0.8709120935645327,0.8281223830093015,0.042789710555231175,4.913206610795622,87.77279018039265,100.0,12.227209819607353,89.11832394836343,0.0,100.0,0.11999226347795239,0.15487709980827344,0.03488483633032105,0.0,100.0,12,2.421506859816901,1.1429080446738584
Dueling DQN,42,171,5.3660661078407825,12,1,0.8248365380516678,0.8608647218464546,-0.03602818379478678,-4.367918021658975,100.0,75.25820606999963,-24.74179393000037,82.12823332415611,0.0,100.0,0.13052145480977703,0.14162490587646792,0.01110345106669089,0.0,91.66666666666666,12,2.582239039651981,1.2086961450280373
Dueling DQN,42,172,4.870453710960027,12,1,0.8009347543319875,0.8579833565852548,-0.057048602253267355,-7.122752751670546,97.11101335764998,95.23110637790867,-1.8799069797413068,75.17732436528357,0.0,100.0,0.19867265664406786,0.11745242408145118,-0.08122023256261668,0.0,83.33333333333334,12,2.590509681443141,1.2150535940014626
Dueling DQN,42,173,5.242362027287111,12,1,0.8081846572394866,0.8240915200684338,-0.015906862828947155,-1.9682213323970004,92.12508779635745,89.48318481308013,-2.641902983277319,80.96678181265331,0.0,100.0,0.1469911110691826,0.14290035033001625,-0.004090760739166366,0.0,100.0,12,2.50368122014237,1.2181005526569377
Dueling DQN,42,174,4.819926063408062,12,1,0.8724649337652408,0.8730417454709378,-0.0005768117056970112,-0.06611288126019026,95.31521239994962,72.3993693654702,-22.91584303447941,71.52817089437742,0.0,100.0,0.14867040649733398,0.12028027414499093,-0.028390132352343056,0.0,83.33333333333334,12,2.5032681423798957,1.1854941101802823
Dueling DQN,42,175,5.209288739024314,12,1,0.9078882105321568,0.7964171001463447,0.11147111038581214,12.278065635467783,71.61185041716017,8.089781542246854,-63.522068874913316,78.51887335865703,0.0,100.0,0.1246077613631858,0.22421675346943656,0.09960899210625077,0.0,91.66666666666666,12,2.3097998588618904,1.1442620434084554
Dueling DQN,42,176,5.320994747261738,12,1,0.8206744406468838,0.835353110199889,-0.01467866955300523,-1.788610541036833,88.75379242042753,79.33241353536762,-9.421378885059909,81.6795662513462,0.0,100.0,0.1826760446152122,0.1879486603892514,0.005272615774039202,0.0,100.0,12,2.5358152167373427,1.2479347490724595
Dueling DQN,42,177,5.388423806223285,12,1,0.8393592633712649,0.8557464809542805,-0.016387217583015645,-1.9523484517460148,94.37816970358146,87.14083756369885,-7.237332139882611,86.47805772901835,0.0,100.0,0.1652300411333617,0.13474189023294658,-0.030488150900415123,0.0,91.66666666666666,12,2.4721527632775193,1.2181708484477958
Dueling DQN,42,178,5.548149058570781,12,1,0.8522544285094835,0.8125615409262539,0.03969288758322964,4.657398806674309,78.59460328467065,100.0,21.405396715329346,87.94893162319295,0.0,100.0,0.10706379410646716,0.15716505296070474,0.05010125885423758,0.0,100.0,12,2.4301852655228076,1.06946619295614
Dueling DQN,42,179,5.480254880828469,12,1,0.790161095204726,0.8284418594645759,-0.03828076425984994,-4.84467844496085,98.11381770744791,80.25824205252957,-17.85557565491834,86.09414843437453,0.0,100.0,0.1958255793612489,0.16200560338908293,-0.03381997597216596,0.0,100.0,12,2.486037671343208,1.1853765039325443
Dueling DQN,42,180,4.952636235014921,12,1,0.8529841902573896,0.8984684797240569,-0.04548428946666727,-5.33237192273661,98.21965622602315,50.72575849852993,-47.49389772749322,80.41220527018281,0.0,100.0,0.15878605594516854,0.11395271066728702,-0.04483334527788152,0.0,91.66666666666666,12,2.49248849928537,1.2499290185947949
Dueling DQN,42,181,4.875327091472052,12,1,0.8087131537855907,0.8660553113998974,-0.05734215761430672,-7.090543457329433,100.0,51.33219328189445,-48.66780671810555,76.87564251402432,0.0,100.0,0.1754002746017507,0.12193868825577299,-0.05346158634597771,0.0,75.0,12,2.6612035014481,1.2489459020032514
Dueling DQN,42,182,5.438802988373895,12,1,0.8401580315651405,0.8084521960327086,0.03170583553243189,3.7737942555124673,100.0,73.08513797868265,-26.914862021317347,87.682152445623,0.0,100.0,0.17737559213515552,0.16999315585362673,-0.0073824362815287925,0.0,100.0,12,2.5575763652216734,1.1957004853568332
Dueling DQN,42,183,4.9255248504635984,12,1,0.8678804133870033,0.8467734610615981,0.02110695232540516,2.432011599735596,82.51547110608801,93.1358168998309,10.620345793742885,75.57294557512027,0.0,100.0,0.15785048784102346,0.16070165665377692,0.002851168812753463,0.0,83.33333333333334,12,2.532682383849505,1.1461740184686617
Dueling DQN,42,184,5.548116994499385,12,1,0.8492043234385885,0.8729564027628086,-0.023752079324220077,-2.7969804991151515,82.95132504905473,82.48856676058321,-0.46275828847151956,82.39913817538923,0.0,100.0,0.1313593117859485,0.14499531836944454,0.013636006583496035,0.0,91.66666666666666,12,2.48885398727845,1.180854606357657
Dueling DQN,42,185,5.592355794059633,12,1,0.7823791255162454,0.8289037783333096,-0.046524652817064194,-5.946561110812529,87.27024611310003,88.27014730423274,0.9999011911327074,87.11698609872694,0.0,100.0,0.17085133140540823,0.16750771283499957,-0.0033436185704086574,0.0,100.0,12,2.5314885001923377,1.2148601248124304
Dueling DQN,42,186,5.2909634484422465,12,1,0.9348846594630766,0.8671627931427196,0.06772186632035704,7.2438739511728745,81.30702912925034,74.20728312375819,-7.09974600549215,73.5041515750349,0.0,100.0,0.07448701354199733,0.12406891001126444,0.04958189646926711,0.0,91.66666666666666,12,2.267653006629414,1.1144203430597193
Dueling DQN,42,187,5.374242067454739,12,1,0.8686468930704979,0.8738741290588063,-0.005227235988308432,-0.6017676492033683,71.9596064017781,95.36377755285446,23.404171151076355,83.2943810406609,0.0,100.0,0.16635756650544387,0.15415815530587973,-0.012199411199564136,0.0,91.66666666666666,12,2.3703617013746094,1.226733882435285
Dueling DQN,42,188,5.742428667457724,12,1,0.8679061849639315,0.8420459724720658,0.025860212491865653,2.9796091950814194,89.68793410425886,95.9459342068125,6.258000102553638,87.99299971628336,0.0,100.0,0.12113491771694168,0.1550482733922233,0.033913355675281615,0.0,100.0,12,2.423207809603853,1.1759070107708658
Dueling DQN,42,189,5.398970142999866,12,1,0.8301007048445912,0.8360303260498829,-0.005929621205291724,-0.7143255234799312,70.92923924860838,99.81302254545533,28.883783296846943,85.0537698925145,0.0,100.0,0.15795772344386994,0.15541238839375562,-0.0025453350501143113,0.0,91.66666666666666,12,2.476686689466048,1.1746203034202636
Dueling DQN,42,190,4.943542062260553,12,1,0.8438808714647148,0.8322563643615606,0.011624507103154214,1.3775056997058939,95.15702657265062,48.14390931340422,-47.0131172592464,78.09250449081274,0.0,100.0,0.14090598195169005,0.152050171648224,0.01114418969653394,0.0,83.33333333333334,12,2.5847798917161096,1.2470787067188454
Dueling DQN,42,191,5.350408850474141,12,1,0.8684461948195787,0.8390677580592112,0.029378436760367554,3.382873566101695,95.27433007572154,82.26091765413894,-13.0134124215826,77.68805445772979,0.0,100.0,0.0904609625103607,0.15549503116007546,0.06503406864971475,0.0,83.33333333333334,12,2.3796048246991144,1.1481702393956035
Dueling DQN,42,192,5.558869878617011,12,1,0.8731225795168083,0.8985528196526067,-0.02543024013579842,-2.9125624204875886,94.92478638588096,99.2453485463249,4.3205621604439415,85.55326394181004,0.0,100.0,0.1348766776224086,0.15760182341560153,0.02272514579319293,0.0,100.0,12,2.3488450050585112,1.1628500416844811
Dueling DQN,42,193,5.469126597581719,12,1,0.8329483557892867,0.7779822295912331,0.05496612619805363,6.5989836964104125,88.20818097982331,86.4967882656854,-1.711392714137915,86.4069329751804,0.0,100.0,0.141131929679169,0.21814609829367312,0.07701416861450414,0.0,100.0,12,2.4453354031565477,1.1760247750661197
Dueling DQN,42,194,4.740463462952346,12,1,0.7868062894458608,0.8119797823164887,-0.025173492870627867,-3.199452420284704,88.23195186566468,88.18162728742696,-0.05032457823772063,79.90453812042075,0.0,100.0,0.17172414896128357,0.1423249501278135,-0.029399198833470086,0.0,83.33333333333334,12,2.6194190237988852,1.2050425128008901
Dueling DQN,42,195,5.4548801026620435,12,1,0.8343573765738693,0.9024091760104241,-0.06805179943655482,-8.156193178994432,69.80108221651831,86.39780902636771,16.5967268098494,83.81859827772857,0.0,100.0,0.1391090351983995,0.11129308959414029,-0.02781594560425922,0.0,91.66666666666666,12,2.3672263413748276,1.1539648607119581
Dueling DQN,42,196,5.456923937936035,12,1,0.7993704696682044,0.8609698839572983,-0.06159941428909399,-7.705990729762902,100.0,80.02200787287363,-19.97799212712637,84.06461912204769,0.0,100.0,0.1580571793980192,0.15496669008647876,-0.003090489311540434,0.0,91.66666666666666,12,2.516444823157865,1.1731738205838138
Dueling DQN,42,197,5.142968253193456,12,1,0.8685636210893062,0.87014583437789,-0.001582213288583767,-0.18216435159918848,94.25605240800662,84.40271728384171,-9.853335124164914,77.92912024094885,0.0,100.0,0.1579066964088801,0.13136254046944623,-0.026544155939433878,0.0,91.66666666666666,12,2.4723505227665945,1.164906588566048
Dueling DQN,42,198,5.68603299910506,12,1,0.766069707797518,0.9142677939013361,-0.14819808610381802,-19.345248166761955,68.40407668507098,91.27748363072946,22.873406945658488,89.50038632312396,0.0,100.0,0.14667654405089936,0.1263942736784999,-0.020282270372399464,0.0,100.0,12,2.511932980071761,1.0724974295069385
Dueling DQN,42,199,5.387777882196064,12,1,0.8368844539456546,0.8997467132929506,-0.06286225934729606,-7.5114621918139,79.48722995875875,85.22295140404935,5.735721445290608,81.90107152616055,0.0,100.0,0.12414684931354797,0.1491205074810301,0.02497365816748212,0.0,91.66666666666666,12,2.3689692351472673,1.187974440589174
Dueling DQN,42,200,4.929300126532835,12,1,0.8120809234183788,0.8041173057414468,0.007963617676931989,0.9806433629064804,94.24781423801792,95.6620265996299,1.4142123616119733,75.87127256768018,0.0,100.0,0.18559418159177904,0.188075339715094,0.0024811581233149527,0.0,83.33333333333334,12,2.525756864016875,1.2268658752497752
Dueling DQN,101,1,5.138974341396114,12,1,0.8223277317016733,0.8852664037207342,-0.06293867201906089,-7.653721210255133,62.03595493566303,80.80449981362547,18.76854487796244,79.6545893396492,0.0,100.0,0.17407567295247792,0.17920635204274393,0.005130679090266016,0.0,83.33333333333334,12,2.4994140180819673,1.2017961589337265
Dueling DQN,101,2,5.325371617414443,12,1,0.8967853603771454,0.8835102392718193,0.013275121105326138,1.480300826916181,86.50513354375202,90.40535423494927,3.900220691197248,85.3783029949342,0.0,100.0,0.16285325785255306,0.12174462437901948,-0.04110863347353358,0.0,91.66666666666666,12,2.4550708206910596,1.2163250608749945
Dueling DQN,101,3,4.487448489665983,12,1,0.8032900106696712,0.8893995355971243,-0.08610952492745305,-10.719606092906215,36.59844320998625,50.63872132924884,14.040278119262588,67.78251642618476,0.0,100.0,0.17695317903196411,0.12737578485182566,-0.04957739418013846,0.0,66.66666666666666,12,2.303608684083539,1.2031298793366922
Dueling DQN,101,4,5.23217777652239,12,1,0.8869158777929564,0.8543653778979268,0.03255049989502967,3.670077479730082,78.89242717689717,75.43557375327856,-3.456853423618611,84.53069222109058,0.0,100.0,0.15058122266275323,0.1542392710002204,0.0036580483374671624,0.0,100.0,12,2.7548632989083153,1.0957778139054095
Dueling DQN,101,5,5.180291590875584,12,1,0.7906265175846775,0.8637217483711546,-0.07309523078647706,-9.245228835706037,90.12394426320908,79.61037321072213,-10.513571052486952,82.72539445344567,0.0,100.0,0.19402187059633813,0.14288800906523788,-0.05113386153110025,0.0,91.66666666666666,12,2.3219086488660694,1.2387739640497222
Dueling DQN,101,6,4.974129510826425,12,1,0.8342653925482646,0.8022493181854025,0.032016074362862135,3.8376366380330125,79.21366502143822,34.27174289281314,-44.94192212862508,82.94591998712855,0.0,100.0,0.16568365926731118,0.2204564982878591,0.054772839020547914,0.0,91.66666666666666,12,2.6102684438278367,1.1414169721602343
Dueling DQN,101,7,4.8672968021518725,12,1,0.8746199730431542,0.880376114057124,-0.005756141013969818,-0.6581305242712319,97.54322525610077,18.445896271665355,-79.09732898443542,75.87547158570628,0.0,100.0,0.13101261086012997,0.12901852335161146,-0.0019940875085185106,0.0,75.0,12,2.5373199994059625,1.2045756924569906
Dueling DQN,101,8,5.148010689926844,12,1,0.9366178263021849,0.7983815247447719,0.13823630155741307,14.75909358923661,67.97671696215069,75.67422626149731,7.6975092993466205,80.81967998824625,0.0,100.0,0.10200959869182331,0.18188672748445367,0.07987712879263036,0.0,91.66666666666666,12,2.4821142406034,1.174317526681002
Dueling DQN,101,9,4.58106847479964,12,1,0.7995367571429041,0.7913687283670106,0.00816802877589351,1.021595155309865,95.92193363358807,82.13569165013456,-13.786241983453507,73.49912032567471,0.0,100.0,0.18121250294872715,0.15945896546189364,-0.021753537486833507,0.0,75.0,12,2.4165682924884915,1.2268208085558077
Dueling DQN,101,10,5.089131126183925,12,1,0.8105116871916532,0.7828126382027858,0.027699048988867436,3.417476814534536,55.739829953740575,91.229346782764,35.48951682902342,79.29060408273189,0.0,100.0,0.1265182115633549,0.19828079028532022,0.07176257872196531,0.0,83.33333333333334,12,2.4507916787643076,1.2079506701856466
Dueling DQN,101,11,5.060908154696011,12,1,0.8509471174698667,0.8160479292244505,0.03489918824541627,4.1012170473275145,95.1019337467906,64.51142435812869,-30.590509388661914,81.78665769790545,0.0,100.0,0.17227511497636352,0.18552136248172843,0.013246247505364905,0.0,91.66666666666666,12,2.4966243261908634,1.2510349695017007
Dueling DQN,101,12,5.044388737032962,12,1,0.8532367899974149,0.800204797396942,0.05303199260047298,6.2153898216969345,44.051439545460184,100.0,55.948560454539816,76.66493680223329,0.0,100.0,0.1363299337113334,0.16253173745257612,0.02620180374124273,0.0,75.0,12,2.3847556734559037,1.1986271405122775
Dueling DQN,101,13,5.5610968443498106,12,1,0.8766465948229811,0.8686661621630876,0.007980432659893566,0.9103363552681151,96.59405999289046,61.92757001321275,-34.66648997967771,88.47102608787452,0.0,100.0,0.12728491368416783,0.15231946385474004,0.025034550170572212,0.0,100.0,12,2.3717194371109733,1.1017477698980738
Dueling DQN,101,14,4.876659725335104,12,1,0.7923461276527657,0.8898362528102659,-0.09749012515750022,-12.303982029457696,100.0,58.13464866308895,-41.86535133691105,77.85732159981892,0.0,100.0,0.1837851799648405,0.1464435769190965,-0.03734160304574399,0.0,75.0,12,2.2807013684645603,1.2453902125499168
Dueling DQN,101,15,5.1073443269962,12,1,0.9068050408330139,0.8780599074838793,0.028745133349134644,3.169935328406274,86.5052617081337,81.16240445312218,-5.342857255011523,77.82886259819178,0.0,100.0,0.12232241882786142,0.14892996522806043,0.02660754640019901,0.0,83.33333333333334,12,2.4854019254423445,1.052231963240107
Dueling DQN,101,16,5.112616093467481,12,1,0.8903007053873205,0.8701184341418617,0.020182271245458794,2.266905004492679,86.18818633252889,54.080042439907814,-32.10814389262107,77.08178571843547,0.0,100.0,0.1193651793462439,0.12362031636928937,0.004255137023045474,0.0,83.33333333333334,12,2.5522967212515897,1.183154372078575
Dueling DQN,101,17,4.852100684414465,12,1,0.7946608267532456,0.8620569909716786,-0.06739616421843309,-8.481123260321555,79.24206580442059,70.34578782660986,-8.896277977810726,75.19510247440336,0.0,100.0,0.18766044992933734,0.1492884838033387,-0.038371966125998636,0.0,83.33333333333334,12,2.435722390715728,1.2706367078305565
Dueling DQN,101,18,5.0202545193464845,12,1,0.8835077812728983,0.8265718365353406,0.0569359447375577,6.444305974931906,100.0,63.0635670029109,-36.9364329970891,77.87819565617953,0.0,100.0,0.1494189017493304,0.19438002018419576,0.04496111843486536,0.0,83.33333333333334,12,2.4423648375100018,1.1657124168062452
Dueling DQN,101,19,4.936507896696545,12,1,0.9075227204578573,0.8492202371101266,0.058302483347730694,6.424355229179972,100.0,89.5377005712772,-10.462299428722801,78.02455805706346,0.0,100.0,0.08991470601072388,0.16807651928285625,0.07816181327213237,0.0,91.66666666666666,12,2.530295979151967,1.246868390176114
Dueling DQN,101,20,5.3630628952957995,12,1,0.8722075752149102,0.8707060179450018,0.0015015572699084156,0.17215595376346451,87.77880773678652,75.69886057833071,-12.07994715845581,85.40957251717445,0.0,100.0,0.1275597092499728,0.15229639962758906,0.02473669037761625,0.0,100.0,12,2.5842503676169697,1.1596333716322096
Dueling DQN,101,21,5.562847457378333,12,1,0.8630860527219788,0.8035486020971648,0.05953745062481397,6.89820562353502,77.5754242923731,75.39838291225077,-2.1770413801223327,84.34898285255792,0.0,100.0,0.1230485485323861,0.19231155340330536,0.06926300487091926,0.0,91.66666666666666,12,2.354533160679392,1.1587608589679284
Dueling DQN,101,22,5.073182913266231,12,1,0.8277431984694031,0.8938494361454727,-0.0661062376760696,-7.986322062000388,58.934364032861666,100.0,41.065635967138334,77.72705467765672,0.0,100.0,0.15495482571895627,0.13177548926225258,-0.023179336456703697,0.0,83.33333333333334,12,2.328557564363963,1.209677548394009
Dueling DQN,101,23,5.4042497517174555,12,1,0.8203733380653567,0.9174854279683506,-0.09711208990299391,-11.837548271864643,55.00676099761278,94.03616614585845,39.029405148245665,83.12940951018308,0.0,100.0,0.14440765094644195,0.08186925080743725,-0.0625384001390047,0.0,83.33333333333334,12,2.476294982900256,1.2506839552429607
Dueling DQN,101,24,4.938119300869509,12,1,0.8472568302843412,0.9163630446540146,-0.06910621436967346,-8.156465890806837,54.06466183092241,86.29007410244385,32.22541227152144,75.28860505346752,0.0,100.0,0.179349853960238,0.11897636630609527,-0.06037348765414273,0.0,75.0,12,2.4360978800147133,1.1647833625161945
Dueling DQN,101,25,5.045819887209504,12,1,0.8814698541644731,0.7892980195210866,0.09217183464338652,10.456606565491033,87.83405573524146,94.9071834630695,7.073127727828037,77.87505268407021,0.0,100.0,0.1206506098142001,0.18298593959385703,0.06233532977965693,0.0,91.66666666666666,12,2.4464041816500037,1.2532843251695949
Dueling DQN,101,26,5.1493839509374055,12,1,0.8973217189542065,0.808616227867535,0.08870549108667158,9.88558386729504,61.1134185327298,86.03658447833544,24.92316594560564,73.2736658940383,0.0,100.0,0.08367126467533477,0.15044663324089885,0.06677536856556408,0.0,83.33333333333334,12,2.405761906475084,1.1390782832167845
Dueling DQN,101,27,4.843458571551147,12,1,0.8570499533231034,0.9177407717384878,-0.06069081841538437,-7.081363015080202,51.6391659195959,58.55723852642032,6.918072606824424,78.70841516393342,0.0,100.0,0.13812580830174404,0.11422039872288565,-0.02390540957885838,0.0,83.33333333333334,12,2.463410503173091,1.0547497986758443
Dueling DQN,101,28,4.901360022384886,12,1,0.8882673647824879,0.8460426073198313,0.04222475746265664,4.753609007463233,75.48565559529392,75.25705555979873,-0.22860003549519092,71.78744119902044,0.0,100.0,0.1166135910657841,0.12394799576900366,0.007334404703219555,0.0,75.0,12,2.5434082060072325,1.2281233337785202
Dueling DQN,101,29,5.236119214168318,12,1,0.8714136745584693,0.8221985718374203,0.04921510272104901,5.647731285142556,100.0,99.94885940545818,-0.051140594541820406,80.90093968057518,0.0,100.0,0.12136351838478883,0.18337094109367447,0.06200742270888564,0.0,83.33333333333334,12,2.5278238464638516,1.2453919577779107
Dueling DQN,101,30,4.791757285794588,12,1,0.7888975100855562,0.8875004794096263,-0.09860296932407009,-12.49883135179075,74.21645466856968,91.50973761885378,17.293282950284095,78.30150336044373,0.0,100.0,0.19815175060264426,0.10353936904340283,-0.09461238155924143,0.0,83.33333333333334,12,2.528084067465298,1.1895756286415262
Dueling DQN,101,31,5.042422783669382,12,1,0.8449424309887263,0.832463920529476,0.012478510459250303,1.476847416059852,82.73575826205666,37.69507680096482,-45.04068146109184,73.57924329805736,0.0,100.0,0.1467196407918383,0.19740692978958302,0.05068728899774472,0.0,75.0,12,2.4151073090290365,1.1911263360119784
Dueling DQN,101,32,4.972812889151368,12,1,0.8193710017898532,0.8031241274972659,0.01624687429258731,1.9828471177399807,95.84210209283901,65.23867233920103,-30.603429753637982,78.29733874566394,0.0,100.0,0.15883458668054995,0.17379791235055517,0.014963325670005218,0.0,83.33333333333334,12,2.5225756902966356,1.2141438434600176
Dueling DQN,101,33,5.115429293293608,12,1,0.7720320034211607,0.8758797347156069,-0.10384773129444613,-13.45122104190736,77.50278570030571,84.86876911203774,7.3659834117320315,82.86811890143865,0.0,100.0,0.17724928610747448,0.16978443629621026,-0.007464849811264218,0.0,83.33333333333334,12,2.414661709486586,1.2384452434709314
Dueling DQN,101,34,4.615502320753882,12,1,0.8209154355282887,0.8360853532239819,-0.015169917695693202,-1.847926965331187,13.699679073781756,75.83042404110829,62.130744967326535,74.48154445875444,0.0,100.0,0.18901083215725267,0.16929809929664327,-0.0197127328606094,0.0,83.33333333333334,12,2.6592505582187465,1.2312246851416941
Dueling DQN,101,35,5.4118095982619,12,1,0.889735526329863,0.9161877504487951,-0.02645222411893211,-2.973043487208708,88.1000653420868,90.9878496168763,2.88778427478951,84.21234703126144,0.0,100.0,0.1306398596664049,0.1059129506924955,-0.024726908973909403,0.0,91.66666666666666,12,2.4596353058746323,1.1964797593466832
Dueling DQN,101,36,4.449023432352694,12,1,0.8777126691837248,0.8197332756238633,0.05797939355986148,6.605737343837418,100.0,51.32386992657838,-48.67613007342162,68.8935999053808,0.0,100.0,0.13130280412437442,0.14364114035671055,0.012338336232336128,0.0,66.66666666666666,12,2.5102050278971584,1.177704334567348
Dueling DQN,101,37,5.053144091909847,12,1,0.8051085007753184,0.8111347338325903,-0.006026233057271901,-0.7484994943499723,100.0,83.04690583645412,-16.953094163545884,81.44296034932114,0.0,100.0,0.20657218537434088,0.15145600136464202,-0.055116184009698865,0.0,91.66666666666666,12,2.4582550627404203,1.3238471418332853
Dueling DQN,101,38,5.1836732155992,12,1,0.8747992810214011,0.8687274178971732,0.006071863124227916,0.6940864328487456,91.15480871448308,72.63854642295802,-18.516262291525067,78.1448744077222,0.0,100.0,0.1367855563269646,0.1414135586491518,0.0046280023221872135,0.0,91.66666666666666,12,2.600804396993249,1.1616379084363766
Dueling DQN,101,39,5.406824043060168,12,1,0.7961739434722699,0.8376308819659061,-0.041456938493636186,-5.207020253995552,92.06495169014276,82.85153840838159,-9.213413281761177,83.48789524681631,0.0,100.0,0.18972007007033342,0.17206565825638523,-0.017654411813948195,0.0,100.0,12,2.3999445635760823,1.2604965639262817
Dueling DQN,101,40,5.257963426401619,12,1,0.8272868268641039,0.8334839631350063,-0.006197136270902348,-0.749091617280198,100.0,81.08637421748553,-18.913625782514472,86.37207435251958,0.0,100.0,0.18209704309302066,0.1486181556550229,-0.03347888743799776,0.0,100.0,12,2.503397503286911,1.1916902360364106
Dueling DQN,101,41,5.288187510041733,12,1,0.778180491235786,0.8702667912548809,-0.0920863000190949,-11.833540040673297,84.86504506990428,70.14428228897712,-14.72076278092716,81.60056411899319,0.0,100.0,0.19660996942124184,0.14686757328535463,-0.04974239613588721,0.0,100.0,12,2.4020169534981517,1.2866045357366442
Dueling DQN,101,42,5.104585471469077,12,1,0.8885307457833465,0.841884836527597,0.04664590925574941,5.2497799853425935,96.33513331310664,44.079827807816955,-52.255305505289684,77.33126194261445,0.0,100.0,0.12183552601620552,0.16927244281270742,0.0474369167965019,0.0,83.33333333333334,12,2.554050538691054,1.2246616993485782
Dueling DQN,101,43,4.597506578079466,12,1,0.8274167015367938,0.8497346104201254,-0.022317908883331627,-2.6972997815828097,73.56435487085142,72.10843279996652,-1.4559220708848954,64.44385068350346,0.0,100.0,0.1497290407485871,0.11977492323851285,-0.029954117510074235,0.0,75.0,12,2.4606478292666165,1.211522582553863
Dueling DQN,101,44,5.299296916943175,12,1,0.853611730906383,0.8726529422641194,-0.0190412113577364,-2.2306642081310244,90.66391867679404,60.006726438873855,-30.657192237920185,82.50969019266826,0.0,100.0,0.1442764715384749,0.12085772129231843,-0.02341875024615646,0.0,100.0,12,2.6745677012685793,1.1434325686267988
Dueling DQN,101,45,5.023331464426533,12,1,0.8154228851710801,0.8747107819591914,-0.059287896788111305,-7.270815900104691,84.94983856008821,80.69560019138626,-4.254238368701948,80.3684550847481,0.0,100.0,0.13637908281135255,0.11698021433337494,-0.019398868477977615,0.0,83.33333333333334,12,2.552040607183064,1.11114429864811
Dueling DQN,101,46,4.89666775673763,12,1,0.8723354744591338,0.874041608063238,-0.0017061336041042097,-0.19558227930166983,50.96171002566005,72.14128523307505,21.179575207415006,73.9489574055991,0.0,100.0,0.10566858085944715,0.10410926714250962,-0.0015593137169375298,0.0,83.33333333333334,12,2.392173139358059,1.145157676194128
Dueling DQN,101,47,5.139194218759896,12,1,0.8052059549863371,0.9020452501880836,-0.0968392952017465,-12.026649157530098,100.0,84.22244706394338,-15.777552936056622,76.99854503732762,0.0,100.0,0.15470655137597547,0.13273250397933978,-0.021974047396635693,0.0,83.33333333333334,12,2.343237878017437,1.189361322381093
Dueling DQN,101,48,4.6960319329575215,12,1,0.8140920497739529,0.8079618959716708,0.006130153802282101,0.7530049954405337,97.52211897110713,91.92597355224846,-5.596145418858669,79.88842513324433,0.0,100.0,0.16569566822113002,0.19002258735657482,0.024326919135444797,0.0,83.33333333333334,12,2.5317201343194466,1.2380126424238158
Dueling DQN,101,49,5.45596107587304,12,1,0.8129669852973397,0.8937911660627679,-0.08082418076542819,-9.941877373515611,83.1351037864506,100.0,16.8648962135494,83.79892270854432,0.0,100.0,0.1465741719059668,0.11109919851905106,-0.03547497338691574,0.0,100.0,12,2.4961852575713603,1.1433250807723285
Dueling DQN,101,50,5.390697342013646,12,1,0.8211994125853547,0.8742736279237144,-0.053074215338359765,-6.463011848884302,90.22255721453793,87.17556564670943,-3.046991567828499,85.02537975925105,0.0,100.0,0.17782837983272104,0.1517698234731792,-0.02605855635954185,0.0,100.0,12,2.5714817097577716,1.2635893197149761
Dueling DQN,101,51,5.310782534737685,12,1,0.9121758625899072,0.8386595165653226,0.07351634602458468,8.059448735669504,72.1382222599737,81.82516911060932,9.686946850635621,85.95946133487337,0.0,100.0,0.10905617961297331,0.1132505839853913,0.004194404372417984,0.0,100.0,12,2.553996372769929,1.2085833777100352
Dueling DQN,101,52,5.119371842367698,12,1,0.776153930372333,0.8283966049430223,-0.05224267457068921,-6.730968243068432,82.4161515775141,78.7818236324353,-3.6343279450787946,82.63736766018877,0.0,100.0,0.1953011062463626,0.16717333555768,-0.028127770688682607,0.0,91.66666666666666,12,2.423922006591576,1.298040106099799
Dueling DQN,101,53,5.298647349067051,12,1,0.8430455032906758,0.7775494042599347,0.06549609903074116,7.768987412315109,100.0,94.36548856982874,-5.634511430171258,82.69059377446068,0.0,100.0,0.1598505774345237,0.19588310804804634,0.036032530613522656,0.0,91.66666666666666,12,2.444842501224618,1.2672618384881065
Dueling DQN,101,54,4.946489254167931,12,1,0.868882935301144,0.8045137101586988,0.06436922514244525,7.408273603639791,81.06074593653433,70.03561820399352,-11.02512773254081,75.1036952278387,0.0,100.0,0.12526762560541588,0.17879671586816118,0.0535290902627453,0.0,75.0,12,2.5417733857192024,1.2277208201671086
Dueling DQN,101,55,5.433224761365065,12,1,0.7865888078166181,0.8211851204953693,-0.034596312678751184,-4.398271668113643,92.56682224280252,83.50689226038544,-9.059929982417074,85.4411086927717,0.0,100.0,0.17633897000821913,0.1627304837339437,-0.013608486274275439,0.0,100.0,12,2.417271007797404,1.2498729844604033
Dueling DQN,101,56,4.892625217737621,12,1,0.8001884957549177,0.8069662590807928,-0.006777763325875097,-0.8470208409433313,52.6113031040894,78.683960987717,26.0726578836276,73.64596561800074,0.0,100.0,0.1861132048380167,0.1445524810726492,-0.041560723765367485,0.0,75.0,12,2.417092060806831,1.3328658784917333
Dueling DQN,101,57,5.280495294731015,12,1,0.8293482362812543,0.926929022540454,-0.09758078625919964,-11.765960544721937,85.50372868695352,83.94820931491309,-1.555519372040436,78.46880257506459,0.0,100.0,0.17820746882791622,0.08974924550937136,-0.08845822331854486,0.0,91.66666666666666,12,2.3882390084941147,1.1574380591308
Dueling DQN,101,58,5.198498766568614,12,1,0.7935605843561131,0.8220658342206114,-0.028505249864498317,-3.5920697709081892,70.74674764447016,82.10838394076812,11.36163629629796,81.45042358588704,0.0,100.0,0.16343551185699579,0.19091279606907774,0.027477284212081954,0.0,83.33333333333334,12,2.293559277281663,1.2163969931701584
Dueling DQN,101,59,4.673118002120101,12,1,0.8925040729987683,0.7817497385603066,0.11075433443846172,12.409392605496219,71.38595740904177,81.30642889794547,9.9204714889037,72.03023839536378,0.0,100.0,0.1401803281506166,0.20144227422155478,0.061261946070938184,0.0,75.0,12,2.3151083273172035,1.2598368233684485
Dueling DQN,101,60,5.233520168440081,12,1,0.8434754821242443,0.818820350074169,0.0246551320500753,2.9230407489714785,55.98692204866018,87.54733345617132,31.560411407511133,82.92511778631176,0.0,100.0,0.1399786218160192,0.14729272841867466,0.007314106602655468,0.0,83.33333333333334,12,2.3055048549217405,1.122415807666441
Dueling DQN,101,61,5.022986908890511,12,1,0.869399222318191,0.8700024419334449,-0.0006032196152538916,-0.06938350067135435,90.28047215227936,71.04155544336504,-19.238916708914317,76.86798693708107,0.0,100.0,0.10556157142173543,0.11755017174236719,0.01198860032063176,0.0,83.33333333333334,12,2.407868767159392,1.1143877132189106
Dueling DQN,101,62,5.048958321256234,12,1,0.8071121839914909,0.8543055066142957,-0.047193322622804845,-5.847182530365864,67.95574960533588,79.41297318477328,11.457223579437397,80.17185556971239,0.0,100.0,0.17394788576900755,0.14867179540111758,-0.02527609036788997,0.0,100.0,12,2.3342401266449797,1.1818280314569027
Dueling DQN,101,63,5.226145056266837,12,1,0.8337647532493297,0.8785834244982687,-0.0448186712489389,-5.37545765448498,86.76331006738825,58.929342094253144,-27.833967973135103,82.03054693254636,0.0,100.0,0.15556378718208397,0.1337564529083716,-0.02180733427371237,0.0,83.33333333333334,12,2.5683509649773324,1.1650337471105061
Dueling DQN,101,64,4.4052426424594495,12,1,0.8786808532605095,0.9075341265883994,-0.028853273327889895,-3.2837034312087754,52.705579942986446,70.45620664479904,17.750626701812593,62.19957529498439,0.0,100.0,0.12815336526264254,0.10294665548200388,-0.02520670978063866,0.0,66.66666666666666,12,2.5220617796758655,1.177968602690145
Dueling DQN,101,65,5.433270667965693,12,1,0.8770491874739236,0.8715357877881654,0.005513399685758147,0.628630613254182,100.0,78.12222810991834,-21.87777189008166,83.66159853555035,0.0,100.0,0.13823482662765596,0.10768452319191064,-0.030550303435745316,0.0,100.0,12,2.3565065820090068,1.218977650599291
Dueling DQN,101,66,5.290141524982898,12,1,0.8389310063244022,0.8576524318502884,-0.01872142552588618,-2.231581069808127,92.20162258116693,84.49279315007902,-7.708829431087906,83.8613585000232,0.0,100.0,0.17810959210605326,0.11352409225456205,-0.06458549985149122,0.0,91.66666666666666,12,2.3662695755399974,1.1955828741897572
Dueling DQN,101,67,5.4527741196872626,12,1,0.8304591746680818,0.840121491447773,-0.009662316779691205,-1.163490882445009,63.14630601333313,100.0,36.85369398666687,85.23007478972413,0.0,100.0,0.15089428264468863,0.15379702250256821,0.002902739857879588,0.0,100.0,12,2.5369875051340753,1.2461329400375232
Dueling DQN,101,68,5.195699504098931,12,1,0.8576589724579351,0.8571100952670063,0.000548877190928776,0.06399713738850861,82.08709008828524,60.32918167747027,-21.75790841081497,81.7964863437291,0.0,100.0,0.14688923384142624,0.16742535746535772,0.02053612362393148,0.0,91.66666666666666,12,2.5090347823968306,1.203875159520734
Dueling DQN,101,69,5.343108924521287,12,1,0.9256734257526965,0.8753836487393315,0.05028977701336501,5.4327774368668615,88.9913963612859,76.43000147306091,-12.561394888224982,84.30908999143618,0.0,100.0,0.10813491597657036,0.13407528967537663,0.025940373698806266,0.0,100.0,12,2.701045031240802,1.172051006377826
Dueling DQN,101,70,4.974647207706288,12,1,0.7985422991599525,0.8958344471381737,-0.09729214797822128,-12.183718768632582,94.6384499382578,56.54746077898114,-38.09098915927667,80.63083465884766,0.0,100.0,0.16842036714334918,0.1079726649203501,-0.06044770222299908,0.0,91.66666666666666,12,2.6458970470026775,1.163647362650086
Dueling DQN,101,71,5.085635380822474,12,1,0.8214721558358231,0.8246498246309161,-0.0031776687950929583,-0.38682611121003563,100.0,82.07598756028037,-17.924012439719633,81.25554443914437,0.0,100.0,0.13734580562951668,0.18738817733059152,0.05004237170107484,0.0,91.66666666666666,12,2.29954008618984,1.2226410713427776
Dueling DQN,101,72,5.227600023831092,12,1,0.7792359584703487,0.8347552611050112,-0.05551930263466254,-7.124838379333485,86.08532436449482,76.32327133452661,-9.762053029968214,81.26605592074041,0.0,100.0,0.19145876387253968,0.18506537646356314,-0.0063933874089765474,0.0,91.66666666666666,12,2.292928827014483,1.303896804371224
Dueling DQN,101,73,5.360253419021906,12,1,0.8878691126530491,0.8590849227902592,0.028784189862789966,3.2419406703742277,63.75507864497225,87.7715847390577,24.01650609408545,81.19483332230577,0.0,100.0,0.11123967236444285,0.11907737765556749,0.007837705291124639,0.0,91.66666666666666,12,2.4878340169156834,1.2068064754279466
Dueling DQN,101,74,5.298456760013,12,1,0.9195506963865187,0.9049057202094526,0.01464497617706606,1.5926230315104102,87.18825648592848,100.0,12.811743514071523,75.14165478621771,0.0,100.0,0.09279216353998773,0.11525738121296035,0.022465217672972618,0.0,83.33333333333334,12,2.416317600953885,1.1487142035696394
Dueling DQN,101,75,5.038969346703049,12,1,0.8114340382968143,0.839388756721352,-0.027954718424537783,-3.445100538697421,88.49749848566717,89.8304838925158,1.3329854068486355,79.71042727049026,0.0,100.0,0.17191561449957118,0.14663053051840474,-0.02528508398116644,0.0,83.33333333333334,12,2.396198536616323,1.2426426978825715
Dueling DQN,101,76,5.287903288732686,12,1,0.8445932664639043,0.8801696510512647,-0.035576384587360343,-4.212250558935848,99.67259131509888,90.60249518559013,-9.070096129508755,85.83274519374554,0.0,100.0,0.168426396508167,0.11276428860204753,-0.05566210790611946,0.0,91.66666666666666,12,2.5523938111468,1.2531162334498045
Dueling DQN,101,77,5.559409450332598,12,1,0.8074844968893282,0.8548591623530186,-0.0473746654636904,-5.86694427523894,100.0,72.35594822464057,-27.64405177535943,84.18459384515813,0.0,100.0,0.14893542276514338,0.13965072269885376,-0.00928470006628962,0.0,91.66666666666666,12,2.395293714377812,1.2197710979691632
Dueling DQN,101,78,4.996809345621417,12,1,0.807766620718159,0.8666287844343019,-0.058862163716142946,-7.287026005581973,90.47446160581191,64.90077702719908,-25.573684578612827,80.74275710597324,0.0,100.0,0.1850514046593507,0.14384161055682057,-0.04120979410253012,0.0,91.66666666666666,12,2.3534014603883953,1.235050873273337
Dueling DQN,101,79,5.307002915567995,12,1,0.8799986430311704,0.8883243149807513,-0.008325671949580893,-0.9461005440761788,74.57227446067915,83.46809800234703,8.89582354166788,78.88825369120525,0.0,100.0,0.12711951899760351,0.12955709747602284,0.0024375784784193277,0.0,83.33333333333334,12,2.457610206805727,1.1779316113905371
Dueling DQN,101,80,5.298306803120097,12,1,0.8585670834901926,0.8673817874520544,-0.008814703961861792,-1.0266762063633763,73.03234883764041,94.3804572964716,21.34810845883119,83.9287768989204,0.0,100.0,0.1717250213850931,0.15366082714466833,-0.01806419424042477,0.0,83.33333333333334,12,2.3879105891607693,1.188529507805497
Dueling DQN,101,81,4.96146148775179,12,1,0.8737431487347556,0.881641623467352,-0.007898474732596417,-0.9039813066384542,49.49122837794791,90.95253995166642,41.46131157371851,71.6449984025945,0.0,100.0,0.1246747349942628,0.14415846716833514,0.01948373217407233,0.0,66.66666666666666,12,2.3405520208831314,1.197609846735093
Dueling DQN,101,82,3.5283346914752984,12,0,0.8984838507774601,0.8240736767608418,0.07441017401661831,8.281748631567615,81.48617221710323,0.0,-81.48617221710323,47.55544115895133,0.0,100.0,0.16357946887499838,0.17334523596758564,0.009765767092587252,0.0,58.333333333333336,12,2.441294239755502,1.2382818524409092
Dueling DQN,101,83,4.78108178416658,12,1,0.7609591342756643,0.8938272638932384,-0.1328681296175741,-17.460613012293695,53.94453965527606,57.6095533613197,3.665013706043638,76.79229850234852,0.0,100.0,0.20829954280070914,0.14006188079372564,-0.0682376620069835,0.0,83.33333333333334,12,2.449919558810558,1.293594605672683
Dueling DQN,101,84,4.395531429895035,12,1,0.8369113908165113,0.9035243759519723,-0.06661298513546099,-7.959383259256601,37.8889480640303,42.96841031661698,5.07946225258668,69.97043079400467,0.0,100.0,0.2040410204518723,0.12794764341811557,-0.07609337703375674,0.0,83.33333333333334,12,2.4759148791873016,1.2836191994968238
Dueling DQN,101,85,4.757035351419339,12,1,0.8422038314997673,0.8883053362853067,-0.04610150478553943,-5.473912972284093,41.098559866603935,79.91479135733196,38.81623149072803,70.46314032264753,0.0,100.0,0.17444668339081554,0.14397405329387206,-0.03047263009694348,0.0,75.0,12,2.5052830236818706,1.1936753490901573
Dueling DQN,101,86,4.863653933153769,12,1,0.7963955595025389,0.8476304761524668,-0.05123491664992785,-6.433350366987388,84.2597317085566,65.51741107775338,-18.74232063080322,76.37108862357375,0.0,100.0,0.17619674696215293,0.13315713644555188,-0.043039610516601046,0.0,83.33333333333334,12,2.5331488258735666,1.2754027200450249
Dueling DQN,101,87,5.39389144909129,12,1,0.918762683358327,0.8030312673592596,0.11573141599906744,12.596442813288597,96.40830956918673,76.30155070136934,-20.10675886781739,82.16947255776263,0.0,100.0,0.11354660785597472,0.19912962572013546,0.08558301786416074,0.0,91.66666666666666,12,2.3953472274825933,1.1790164725055259
Dueling DQN,101,88,4.983469129122908,12,1,0.8495765417768174,0.801070519813063,0.04850602196375442,5.709435180767607,92.77475119215255,100.0,7.22524880784745,77.12311355852303,0.0,100.0,0.1569375792503324,0.1538486717048688,-0.003088907545463593,0.0,83.33333333333334,12,2.4553416397594985,1.181846072656275
Dueling DQN,101,89,5.438985149429888,12,1,0.8817987238074976,0.8815441527517901,0.0002545710557074754,0.028869519634624682,75.76792868386461,74.10645006770773,-1.6614786161568844,84.05327659136498,0.0,100.0,0.11946014379204829,0.15989561238536223,0.04043546859331394,0.0,100.0,12,2.56858851629196,1.1564263275252868
Dueling DQN,101,90,4.806749230634834,12,1,0.7617126614798658,0.9141584644168128,-0.15244580293694698,-20.01355768995269,85.87463149552215,65.99126400189817,-19.88336749362398,74.01817028773866,0.0,100.0,0.1667726411673241,0.08616409310638962,-0.08060854806093448,0.0,91.66666666666666,12,2.511795980695599,1.2588357944859456
Dueling DQN,101,91,5.365098513248593,12,1,0.9066777061605993,0.8598493962893071,0.04682830987129216,5.164824231709685,83.04036088028658,51.053535368843825,-31.98682551144276,84.3823376217066,0.0,100.0,0.11848362046640698,0.1114717836049023,-0.0070118368615046806,0.0,91.66666666666666,12,2.6168635371095332,1.1601113050185323
Dueling DQN,101,92,4.847191774422557,12,1,0.8130271754911671,0.8407213641896616,-0.027694188698494493,-3.406305414301046,54.98447149402445,76.23341737769512,21.24894588367067,78.761596718971,0.0,100.0,0.1861305083712202,0.15327401410258035,-0.032856494268639846,0.0,91.66666666666666,12,2.5224946959590184,1.2227437998700985
Dueling DQN,101,93,4.849806915188905,12,1,0.8104561619841146,0.8469104691744469,-0.03645430719033227,-4.49799864573635,88.25022335694362,51.4394123741133,-36.81081098283032,71.50983430835528,0.0,100.0,0.1264675588223496,0.14410005955142888,0.017632500729079265,0.0,66.66666666666666,12,2.453835598365307,1.1810584985025014
Dueling DQN,101,94,4.748332078943909,12,1,0.8735339330682524,0.8487558279630629,0.02477810510518952,2.8365360711469365,100.0,91.91683005936886,-8.083169940631137,71.1786317641695,0.0,100.0,0.12422802415707523,0.14942532198251812,0.025197297825442888,0.0,75.0,12,2.574329414071659,1.2259890761225862
Dueling DQN,101,95,5.163492857159666,12,1,0.8880219816862699,0.8849827021734094,0.0030392795128605377,0.34225273422728036,89.88390902295536,94.97536580352269,5.091456780567327,79.76661830778204,0.0,100.0,0.10696828530735158,0.14946966261012828,0.0425013773027767,0.0,83.33333333333334,12,2.6394376307035894,1.064263601113494
Dueling DQN,101,96,5.055674170849838,12,1,0.8730094472601196,0.8948232644037111,-0.02181381714359143,-2.498691991484468,80.0889365733527,57.04670658218496,-23.042229991167737,80.62524392714784,0.0,100.0,0.15564833529957833,0.1307716388051157,-0.02487669649446264,0.0,91.66666666666666,12,2.8008285011726524,1.2034087899273147
Dueling DQN,101,97,5.278577252643249,12,1,0.8195618499997541,0.7736264346870515,0.04593541531270262,5.604874764816884,96.3542003052888,68.69271075413268,-27.661489551156123,82.47338229513547,0.0,100.0,0.16082840016781597,0.1933008307472882,0.032472430579472245,0.0,91.66666666666666,12,2.584544339229588,1.2135698293555122
Dueling DQN,101,98,5.2560324212057665,12,1,0.8568262090594331,0.8240652307116285,0.03276097834780456,3.8235266383561477,72.48013481932378,74.6370308760937,2.1568960567699236,82.18318035974661,0.0,100.0,0.11894408109062507,0.14993975003196885,0.030995668941343785,0.0,100.0,12,2.555036736143878,1.1534366659060475
Dueling DQN,101,99,4.985066304336125,12,1,0.8635159801220962,0.8867718675744382,-0.023255887452341972,-2.6931623719405544,66.20356067173337,54.76786909958321,-11.435691572150162,75.65612108261625,0.0,100.0,0.1286473523569517,0.07093321162438887,-0.05771414073256284,0.0,83.33333333333334,12,2.5404920204352237,1.1164021879796557
Dueling DQN,101,100,5.115495775306567,12,1,0.8852659676465127,0.8573777408448644,0.027888226801648264,3.150265323740995,78.85952017535456,56.659092504145455,-22.200427671209106,81.57963025682864,0.0,100.0,0.14511363924276965,0.14805074522901257,0.002937105986242916,0.0,91.66666666666666,12,2.6903825264570873,1.2132035775923706
Dueling DQN,101,101,5.269003989167907,12,1,0.8249965109707136,0.8318207456404751,-0.006824234669761564,-0.827183458234506,85.93531010397342,78.57588754175214,-7.359422562221283,83.8465141306746,0.0,100.0,0.1399868003132501,0.15035667764707736,0.010369877333827271,0.0,100.0,12,2.5458099184724126,1.121708668134847
Dueling DQN,101,102,5.350149083215954,12,1,0.8602852918869519,0.9274016224281155,-0.06711633054116362,-7.801636407609677,67.38562279865941,74.94037837801503,7.554755579355614,82.46027095782284,0.0,100.0,0.11471662604876526,0.07833898080104117,-0.03637764524772409,0.0,100.0,12,2.39787140767841,1.1266606974743285
Dueling DQN,101,103,5.58124996539953,12,1,0.8032167293216703,0.7867452124724921,0.016471516849178247,2.0506939469610788,86.92175793769833,95.21591661570858,8.294158678010248,86.780524695326,0.0,100.0,0.17358850358789055,0.18934729073545853,0.015758787147567982,0.0,91.66666666666666,12,2.330454008935153,1.2058220930318992
Dueling DQN,101,104,5.333829983165864,12,1,0.822736372667382,0.844499889102792,-0.02176351643540997,-2.64526003206237,99.98138786347495,74.87742252552881,-25.103965337946136,84.33738378237807,0.0,100.0,0.18454947610748434,0.19569769502612216,0.01114821891863782,0.0,100.0,12,2.446868565261525,1.2009046412490345
Dueling DQN,101,105,5.164724931153064,12,1,0.8478303333815405,0.8736984960073164,-0.02586816262577596,-3.0511013356412637,56.642058799381836,100.0,43.357941200618164,78.82729783828213,0.0,100.0,0.17337473119387545,0.14563661726825897,-0.02773811392561648,0.0,83.33333333333334,12,2.474384842456803,1.198757855066374
Dueling DQN,101,106,4.896611099420135,12,1,0.8632759081213021,0.8625209283078986,0.0007549798134034447,0.08745521637994787,58.20382717991988,74.74855569282533,16.544728512905458,78.50286820556174,0.0,100.0,0.15127527538056995,0.12617814090557947,-0.025097134474990485,0.0,91.66666666666666,12,2.6047928595170275,1.2245165235005508
Dueling DQN,101,107,5.063257135609516,12,1,0.8848646518228955,0.8911174632317781,-0.006252811408882564,-0.706640433200857,68.16107291931834,77.83624148238286,9.675168563064517,78.05710581467572,0.0,100.0,0.1081481972819392,0.14888776100917067,0.040739563727231476,0.0,91.66666666666666,12,2.5914069859264126,1.1520047265198847
Dueling DQN,101,108,5.471461765353833,12,1,0.8805094501787796,0.8517431454518947,0.028766304726884906,3.2670069266200565,100.0,88.6392033484169,-11.360796651583101,87.18924341781293,0.0,100.0,0.13279698810174861,0.15531226990375407,0.02251528180200546,0.0,100.0,12,2.6641412776376434,1.1462637789691552
Dueling DQN,101,109,4.775359680201343,12,1,0.7903691528900526,0.822463812195066,-0.03209465930501343,-4.060717601092674,91.9051612269227,49.225510187529004,-42.6796510393937,74.55050072635437,0.0,100.0,0.17515480795788474,0.2010614742270317,0.02590666626914695,0.0,83.33333333333334,12,2.3541690931313375,1.2739547592487943
Dueling DQN,101,110,4.807464486177691,12,1,0.9077669460310946,0.8761810955021998,0.03158585052889484,3.4795109765775614,72.90233928491826,94.9139198818007,22.01158059688244,69.41441491087008,0.0,100.0,0.12285011786903002,0.11559957035079867,-0.007250547518231357,0.0,75.0,12,2.5046963591288853,1.0358613029789938
Dueling DQN,101,111,4.838996746664815,12,1,0.7944441648769814,0.8609442897840498,-0.06650012490706836,-8.370648038854412,65.5497853711733,95.98212623404744,30.432340862874142,75.56668659987785,0.0,100.0,0.15966502509095573,0.1586585739950893,-0.0010064510958664175,0.0,83.33333333333334,12,2.4799371521524884,1.1750700172257353
Dueling DQN,101,112,5.012581144167137,12,1,0.8983468733626969,0.8953186702096658,0.003028203153031095,0.33708617938368374,68.1919860501921,42.6915210415715,-25.5004650086206,76.67832298694518,0.0,100.0,0.1210101511239019,0.13956950912362956,0.01855935799972766,0.0,83.33333333333334,12,2.592455200426666,1.170093571685022
Dueling DQN,101,113,5.062954535763335,12,1,0.8942517405014561,0.8838369599535267,0.010414780547929325,1.1646363184140056,73.93038095210417,75.46253728362393,1.532156331519758,76.30639660548688,0.0,100.0,0.09177945268965983,0.14570972341559418,0.05393027072593436,0.0,91.66666666666666,12,2.5361649712510195,1.2187733409071997
Dueling DQN,101,114,5.055629377596991,12,1,0.8666873425553432,0.8089875634220075,0.05769977913333568,6.6575079962762,66.54585635783278,60.58524031173506,-5.960616046097712,81.1165666500164,0.0,100.0,0.14970517214971746,0.17566401381866,0.02595884166894255,0.0,100.0,12,2.446263110867737,1.171068890101074
Dueling DQN,101,115,5.281144535608812,12,1,0.9386739627730567,0.7980986910633808,0.14057527170967588,14.975942370275671,82.50522560569961,71.19830682052519,-11.306918785174418,79.04555273378668,0.0,100.0,0.0807989431037554,0.1637920964800355,0.0829931533762801,0.0,91.66666666666666,12,2.531727294197292,1.1375493890010513
Dueling DQN,101,116,4.660065108641091,12,1,0.8068745119892341,0.8067224379857347,0.0001520740034993695,0.01884729301021701,58.310037424219466,96.3065812573395,37.996543833120036,68.48698027367685,0.0,100.0,0.16650628711427495,0.17102262776039423,0.004516340646119277,0.0,75.0,12,2.1882531097209954,1.2803319369959487
Dueling DQN,101,117,5.273511190242674,12,1,0.8048374643517567,0.8120576777683685,-0.0072202134166117204,-0.8971020530744209,88.77657891379086,83.40596540181072,-5.370613511980139,84.76996160643414,0.0,100.0,0.15637672043519235,0.18753276322441365,0.031156042789221294,0.0,91.66666666666666,12,2.460006870460643,1.150669973733887
Dueling DQN,101,118,5.20529758621549,12,1,0.851464669778507,0.8797464495235193,-0.028281779745012336,-3.321544715692,100.0,86.37355677907375,-13.626443220926248,81.98434380745996,0.0,100.0,0.13827360858867774,0.0989474147182712,-0.039326193870406534,0.0,83.33333333333334,12,2.3978389364836343,1.2304178567307271
Dueling DQN,101,119,4.950407286416749,12,1,0.8558375023378822,0.8673915798471524,-0.011554077509270178,-1.3500316914961108,65.25006675330422,92.87757331161103,27.627506558306806,70.81458600907298,0.0,100.0,0.09316621941459637,0.13956197887077482,0.04639575945617845,0.0,75.0,12,2.407114416056521,1.0989128510431951
Dueling DQN,101,120,5.372460750028489,12,1,0.8304984574718282,0.8930564076659113,-0.06255795019408317,-7.532578734043613,90.45504932052107,91.11326101627671,0.6582116957556394,87.70070171731969,0.0,100.0,0.15868251022167698,0.09269466175842872,-0.06598784846324826,0.0,100.0,12,2.5507521475849386,1.147600414099843
Dueling DQN,101,121,5.1739239648707835,12,1,0.8630630524009184,0.903586298017833,-0.04052324561691456,-4.695282170194249,94.83899226491057,38.313836057321254,-56.52515620758932,79.7876233300421,0.0,100.0,0.14019506395369713,0.11644974510217142,-0.023745318851525712,0.0,83.33333333333334,12,2.481176488226596,1.23140601422918
Dueling DQN,101,122,5.0839055905508,12,1,0.8683832861297234,0.8138739887114896,0.05450929741823374,6.277101170518253,85.60034479417257,77.05300635849294,-8.547338435679634,77.65063617338394,0.0,100.0,0.12537509036201044,0.18770237245456672,0.06232728209255628,0.0,91.66666666666666,12,2.619812373303887,1.180690598837876
Dueling DQN,101,123,4.798808652281336,12,1,0.8559762085846352,0.8633696840815273,-0.007393475496892066,-0.8637477797563144,97.87752069473134,94.86884826579448,-3.008672428936862,73.24725612145015,0.0,100.0,0.14386936670984907,0.17836496889389936,0.03449560218405029,0.0,75.0,12,2.5103376718108077,1.1902346039320169
Dueling DQN,101,124,5.0711160948355705,12,1,0.7970172070376871,0.8907021609807144,-0.09368495394302734,-11.754445589855054,96.43797700734996,81.12797959453302,-15.30999741281694,81.83443924516415,0.0,100.0,0.21104754620942892,0.12509503278098,-0.08595251342844892,0.0,100.0,12,2.3592482475874763,1.3138701252543126
Dueling DQN,101,125,4.906285495817631,12,1,0.7671016867007664,0.8551882080161841,-0.08808652131541772,-11.483030586762197,90.26868972260637,97.5521603005303,7.283470577923936,78.65802935354301,0.0,100.0,0.2185697034835794,0.16541722447040097,-0.05315247901317843,0.0,100.0,12,2.256311043681061,1.2941095083755818
Dueling DQN,101,126,5.4179844032991165,12,1,0.8873590643146473,0.8270872212089021,0.06027184310574518,6.792272207451468,100.0,97.28605522613618,-2.7139447738638154,83.95528910615626,0.0,100.0,0.1440697972424214,0.14309837289998664,-0.0009714243424347457,0.0,91.66666666666666,12,2.5012370371498234,1.217121022335028
Dueling DQN,101,127,4.526059442801051,12,1,0.8910134895550229,0.8650207326083719,0.02599275694665104,2.917212505910766,73.45808193849909,2.867870719984436,-70.59021121851465,63.708100978039845,0.0,100.0,0.13002314145368804,0.14998592666981447,0.019962785216126433,0.0,75.0,12,2.5040211888349377,1.063038888900837
Dueling DQN,101,128,5.361040495387356,12,1,0.8776701141221555,0.7886079346834585,0.08906217943869699,10.147568887859064,85.8669864751611,71.3366519037966,-14.530334571364506,88.77358793862062,0.0,100.0,0.12821306043169414,0.2098187385406529,0.08160567810895875,0.0,100.0,12,2.664577276116041,1.15123333638932
Dueling DQN,101,129,5.311835423550862,12,1,0.8651770148743102,0.8717751337558433,-0.006598118881533055,-0.7626322438179435,80.02057596665301,72.02323585452312,-7.997340112129891,80.21628852081584,0.0,100.0,0.1645368678297189,0.14546939071037235,-0.01906747711934656,0.0,91.66666666666666,12,2.667170660332989,1.2142851860724109
Dueling DQN,101,130,5.473139970559865,12,1,0.8449419309202536,0.8154185226190396,0.029523408301214027,3.494134593256501,84.67201852479602,100.0,15.327981475203984,84.32219254215545,0.0,100.0,0.15539159568759173,0.18785377876351694,0.032462183075925216,0.0,91.66666666666666,12,2.5494829689516694,1.1685438764091753
Dueling DQN,101,131,5.130566104479623,12,1,0.816760507020569,0.8019217350313426,0.014838771989226451,1.8167837281158794,66.11347990912965,100.0,33.88652009087035,78.39123026459262,0.0,100.0,0.1843123271323466,0.19729250171136853,0.012980174579021925,0.0,91.66666666666666,12,2.3434463744723213,1.2121155806402177
Dueling DQN,101,132,5.440237495890279,12,1,0.8626998244504469,0.8784563107504635,-0.01575648630001658,-1.8264158463291338,95.63059780473382,83.88131179206765,-11.749286012666175,82.57093430015387,0.0,100.0,0.13278070621801544,0.1205048828028447,-0.012275823415170736,0.0,100.0,12,2.398803636637466,1.1190419280499624
Dueling DQN,101,133,5.009702388110268,12,1,0.8058456270073672,0.7884264845985218,0.017419142408845345,2.161597932042398,52.46327855068754,60.53561630498496,8.072337754297422,75.82158451493508,0.0,100.0,0.2147982177914956,0.16851919513937894,-0.04627902265211667,0.0,83.33333333333334,12,2.4235109999517395,1.2314789160005082
Dueling DQN,101,134,5.50255602603025,12,1,0.8206825998150847,0.8697497525610846,-0.04906715274599982,-5.978822111868288,79.90869530808676,93.59851289843857,13.689817590351808,82.81747128390896,0.0,100.0,0.14668897299609907,0.13169139351252354,-0.014997579483575524,0.0,100.0,12,2.2908897886977946,1.1651923609545767
Dueling DQN,101,135,5.257872904092038,12,1,0.8487646216059147,0.8328577750550243,0.015906846550890363,1.874117528696429,100.0,89.43018184729245,-10.569818152707555,81.39042709468504,0.0,100.0,0.12980834679600728,0.1611448249219375,0.03133647812593021,0.0,91.66666666666666,12,2.483198148973851,1.180679796207983
Dueling DQN,101,136,4.971104313385848,12,1,0.9062527935742066,0.7308267442516477,0.1754260493225589,19.357297496506366,66.3520280549597,81.58599048368063,15.233962428720929,76.47800886280653,0.0,100.0,0.09165215097640891,0.23073159204720323,0.1390794410707943,0.0,91.66666666666666,12,2.590570687202068,1.124280750582346
Dueling DQN,101,137,5.2278453630029285,12,1,0.7978113649777675,0.8658183877419644,-0.0680070227641969,-8.524198294178479,93.91401349680713,67.32164458237257,-26.59236891443456,83.0706894328202,0.0,100.0,0.15697221808778633,0.1610699693467573,0.004097751258970966,0.0,100.0,12,2.5366630216050203,1.215398794482824
Dueling DQN,101,138,5.589614609012369,12,1,0.8912506773738951,0.8454647851920548,0.04578589218184026,5.137263100517374,94.27683482531675,100.0,5.7231651746832455,86.67791692778542,0.0,100.0,0.09642499752067314,0.14187974546753954,0.045454747946866395,0.0,100.0,12,2.51184559631043,1.084779298369069
Dueling DQN,101,139,4.512677845905612,12,1,0.7711262169231426,0.8664201077159911,-0.09529389079284845,-12.35775528072161,95.0356604832956,7.033320699271428,-88.00233978402417,72.70848005683042,0.0,100.0,0.18154037869902195,0.17755892179593605,-0.003981456903085906,0.0,91.66666666666666,12,2.4136818577030263,1.2746386915537595
Dueling DQN,101,140,5.359811933482917,12,1,0.8878547950980128,0.7989135046377188,0.08894129046029398,10.017549147828333,72.59098681183855,79.79704329534974,7.20605648351119,79.87953244450908,0.0,100.0,0.11454885835632325,0.18591764736082952,0.07136878900450627,0.0,91.66666666666666,12,2.499951750289976,1.200574351348734
Dueling DQN,101,141,4.73490593284163,12,1,0.8339169587626664,0.817622412529753,0.016294546232913376,1.9539770790955722,94.99947508932716,73.14804966645995,-21.85142542286721,74.43264113691913,0.0,100.0,0.1141619367551219,0.18459419847750433,0.07043226172238243,0.0,83.33333333333334,12,2.597319390076467,1.0941798740651068
Dueling DQN,101,142,5.1978218745873095,12,1,0.8708376059663797,0.8580923749486031,0.012745231017776582,1.4635600174424064,100.0,89.31523200638324,-10.68476799361676,81.46549213516894,0.0,100.0,0.16551913470773927,0.1632233279028311,-0.0022958068049081792,0.0,100.0,12,2.505908035004155,1.3089909321700586
Dueling DQN,101,143,5.189193658629701,12,1,0.8382450538397798,0.8317577832864821,0.006487270553297675,0.7739109850492045,77.3005559056883,79.85698520022653,2.5564292945382334,84.57148338751512,0.0,100.0,0.17517566231984016,0.1873617439492343,0.012186081629394135,0.0,100.0,12,2.693092324421816,1.382356748655241
Dueling DQN,101,144,5.368906357446575,12,1,0.882923463166329,0.8912318933193315,-0.008308430153002533,-0.9410136325075048,92.72110705403857,96.98461289579826,4.263505841759695,86.39607393081741,0.0,100.0,0.1470175160817161,0.1322278655875776,-0.014789650494138495,0.0,91.66666666666666,12,2.418326451171097,1.146817530132031
Dueling DQN,101,145,4.961192121442438,12,1,0.8106646764718768,0.8215342146369446,-0.01086953816506786,-1.3408180324784313,55.93537849502618,63.01150934991242,7.0761308548862445,82.03200018264599,0.0,100.0,0.20020336712315484,0.1410842547882623,-0.05911911233489253,0.0,91.66666666666666,12,2.3216437177143017,1.2171796029658293
Dueling DQN,101,146,4.726444508166858,12,1,0.9132371495828169,0.920491236337971,-0.007254086755154154,-0.7943267264661704,100.0,16.740357820104634,-83.25964217989537,67.5026407571466,0.0,100.0,0.1136354723913978,0.11175916891376864,-0.0018763034776291682,0.0,75.0,12,2.5233736589432936,1.145141732835433
Dueling DQN,101,147,5.1999202582162,12,1,0.8270177148174425,0.7961789850158081,0.03083872980163438,3.7289080087530873,80.46128293856458,59.19508469749088,-21.266198241073702,81.65209111720408,0.0,100.0,0.17772457778617043,0.1999791370560739,0.022254559269903468,0.0,91.66666666666666,12,2.58298335630872,1.2493531083568548
Dueling DQN,101,148,5.091637960260451,12,1,0.8703360450483213,0.8810964277316117,-0.010760382683290382,-1.2363480456210407,87.32910269423209,82.39407360181066,-4.935029092421431,75.95572472073998,0.0,100.0,0.15003391136796396,0.16524037168239925,0.015206460314435288,0.0,83.33333333333334,12,2.471202606114344,1.1669716992101262
Dueling DQN,101,149,4.877401509783815,12,1,0.8648958735506991,0.8549098892992946,0.009985984251404512,1.1545880327083264,100.0,55.37539606909758,-44.62460393090242,76.43757197542229,0.0,100.0,0.12723222711519563,0.13543125914614432,0.008199032030948683,0.0,83.33333333333334,12,2.568924533229525,1.269521357420925
Dueling DQN,101,150,5.101817394421714,12,1,0.8255415314174679,0.8462907952434803,-0.020749263826012387,-2.513412473674774,100.0,78.63688889403254,-21.363111105967462,81.98300790533928,0.0,100.0,0.15528261492368886,0.15781115150937577,0.0025285365856869135,0.0,83.33333333333334,12,2.390044009673813,1.2293395581341335
Dueling DQN,101,151,5.379664672058897,12,1,0.9194273863532592,0.8489824011561697,0.07044498519708942,7.661832379879023,91.3155562023517,93.34322424628552,2.027668043933815,80.8445197494955,0.0,100.0,0.11379081455422783,0.1276609766951248,0.013870162140896966,0.0,100.0,12,2.5151416919634557,1.199778044895637
Dueling DQN,101,152,5.036578832249675,12,1,0.8472179186287017,0.8230137655710402,0.024204153057661437,2.856898151639431,91.91317035344426,71.42394230084729,-20.48922805259697,82.9304367390522,0.0,100.0,0.16292868084928822,0.18249447524019852,0.0195657943909103,0.0,100.0,12,2.645212820027572,1.221320272982166
Dueling DQN,101,153,5.123354979792877,12,1,0.8916545279860821,0.8199710772685946,0.0716834507174875,8.039374944844829,76.70057429890278,100.0,23.29942570109722,82.83908755740323,0.0,100.0,0.1491625862767576,0.16330150559043666,0.014138919313679055,0.0,91.66666666666666,12,2.841198708981631,1.1621366676863578
Dueling DQN,101,154,5.355704168454428,12,1,0.8331707710190692,0.8131801146539773,0.019990656365091897,2.399346815856357,100.0,75.96558516889414,-24.034414831105863,84.39764193068955,0.0,100.0,0.17046166137648402,0.1861178448138166,0.015656183437332577,0.0,100.0,12,2.4860734266897393,1.1297623428947925
Dueling DQN,101,155,4.8791067563000965,12,1,0.7831183599559178,0.8924537056025901,-0.10933534564667224,-13.961535220911792,83.90091011809005,97.33779035557791,13.436880237487856,75.23753207647822,0.0,100.0,0.18960168813618447,0.14055010018712796,-0.04905158794905651,0.0,75.0,12,2.4958357033973733,1.2501015294380775
Dueling DQN,101,156,5.123985670405876,12,1,0.8110487335746344,0.8865365989831903,-0.0754878654085559,-9.30743891009471,83.93089401062713,91.08812069167614,7.157226681049011,81.6593285243339,0.0,100.0,0.1784550478715939,0.09842564293698364,-0.08002940493461028,0.0,91.66666666666666,12,2.5066740821603624,1.212422563759928
Dueling DQN,101,157,5.1510842686142215,12,1,0.8397783559232087,0.815405108138594,0.024373247784614693,2.90234293521652,100.0,98.19790655952855,-1.8020934404714524,81.52662344471773,0.0,100.0,0.1675299910117375,0.18021478362791843,0.01268479261618094,0.0,91.66666666666666,12,2.3911636275537815,1.2888607528460485
Dueling DQN,101,158,5.165291015833119,12,1,0.8778755815228989,0.8838538641594864,-0.005978282636587506,-0.6809942960500909,33.97859142128537,76.31989570085366,42.34130427956829,81.10764338499769,0.0,100.0,0.15439633799200225,0.16168939087558748,0.007293052883585227,0.0,91.66666666666666,12,2.4928318078717235,1.2376825411172248
Dueling DQN,101,159,5.134700079195505,12,1,0.8793676974859237,0.862917896876953,0.01644980060897072,1.8706396261768576,95.98069463664731,69.86843136511098,-26.112263271536335,75.53499683439811,0.0,100.0,0.10147833519269381,0.125472482021204,0.0239941468285102,0.0,83.33333333333334,12,2.4953531419378776,1.0656405896176349
Dueling DQN,101,160,5.282022030663085,12,1,0.8438506884945189,0.8855928645886347,-0.04174217609411579,-4.946630566668894,99.74949096977413,75.9423870936162,-23.807103876157925,81.9116086647878,0.0,100.0,0.1467359054462848,0.12562429211690676,-0.021111613329378026,0.0,100.0,12,2.281808093334544,1.1885000157617327
Dueling DQN,101,161,4.8229056168209565,12,1,0.8731746478963057,0.8582515324144968,0.014923115481808913,1.7090642195994123,100.0,76.86837085715028,-23.131629142849718,71.09555458767694,0.0,100.0,0.13025257471427173,0.1278233115047603,-0.002429263209511423,0.0,66.66666666666666,12,2.4607867619888553,1.186047476401288
Dueling DQN,101,162,5.031178891953657,12,1,0.9014874058635988,0.9084312262690564,-0.006943820405457601,-0.7702626082508188,74.46782957948898,98.71615660345738,24.2483270239684,78.78774053212207,0.0,100.0,0.12870842527901283,0.11265093262640612,-0.01605749265260671,0.0,91.66666666666666,12,2.4056652102227924,1.1384818047227605
Dueling DQN,101,163,5.607849591462023,12,1,0.806387206280313,0.8982863664660805,-0.09189916018576749,-11.396406028026924,100.0,77.82565555594763,-22.174344444052366,87.58623888095535,0.0,100.0,0.1677885319870177,0.0950388319478268,-0.07274970003919091,0.0,100.0,12,2.4072253397217156,1.2310882791277455
Dueling DQN,101,164,5.2615554360695915,12,1,0.8615384345754558,0.8209476313134461,0.0405908032620097,4.711432668933896,65.36899319260243,80.22378538638056,14.854792193778124,77.50232445422306,0.0,100.0,0.13506044714702606,0.18193762502730004,0.046877177880273985,0.0,91.66666666666666,12,2.3229707854136703,1.1800294799830549
Dueling DQN,101,165,5.173104069002524,12,1,0.8890113198868338,0.8570982750898608,0.03191304479697299,3.5897231096039746,95.83889603136494,63.0782141371843,-32.76068189418064,86.0855478314998,0.0,100.0,0.14164102020987185,0.13831404169446604,-0.0033269785154058096,0.0,100.0,12,2.6252207587681684,1.2302209646535263
Dueling DQN,101,166,5.204301101979087,12,1,0.830110523407714,0.7776370549616936,0.05247346844602041,6.321262888056141,73.45237187513486,62.23816593389907,-11.21420594123579,85.11826720346508,0.0,100.0,0.18073310366220582,0.16775471667645556,-0.012978386985750268,0.0,100.0,12,2.533395080979236,1.1542982236396069
Dueling DQN,101,167,5.2966801070672185,12,1,0.8475506261381162,0.8942611111812724,-0.046710485043156225,-5.51123243882122,90.13633299058702,100.0,9.863667009412978,80.01710582625118,0.0,100.0,0.13594289381024108,0.1093229269241676,-0.026619966886073473,0.0,83.33333333333334,12,2.432240243103051,1.169661918113173
Dueling DQN,101,168,5.273040719703508,12,1,0.8395819853850378,0.829377663907018,0.010204321478019862,1.2154050057827401,86.87208554931702,64.35586693449854,-22.516218614818484,82.6140789967382,0.0,100.0,0.15905012259516807,0.16715784096671366,0.008107718371545586,0.0,100.0,12,2.672513559906879,1.2501035409413261
Dueling DQN,101,169,5.160004695020965,12,1,0.8667371917454462,0.8758708753248214,-0.009133683579375274,-1.0538008137139872,63.942473195523164,94.18583212360524,30.243358928082074,76.30385564109432,0.0,100.0,0.12169357471599535,0.10135515780554273,-0.020338416910452614,0.0,83.33333333333334,12,2.3108683956118816,1.1684252176649095
Dueling DQN,101,170,4.7848620585667865,12,1,0.9067333182946757,0.8421124793106483,0.06462083898402748,7.126774508028679,78.80544034851586,8.361108217193221,-70.44433213132264,68.44779478894345,0.0,100.0,0.08416748242013358,0.13729288699140707,0.05312540457127349,0.0,75.0,12,2.422342483918659,1.0987844695600528
Dueling DQN,101,171,4.971398387627078,12,1,0.8094216967939081,0.9128464903722376,-0.10342479357832957,-12.777615671533352,56.075588804997146,67.6890505861786,11.61346178118145,77.77841302038706,0.0,100.0,0.1771872827171902,0.09760486710921942,-0.07958241560797077,0.0,83.33333333333334,12,2.449077678225094,1.2144381868197474
Dueling DQN,101,172,5.2989847584393575,12,1,0.8611093023564662,0.7662697412707622,0.09483956108570402,11.01364958271512,92.95778709302435,97.31609089282387,4.358303799799515,83.64120533384624,0.0,100.0,0.11540761276307229,0.18996421093825422,0.07455659817518193,0.0,100.0,12,2.6963713284683313,1.1065296885091351
Dueling DQN,101,173,4.817173400185501,12,1,0.839472217240681,0.8193953498858921,0.020076867354788863,2.3916059331636847,87.85040469911708,59.4659291951402,-28.38447550397688,76.42626886606313,0.0,100.0,0.1449128574164624,0.14554546204223426,0.0006326046257718598,0.0,83.33333333333334,12,2.5135988645732534,1.2244809383975066
Dueling DQN,101,174,5.4188446012198535,12,1,0.8221766217146953,0.9133857166806483,-0.09120909496595297,-11.09361328904382,100.0,77.96088875249609,-22.03911124750391,88.60907866586452,0.0,100.0,0.14756413097610152,0.07595275846905675,-0.07161137250704477,0.0,100.0,12,2.563719772255219,1.1637316564688158
Dueling DQN,101,175,4.5511055674275,12,1,0.8211666710844149,0.9041560073898841,-0.08298933630546923,-10.106271872417242,63.11406462281991,80.61557456882979,17.501509946009875,67.70731122900926,0.0,100.0,0.1806623050414006,0.09494907240772753,-0.08571323263367307,0.0,75.0,12,2.4523852631490937,1.1970614657773444
Dueling DQN,101,176,5.186590842091424,12,1,0.8482163912777942,0.8670728267677861,-0.01885643548999183,-2.2230689814406417,89.67526160797452,72.61539025069574,-17.05987135727878,81.15973739390188,0.0,100.0,0.16017757487554055,0.10121534914122643,-0.058962225734314117,0.0,91.66666666666666,12,2.5830943123979826,1.119437724850857
Dueling DQN,101,177,5.224325231378605,12,1,0.8040620411861962,0.7932279511026155,0.010834090083580716,1.3474196677158985,62.477168460709656,96.00606369437945,33.52889523366979,78.36997108901075,0.0,100.0,0.1312779362754062,0.13649771315379763,0.0052197768783914245,0.0,83.33333333333334,12,2.362130168183883,1.1894136120797465
Dueling DQN,101,178,4.782432628119183,12,1,0.8292426951364924,0.8126232547186071,0.016619440417885323,2.0041708555719966,100.0,86.76309555076695,-13.236904449233052,68.1848005510213,0.0,100.0,0.17088131632718884,0.21149215680987324,0.0406108404826844,0.0,83.33333333333334,12,2.4270831606929906,1.3051541144452607
Dueling DQN,101,179,5.304471219397375,12,1,0.8180178415101789,0.8584059899953858,-0.04038814848520689,-4.937318776647285,100.0,58.16170675394072,-41.83829324605928,82.83343427662935,0.0,100.0,0.16737044783002997,0.14954268974782411,-0.017827758082205852,0.0,83.33333333333334,12,2.268877518522721,1.250610692981255
Dueling DQN,101,180,5.218691266677087,12,1,0.8454500019331913,0.8865927966514796,-0.0411427947182883,-4.8663782156498785,98.07040264063995,95.44539410508796,-2.6250085355519985,83.51539821331285,0.0,100.0,0.1798094280260783,0.1400785495945826,-0.0397308784314957,0.0,100.0,12,2.399895513387156,1.2297429339652926
Dueling DQN,101,181,5.117739737255269,12,1,0.837842090913185,0.8480988117454504,-0.010256720832265476,-1.2241830463645507,77.94153147313251,88.44669132649028,10.505159853357767,79.35859587442758,0.0,100.0,0.1626350428472897,0.14410573586078237,-0.018529306986507316,0.0,91.66666666666666,12,2.4470383128074173,1.2487296740486593
Dueling DQN,101,182,4.815046284497442,12,1,0.850291119414808,0.8103684095806185,0.03992270983418944,4.6951813235054445,85.85368531756198,44.76507923675832,-41.088606080803665,74.76764139743445,0.0,100.0,0.14628642595583943,0.17629361286308168,0.030007186907242245,0.0,83.33333333333334,12,2.400705359728884,1.1824137481268446
Dueling DQN,101,183,4.712868498577455,12,1,0.8602392244197958,0.854220453826297,0.006018770593498868,0.6996624221080291,22.80804932586839,58.77672802513868,35.96867869927029,70.35588374022778,0.0,100.0,0.15574308094300135,0.1539674347335881,-0.0017756462094132563,0.0,75.0,12,2.551816745867996,1.1992608279484003
Dueling DQN,101,184,5.019034780058366,12,1,0.8617333989350942,0.8674772249358952,-0.005743826000801033,-0.6665432728845246,23.308359423258846,100.0,76.69164057674115,78.46167759939495,0.0,100.0,0.15376438699342512,0.14499820175978032,-0.008766185233644808,0.0,83.33333333333334,12,2.2919653151590813,1.2006811309431484
Dueling DQN,101,185,5.263272468803417,12,1,0.8177990384824323,0.7925523850065376,0.02524665347589472,3.0871463877903618,91.25983090914703,87.49171674422915,-3.7681141649178755,85.11701099017381,0.0,100.0,0.18530585937330546,0.21937782867985145,0.03407196930654599,0.0,100.0,12,2.300023198292148,1.2669315730374533
Dueling DQN,101,186,4.773546022454516,12,1,0.819477917419485,0.79478730020594,0.02469061721354493,3.0129691952279876,54.6994543027716,73.3071107517896,18.607656449017995,76.88683932753487,0.0,100.0,0.14416751125874297,0.1590316346057777,0.014864123347034741,0.0,75.0,12,2.5860087299639294,1.1477098160581949
Dueling DQN,101,187,5.543519618673464,12,1,0.8221667446007557,0.8588638883302664,-0.03669714372951072,-4.463467291824222,100.0,81.5929800159922,-18.407019984007803,85.58446434094203,0.0,100.0,0.1894420559851969,0.16506470435507056,-0.02437735163012633,0.0,100.0,12,2.5324077443097437,1.3126105730237736
Dueling DQN,101,188,5.55582736465767,12,1,0.8696760423556038,0.8891001670093889,-0.01942412465378507,-2.233489679809151,74.71912308458113,72.50676467407709,-2.212358410504038,87.90148860485094,0.0,100.0,0.13011264626868302,0.12675433931830132,-0.0033583069503816954,0.0,100.0,12,2.5530350037516585,1.1465146589111797
Dueling DQN,101,189,4.925924431978663,12,1,0.8716516766374343,0.8536412197667114,0.01801045687072289,2.0662447343876775,82.48406405649237,67.32885882814038,-15.155205228351988,71.69517754243653,0.0,100.0,0.12505127218619416,0.13472719630519114,0.009675924118996981,0.0,83.33333333333334,12,2.4338331455574322,1.2097631984230408
Dueling DQN,101,190,5.053903263617747,12,1,0.8507890684710363,0.8985575961486296,-0.04776852767759332,-5.614614649837796,77.17430929745878,79.74462391677109,2.570314619312313,73.48260053788617,0.0,100.0,0.12427624981658661,0.12536236290065697,0.0010861130840703614,0.0,75.0,12,2.4782287606356292,1.2107231244240941
Dueling DQN,101,191,4.814458713458554,12,1,0.8273779307576896,0.783603996802286,0.04377393395540363,5.290681842977935,83.66159126961095,100.0,16.338408730389048,80.48343010545987,0.0,100.0,0.14742755657455778,0.1720705972940849,0.02464304071952711,0.0,91.66666666666666,12,2.684977467531038,1.0704606946748454
Dueling DQN,101,192,5.185302416735552,12,1,0.8585120118699414,0.8633199458406196,-0.0048079339706781354,-0.5600310658677777,92.03602305340148,66.42598267903146,-25.610040374370016,78.29971309546204,0.0,100.0,0.16202395854981272,0.14435912874704684,-0.017664829802765875,0.0,91.66666666666666,12,2.4111983726554946,1.1704013340644956
Dueling DQN,101,193,4.934889956748039,12,1,0.8688060987314664,0.8729324661428584,-0.00412636741139194,-0.47494687450016765,100.0,27.172551132740807,-72.82744886725919,73.2816566087181,0.0,100.0,0.13777667791675072,0.16157641398924594,0.02379973607249522,0.0,75.0,12,2.499144150260985,1.2310801785502399
Dueling DQN,101,194,4.976521854834369,12,1,0.8683725167140472,0.8768196832596636,-0.008447166545616391,-0.9727583937802147,74.483205469734,99.92336329869065,25.440157828956643,76.21002558830527,0.0,100.0,0.12025555111411237,0.12639677936727564,0.006141228253163267,0.0,83.33333333333334,12,2.6221769586296193,1.1095564421160224
Dueling DQN,101,195,4.9310135737323435,12,1,0.8542742156864802,0.8920305177666508,-0.037756302080170556,-4.419693511389693,51.083625337460425,56.920583417076855,5.83695807961643,78.68853106791853,0.0,100.0,0.14542343219170017,0.12742815988428557,-0.0179952723074146,0.0,83.33333333333334,12,2.442017849234482,1.1878006605849152
Dueling DQN,101,196,5.226014111883847,12,1,0.8878252787312182,0.8400862423968707,0.04773903633434751,5.377075588855824,84.3512606612745,83.35382914520399,-0.9974315160705061,78.3168311865207,0.0,100.0,0.1019375559328711,0.15369084091773513,0.051753284984864034,0.0,91.66666666666666,12,2.504277336413402,1.128784159082494
Dueling DQN,101,197,5.12346854250671,12,1,0.8729737523193826,0.8933744156707432,-0.020400663351360593,-2.336916006599118,78.63386461636603,94.33155735342625,15.697692737060223,77.4025485896873,0.0,100.0,0.1309029793378508,0.11968047408646029,-0.011222505251390513,0.0,83.33333333333334,12,2.426461655900878,1.1409511377381032
Dueling DQN,101,198,5.1969828770721485,12,1,0.817518738846599,0.8437832283391795,-0.026264489492580534,-3.212707947176347,61.63807877648788,70.45539047402765,8.817311697539772,81.87997453547813,0.0,100.0,0.1682030273857701,0.15076088508729266,-0.01744214229847743,0.0,100.0,12,2.4315101115297426,1.2407261738521052
Dueling DQN,101,199,5.372799303621614,12,1,0.8834341133856952,0.8542486718789952,0.029185441506699994,3.303635332220642,76.36049532322761,81.45088771198088,5.090392388753273,83.92091855599017,0.0,100.0,0.1257875189726436,0.11670974753548219,-0.009077771437161403,0.0,100.0,12,2.3774530595788623,1.2099691416856775
Dueling DQN,101,200,5.178338399528986,12,1,0.8315337518394632,0.8533161568069408,-0.02178240496747763,-2.6195454988197477,81.0003769783543,86.37079740983387,5.370420431479573,82.18201231543861,0.0,100.0,0.16574170018802759,0.1363509969639286,-0.02939070322409898,0.0,100.0,12,2.544502420790863,1.2077965970165951
Dueling DQN,202,1,5.5356540659220945,12,1,0.8606449861484486,0.7848546318358658,0.07579035431258285,8.806227368122972,93.40052604647887,80.94720750895944,-12.453318537519436,84.26552836986953,0.0,100.0,0.15358623823255876,0.19555410512548804,0.04196786689292928,0.0,100.0,12,2.723492079646995,1.343126888121188
Dueling DQN,202,2,5.243034990171223,12,1,0.8966659158075171,0.8342387345415967,0.062427181265920395,6.962145004664294,73.07281356153203,87.12338000910161,14.05056644756958,79.44303992414201,0.0,100.0,0.11579655101280235,0.1668573227195107,0.05106077170670835,0.0,91.66666666666666,12,2.569750587048646,1.211873436369051
Dueling DQN,202,3,4.981638028960587,12,1,0.7991289263119956,0.8499004524404136,-0.050771526128417954,-6.353358570403664,77.05165068055119,100.0,22.94834931944881,77.43383040925046,0.0,100.0,0.15378715955593136,0.16807041178994953,0.014283252234018162,0.0,91.66666666666666,12,2.7115236091364934,1.2519995341752932
Dueling DQN,202,4,5.499907434779093,12,1,0.8774286029941001,0.8455146653061154,0.03191393768798467,3.6372119143464103,87.98731072877041,84.78246414941324,-3.2048465793571665,83.774154163588,0.0,100.0,0.10144816594391869,0.13179533452696948,0.030347168583050796,0.0,100.0,12,2.6048141676087373,1.2849708712170327
Dueling DQN,202,5,5.766702043561854,12,1,0.8531557739776167,0.8296299015763611,0.023525872401255588,2.7575119478559387,84.67199649658349,87.64159944594073,2.9696029493572382,92.47472736073814,0.0,100.0,0.17523770600262167,0.170167631925893,-0.005070074076728687,0.0,100.0,12,2.8179152698084025,1.2643623849855343
Dueling DQN,202,6,5.364947576392245,12,1,0.8502089764198072,0.9021546099288308,-0.05194563350902359,-6.109748891121378,72.82702564026448,78.73424556123081,5.907219920966327,82.62960230251048,0.0,100.0,0.1558811146223739,0.08746631854140816,-0.06841479608096573,0.0,100.0,12,2.6139819249656076,1.2554672811477792
Dueling DQN,202,7,5.304669187592501,12,1,0.8418216451027207,0.8669822069743498,-0.025160561871629072,-2.9888233473206705,81.64717944712156,71.36722557992637,-10.27995386719519,83.54772671805839,0.0,100.0,0.14188154387507007,0.12854501735675303,-0.013336526518317043,0.0,100.0,12,2.640105214315805,1.309536624171257
Dueling DQN,202,8,4.930192652893983,12,1,0.8674151848313485,0.8901666217287995,-0.02275143689745096,-2.622900462812917,70.19499466285231,90.72943742960479,20.534442766752477,71.3069469289558,0.0,100.0,0.1257607294019167,0.12761132494983304,0.0018505955479163338,0.0,91.66666666666666,12,2.5392886955181004,1.2539850298343311
Dueling DQN,202,9,5.659640424456007,12,1,0.8086937703449865,0.8817060925679066,-0.07301232222292009,-9.028426445250497,80.3262990483612,83.5878774317887,3.261578383427505,89.49069676337825,0.0,100.0,0.18666009202683964,0.12900052651453317,-0.05765956551230647,0.0,100.0,12,2.722872998919785,1.266435549583981
Dueling DQN,202,10,5.445073823998235,12,1,0.8794963445356794,0.8639385529727666,0.015557791562912815,1.7689432889145644,98.27906683150638,72.02341544313552,-26.255651388370865,80.66333675327618,0.0,100.0,0.10140362064728314,0.12326771874870425,0.021864098101421106,0.0,100.0,12,2.6802800385538856,1.3240970084562065
Dueling DQN,202,11,3.909613070079112,12,0,0.896170493274291,0.7589093878510964,0.13726110542319458,15.316405355156352,74.96910916221525,69.83314116924987,-5.1359679929653765,54.007798277969194,0.0,100.0,0.10612515423298052,0.18413926218839358,0.07801410795541305,0.0,58.333333333333336,12,2.6545995544289274,1.1572246500295649
Dueling DQN,202,12,5.191305806750901,12,1,0.8288803355076452,0.8159738071970855,0.012906528310559717,1.5571039337849841,89.91444768523836,94.3228377682639,4.408390083025537,82.41385036282328,0.0,100.0,0.15602622274996006,0.1377713757782647,-0.018254846971695354,0.0,91.66666666666666,12,2.781101560978042,1.2948480148537886
Dueling DQN,202,13,5.388995353715766,12,1,0.8774427321452652,0.8328168522056447,0.04462587993962053,5.08590228225088,70.96379641759238,74.52719108916999,3.563394671577612,80.27620534112687,0.0,100.0,0.13353991896449602,0.18015718107037995,0.04661726210588393,0.0,91.66666666666666,12,2.5958585733407857,1.1817623719844044
Dueling DQN,202,14,5.306024073502852,12,1,0.888080911128337,0.8598217803996082,0.028259130728728765,3.182044605915983,96.4131063321816,87.0898207567947,-9.323285575386905,79.24541027773977,0.0,100.0,0.14990598626862411,0.129350559806755,-0.020555426461869114,0.0,91.66666666666666,12,2.6708412229195253,1.3402486978717014
Dueling DQN,202,15,5.185478298446925,12,1,0.8703131940644505,0.8381338132836447,0.032179380780805844,3.6974483439145494,91.38218310752151,65.84503842725684,-25.537144680264674,85.89249588407019,0.0,100.0,0.1595892937719868,0.1461135336258084,-0.013475760146178406,0.0,100.0,12,2.6475405218528496,1.2871254703791806
Dueling DQN,202,16,4.762132862732549,12,1,0.8472564740629764,0.7806249938293714,0.06663148023360499,7.864381361888806,79.27780250995447,41.95444826184848,-37.323354248105986,68.88677972222642,0.0,100.0,0.10970367745156374,0.19090333645875,0.08119965900718625,0.0,66.66666666666666,12,2.4799284156017536,1.2648775052907555
Dueling DQN,202,17,5.5569637160462735,12,1,0.9122048037023273,0.8277833001413903,0.08442150356093692,9.254665533255132,89.88657738181129,78.44128763536872,-11.445289746442569,84.92190859026181,0.0,100.0,0.1211657956460231,0.15904427348172231,0.03787847783569921,0.0,91.66666666666666,12,2.6625331844333897,1.2378455630547012
Dueling DQN,202,18,5.640826961400956,12,1,0.894849259905528,0.9126398937439403,-0.017790633838412284,-1.9881151648145183,91.41146867516579,90.27534603446847,-1.136122640697323,90.25439577288385,0.0,100.0,0.1164502357504912,0.08647324778893084,-0.029976987961560356,0.0,100.0,12,2.790365429913654,1.2465785211643472
Dueling DQN,202,19,5.6755327767155235,12,1,0.8257443104858515,0.8083798250333312,0.01736448545252034,2.102888900597259,75.86028126248564,84.31760388698876,8.45732262450312,87.83929958756191,0.0,100.0,0.1487914219726472,0.17584455392660178,0.02705313195395459,0.0,100.0,12,2.6387164500234106,1.248142903563131
Dueling DQN,202,20,5.590299146975922,12,1,0.8845019431373556,0.8958533326277511,-0.011351389490395491,-1.2833651275125257,89.27373022256683,100.0,10.726269777433174,85.50830263004998,0.0,100.0,0.1425493036079132,0.12937507007641427,-0.013174233531498936,0.0,91.66666666666666,12,2.7134857084841713,1.3395866862568704
Dueling DQN,202,21,5.312902286148141,12,1,0.8730942530100055,0.8328587217951846,0.04023553121482093,4.608383467891162,90.73905022844055,79.27383018794615,-11.465220040494401,82.33908702852628,0.0,100.0,0.11082811811165526,0.17237125393083086,0.0615431358191756,0.0,91.66666666666666,12,2.6978084031278056,1.2693639425501595
Dueling DQN,202,22,5.33808047165765,12,1,0.8494649796077267,0.838290966500392,0.01117401310733468,1.3154177482978417,81.63335858401898,80.22656189735642,-1.4067966866625596,83.81992153577742,0.0,100.0,0.17501490863059244,0.1331683774225665,-0.04184653120802595,0.0,91.66666666666666,12,2.6949851419655317,1.3097431388063565
Dueling DQN,202,23,5.252019734619203,12,1,0.862473200091366,0.915179142797484,-0.05270594270611806,-6.111023820860133,100.0,91.39066903705888,-8.609330962941115,77.93645448126402,0.0,100.0,0.13067497861754593,0.09820327167782139,-0.03247170693972454,0.0,91.66666666666666,12,2.6321559764540803,1.413850645802207
Dueling DQN,202,24,4.3651798664828405,12,0,0.9335715019710035,0.7811317186177278,0.15243978335327568,16.32866717026356,72.33352904341805,56.443726218186875,-15.889802825231179,59.953458048816316,0.0,100.0,0.12041937167557418,0.18484778507479416,0.06442841339921998,0.0,58.333333333333336,12,2.5056285307088553,1.2004645314134006
Dueling DQN,202,25,5.276425854285655,12,1,0.9263518853188348,0.9049867133552916,0.02136517196354326,2.3063775550248624,86.75650751215734,83.72319442321123,-3.033313088946116,83.27460557038397,0.0,100.0,0.11648237641054832,0.10422402103596627,-0.012258355374582044,0.0,91.66666666666666,12,2.72056757979693,1.3225747384973152
Dueling DQN,202,26,5.475368138499661,12,1,0.8992197953004704,0.9170415749389351,-0.017821779638464763,-1.9819158487841888,66.41558798220473,81.13966047003134,14.724072487826618,83.55879377355508,0.0,100.0,0.12618135898876823,0.09762355516982307,-0.028557803818945154,0.0,100.0,12,2.807655279775895,1.3042848274769567
Dueling DQN,202,27,5.605547048374919,12,1,0.7938276963813312,0.8872077807850385,-0.09338008440370726,-11.763268632397308,73.94595368910718,92.09870213990912,18.152748450801937,86.26416260797258,0.0,100.0,0.18669835747206806,0.14519300633189303,-0.041505351140175034,0.0,100.0,12,2.6886062631161365,1.3214259791487482
Dueling DQN,202,28,5.646747967307013,12,1,0.8443848520121087,0.8606927515599049,-0.016307899547796212,-1.9313349249380367,64.69913166226556,97.88754601498255,33.18841435271699,88.77147969885431,0.0,100.0,0.1576365351842569,0.11553939681754935,-0.04209713836670756,0.0,100.0,12,2.764814402397733,1.2627560702857277
Dueling DQN,202,29,4.730070765058594,12,1,0.8589786071067433,0.8446998113488944,0.014278795757848961,1.6622993447931782,35.023818370890474,73.46727963383677,38.44346126294629,73.83831427280136,0.0,100.0,0.1688222364645189,0.17648927243548584,0.0076670359709669345,0.0,83.33333333333334,12,2.646926938072832,1.1535650276375173
Dueling DQN,202,30,5.2894088373179455,12,1,0.9350244386872572,0.8544066298958686,0.08061780879138858,8.622000180505792,65.15366467227199,73.24832368196458,8.094659009692592,82.09179304246616,0.0,100.0,0.069109487057698,0.1311180507612067,0.0620085637035087,0.0,91.66666666666666,12,2.6507697596899775,1.1360771705155688
Dueling DQN,202,31,5.606275466775335,12,1,0.8983390274390614,0.8933404107063009,0.004998616732760475,0.5564287624250583,78.47973225419173,99.62887702597982,21.149144771788087,88.60167438999292,0.0,100.0,0.1242870883592931,0.1442671572107509,0.019980068851457797,0.0,100.0,12,2.760777846434458,1.2846562442830294
Dueling DQN,202,32,5.267240482804258,12,1,0.8796095675911781,0.8569688750879967,0.02264069250318146,2.5739479579767734,77.03905240398184,48.62481431271248,-28.41423809126936,83.39866770163677,0.0,100.0,0.15560239007788434,0.14582958129075094,-0.009772808787133408,0.0,83.33333333333334,12,2.6719640593630665,1.3232515098969666
Dueling DQN,202,33,4.951925019357775,12,1,0.8202192980450214,0.8540688174355552,-0.03384951939053382,-4.126886488919923,82.08513811148886,81.41278792483088,-0.6723501866579795,81.03303415437856,0.0,100.0,0.21610146267537386,0.15243805696223256,-0.0636634057131413,0.0,91.66666666666666,12,2.7696680042807906,1.36589030822584
Dueling DQN,202,34,5.609081782508875,12,1,0.8527273969755068,0.7982050467331683,0.054522350242338535,6.39387809465498,85.61405346703424,78.55501612640013,-7.059037340634106,86.0829915871048,0.0,100.0,0.14164359821895556,0.15646873163699299,0.014825133418037428,0.0,91.66666666666666,12,2.6517600830230976,1.2647642678803561
Dueling DQN,202,35,4.829547945578356,12,1,0.872118669972689,0.9038412171425177,-0.031722547169828696,-3.637411772278893,100.0,19.260801912211228,-80.73919808778876,76.99503258141802,0.0,100.0,0.1749537932915953,0.12358945489404698,-0.05136433839754832,0.0,83.33333333333334,12,2.7165169770966084,1.2729401101139928
Dueling DQN,202,36,5.121081822529824,12,1,0.8285036507638441,0.8928947512036324,-0.06439110043978824,-7.771975462078225,83.6893437226052,69.63258184770235,-14.056761874902847,74.96671147795723,0.0,100.0,0.1533246970090104,0.17042963476220138,0.01710493775319097,0.0,91.66666666666666,12,2.750610999242104,1.1961531561273582
Dueling DQN,202,37,5.386039392310346,12,1,0.8564578626098444,0.8888518526919451,-0.032393990082100754,-3.782321524072189,95.43284178133501,14.47841436866141,-80.95442741267361,82.32479695168342,0.0,100.0,0.13333208084670758,0.14994119800157235,0.016609117154864766,0.0,91.66666666666666,12,2.754714918607395,1.3428589063817393
Dueling DQN,202,38,5.363597666898308,12,1,0.8136869865881226,0.8627757316418283,-0.04908874505370575,-6.032878227479115,95.04967698813257,73.09432140214611,-21.955355585986467,84.79344537564977,0.0,100.0,0.18974952100399245,0.17794077868376246,-0.011808742320229992,0.0,100.0,12,2.687469931190798,1.2531451217362162
Dueling DQN,202,39,5.553572260989063,12,1,0.9001769413127183,0.8753749811263705,0.024801960186347838,2.7552316714733225,84.91186022769732,73.74602332906318,-11.16583689863414,83.21900435036842,0.0,100.0,0.10426159726155032,0.12928462343228178,0.02502302617073146,0.0,100.0,12,2.700892684502657,1.3150398639254863
Dueling DQN,202,40,5.7146338307722075,12,1,0.8921246587327787,0.8234149608063339,0.06870969792644477,7.701804591304951,76.52033111522024,96.6474558266762,20.12712471145595,85.84371559763521,0.0,100.0,0.08529360664994429,0.17315490083683288,0.0878612941868886,0.0,100.0,12,2.7795385535394757,1.193034968093851
Dueling DQN,202,41,5.107770189262068,12,1,0.9132799487791032,0.7852820725063496,0.1279978762727536,14.01518520622998,76.36954719325095,69.40375800906654,-6.965789184184416,76.05077148331696,0.0,100.0,0.12542642820509195,0.19974241683162983,0.07431598862653788,0.0,91.66666666666666,12,2.5500306232136514,1.3151447673126782
Dueling DQN,202,42,5.353006998012201,12,1,0.8658932915091304,0.875751349112315,-0.009858057603184589,-1.1384841180607115,95.12739323934092,76.78884598745073,-18.33854725189019,82.99747399510512,0.0,100.0,0.14388142540892487,0.16702978305231506,0.023148357643390183,0.0,91.66666666666666,12,2.5551161835695644,1.2985641175540572
Dueling DQN,202,43,5.359207819495651,12,1,0.8616506791686135,0.8063353989211073,0.055315280247506204,6.419687419138184,100.0,92.04399450704472,-7.956005492955285,80.23918044215156,0.0,100.0,0.18131449318228798,0.19689924177305534,0.015584748590767361,0.0,91.66666666666666,12,2.749028469799802,1.3771037023767148
Dueling DQN,202,44,5.427465245696014,12,1,0.8306955868944298,0.9045139397411157,-0.07381835284668592,-8.886330204624915,87.76357320284774,85.3701185103649,-2.393454692482834,82.7836347509563,0.0,100.0,0.16844130406132377,0.12165456999452649,-0.04678673406679727,0.0,100.0,12,2.697995307812723,1.3084960288495038
Dueling DQN,202,45,5.152213511406977,12,1,0.8324188915911839,0.8419349393063517,-0.009516047715167786,-1.143180171821628,91.3404575851259,79.00959627374333,-12.330861311382577,83.96705336721257,0.0,100.0,0.16321348930818008,0.15363787723663153,-0.009575612071548556,0.0,91.66666666666666,12,2.64278656372659,1.220195378704093
Dueling DQN,202,46,5.352284190279194,12,1,0.809637195664797,0.8161859620509979,-0.006548766386200944,-0.8088519674326129,68.78209191115778,75.3216384019641,6.539546490806316,87.51309971958757,0.0,100.0,0.18944095000678704,0.1670405052847769,-0.022400444722010138,0.0,100.0,12,2.798266287654522,1.2813672865227541
Dueling DQN,202,47,5.673952461129388,12,1,0.7891258164433946,0.7971767129532553,-0.008050896509860683,-1.0202297709820507,95.29023134420517,82.4193090296161,-12.870922314589066,92.273639925111,0.0,100.0,0.1919956229971976,0.1968802544986007,0.004884631501403086,0.0,100.0,12,2.7914307229437014,1.2941343506119087
Dueling DQN,202,48,5.396936438826383,12,1,0.8967141369040454,0.8167666170803528,0.07994751982369264,8.915608278432614,79.86094112935383,82.6937437673672,2.832802638013362,78.44648123784496,0.0,100.0,0.12509863223086307,0.13253251672054475,0.007433884489681686,0.0,83.33333333333334,12,2.7197136261908046,1.335726773406487
Dueling DQN,202,49,5.19951782850565,12,1,0.7858729924282396,0.8963101307372622,-0.11043713830902258,-14.052797255162947,80.7417491526783,89.2517483138354,8.509999161157111,82.3106858663263,0.0,100.0,0.21744169871099775,0.13845986403181876,-0.07898183467917899,0.0,91.66666666666666,12,2.7711063026395824,1.3968529487375905
Dueling DQN,202,50,5.395769929536494,12,1,0.8149367125534894,0.8185463860691528,-0.0036096735156633253,-0.4429391215365573,94.66907900447976,70.86535940955858,-23.803719594921176,89.23515151146198,0.0,100.0,0.20532377406722982,0.17959836145423372,-0.0257254126129961,0.0,100.0,12,2.8335553471546486,1.310786547754905
Dueling DQN,202,51,5.174079897688388,12,1,0.8912373074101891,0.7409096134956819,0.1503276939145073,16.867302643707603,100.0,74.06565854152217,-25.93434145847783,77.36307144443283,0.0,100.0,0.14345449322511403,0.19593435293119357,0.052479859706079546,0.0,91.66666666666666,12,2.5834652478823625,1.2655934275804608
Dueling DQN,202,52,4.8820670205250725,12,1,0.8155214637709204,0.9188404351509311,-0.10331897138001067,-12.669068316396014,80.80492920679076,13.918763169644535,-66.88616603714622,70.27297498504778,0.0,100.0,0.1625411961689277,0.13847470407814486,-0.02406649209078285,0.0,83.33333333333334,12,2.616950664633014,1.3650793855760681
Dueling DQN,202,53,5.414254894165031,12,1,0.8910361589146119,0.8305372683195464,0.06049889059506541,6.789723401209696,64.10023519483212,79.98382531511601,15.883590120283884,83.63414204990208,0.0,100.0,0.12475065827302255,0.15527644387361073,0.030525785600588176,0.0,100.0,12,2.646570225848818,1.259682571696696
Dueling DQN,202,54,5.161515266326789,12,1,0.8653136600968747,0.8378349333358994,0.02747872676097529,3.17557991143916,82.35954017473084,20.0499198406143,-62.30962033411654,78.66880817980126,0.0,100.0,0.1823488194922082,0.15483231857795643,-0.027516500914251757,0.0,91.66666666666666,12,2.6378444065466415,1.3318807393835133
Dueling DQN,202,55,4.9596412384030115,12,1,0.8281199374044299,0.8205114575246203,0.007608479879809615,0.918765451252969,91.12478879023078,25.952396752132888,-65.1723920380979,71.25599094676299,0.0,100.0,0.15156906957214963,0.17475543208742214,0.023186362515272507,0.0,75.0,12,2.553748491190572,1.2926602260806679
Dueling DQN,202,56,5.541903095019608,12,1,0.8901026565721004,0.8374447647863411,0.0526578917857593,5.915934684270194,100.0,73.38548810769699,-26.614511892303014,85.72296204956541,0.0,100.0,0.09340574458133227,0.16125998925921872,0.06785424467788645,0.0,91.66666666666666,12,2.6126865938459116,1.4042658506998464
Dueling DQN,202,57,4.963987677873126,12,1,0.7628001951826215,0.846942083756641,-0.0841418885740195,-11.030659025182228,100.0,73.84710517938275,-26.15289482061725,82.23611664759896,0.0,100.0,0.2233910282965318,0.13285609852218233,-0.09053492977434946,0.0,91.66666666666666,12,2.7619290209996143,1.3663053839393111
Dueling DQN,202,58,5.217492763796162,12,1,0.821405982687961,0.8949195540006027,-0.0735135713126418,-8.949724358237166,72.16514923334178,77.72223740532094,5.55708817197916,84.13401216163005,0.0,100.0,0.17439186900772588,0.10798191300141538,-0.0664099560063105,0.0,100.0,12,2.701629783517369,1.2144291515032375
Dueling DQN,202,59,5.446231539500889,12,1,0.7566995721084243,0.8379608116379093,-0.08126123952948494,-10.738903856264024,79.69703654319078,77.58509779873171,-2.111938744459067,86.20499591073595,0.0,100.0,0.21113897811779117,0.18380685900779653,-0.02733211910999464,0.0,100.0,12,2.764739587898486,1.388015102136995
Dueling DQN,202,60,5.054385009929644,12,1,0.8111799991686468,0.8781682656171961,-0.06698826644854927,-8.258126003748053,100.0,73.3850018078045,-26.6149981921955,78.4361581388727,0.0,100.0,0.17517199713612644,0.12544392915136887,-0.04972806798475757,0.0,91.66666666666666,12,2.6775714180017913,1.2907907355163912
Dueling DQN,202,61,5.576224876021911,12,1,0.8360971137410825,0.79765697094637,0.03844014279471253,4.5975691295851595,81.92448076021222,100.0,18.07551923978778,85.69162119098708,0.0,100.0,0.16410352139097045,0.1772136689420345,0.013110147551064044,0.0,91.66666666666666,12,2.656421785291195,1.285086194684824
Dueling DQN,202,62,5.656121594787724,12,1,0.8655916506837155,0.9091158288316195,-0.04352417814790399,-5.028257621653931,81.16542602163148,91.03175776836517,9.866331746733692,91.52726471612681,0.0,100.0,0.1257100299524969,0.10157654332440644,-0.02413348662809045,0.0,100.0,12,2.76242119724442,1.267409526417773
Dueling DQN,202,63,5.249058421057594,12,1,0.8556962379493326,0.8314632351988489,0.02423300275048368,2.831963221967392,75.09039610087154,69.33890560935535,-5.7514904915161935,82.14620057637633,0.0,100.0,0.15300162597134345,0.17068128000709445,0.017679654035751002,0.0,100.0,12,2.6540710266278182,1.260077455497863
Dueling DQN,202,64,5.822067499077727,12,1,0.8569861792386799,0.8304652423752069,0.02652093686347301,3.0946749791266637,92.39005070385569,85.71924857341018,-6.670802130445509,91.89244137017253,0.0,100.0,0.1502938437413893,0.19030862850656838,0.040014784765179084,0.0,100.0,12,2.691150088786625,1.2930253073571236
Dueling DQN,202,65,5.507325375447793,12,1,0.8847359932662272,0.8195613193527675,0.06517467391345966,7.366567474309576,84.43752929829515,89.44676674667168,5.009237448376538,87.41805071151855,0.0,100.0,0.1484267554005606,0.13941169818542937,-0.00901505721513124,0.0,100.0,12,2.655116360552835,1.277224808045772
Dueling DQN,202,66,5.297346839178473,12,1,0.7953566714508337,0.9107995340053583,-0.11544286255452463,-14.51460290688728,81.33926807769718,70.86994080788085,-10.469327269816333,87.43733127093891,0.0,100.0,0.20409605703137468,0.08695599177209075,-0.11714006525928393,0.0,100.0,12,2.773492001173507,1.3113120609052689
Dueling DQN,202,67,5.339840564095981,12,1,0.885121180564094,0.888746310783066,-0.003625130218972039,-0.40956315344998506,99.16613892829645,94.86242258246193,-4.303716345834516,82.04256883702139,0.0,100.0,0.14797021822371273,0.12708955273314843,-0.020880665490564304,0.0,91.66666666666666,12,2.6447424793636154,1.3769588075756747
Dueling DQN,202,68,4.6335780545019825,12,1,0.7875629326402152,0.8731911245989028,-0.08562819195868765,-10.872552326914228,60.14617468889003,14.446951047431872,-45.699223641458154,71.05578485044396,0.0,100.0,0.2169797594449267,0.12101369443622143,-0.09596606500870528,0.0,75.0,12,2.7813822811644298,1.3313547947864408
Dueling DQN,202,69,5.148492940313654,12,1,0.8374100752103386,0.7521997564357639,0.08521031877457474,10.175458989214075,82.8724061024976,92.63054870333718,9.758142600839577,87.65086564717619,0.0,100.0,0.19500317405027096,0.2210590737945955,0.02605589974432454,0.0,100.0,12,2.7447912328159894,1.2332541377070936
Dueling DQN,202,70,5.724423792347423,12,1,0.8418226241995292,0.802251013759323,0.039571610440206295,4.700706455571217,78.9384803164648,100.0,21.061519683535195,86.09057475003046,0.0,100.0,0.16596321299322508,0.18670799021492085,0.020744777221695765,0.0,100.0,12,2.716754289013563,1.333208217357884
Dueling DQN,202,71,4.941308701164017,12,1,0.8033762165609462,0.9246962902374829,-0.12132007367653674,-15.10127772961438,72.23854315745992,64.63781345312485,-7.600729704335066,79.78111592446056,0.0,100.0,0.18229142196060513,0.08033230246019939,-0.10195911950040575,0.0,91.66666666666666,12,2.6763727283722996,1.2870915848308107
Dueling DQN,202,72,5.475106587352088,12,1,0.8766796315857588,0.916434168768337,-0.039754537182578265,-4.534671018952421,100.0,100.0,0.0,87.69891803756859,0.0,100.0,0.15175477975624335,0.11612647049304432,-0.03562830926319903,0.0,100.0,12,2.5390696698792494,1.2604333807267916
Dueling DQN,202,73,5.526497490952411,12,1,0.8699453970431144,0.8364267868305314,0.033518610212582955,3.8529556368147295,93.06258338569468,86.4268426945627,-6.635740691131986,84.31857629453619,0.0,100.0,0.13352778825675812,0.18229240031013708,0.04876461205337895,0.0,100.0,12,2.7433036268697006,1.2681829048135747
Dueling DQN,202,74,5.164066451166094,12,1,0.8788072893077018,0.8753261668046257,0.003481122503076084,0.39611898369873655,64.58403951478067,81.8367215134434,17.252681998662723,79.98953759777255,0.0,100.0,0.12774336733345892,0.14351745103848165,0.01577408370502273,0.0,91.66666666666666,12,2.532858250625226,1.2053598915143864
Dueling DQN,202,75,5.324741435369699,12,1,0.8580267790024326,0.8546143377334607,0.0034124412689718886,0.3977080147707387,84.23364243111257,100.0,15.766357568887429,77.41112656986384,0.0,100.0,0.14659980548480944,0.14627783848020717,-0.00032196700460226935,0.0,91.66666666666666,12,2.641364955038314,1.2769243314243721
Dueling DQN,202,76,5.565728769531875,12,1,0.8951054656557975,0.8281151591170357,0.06699030653876181,7.484068538189684,93.21999422163846,84.0589216304115,-9.161072591226954,86.53498862645525,0.0,100.0,0.09429220606034915,0.14687067392855294,0.05257846786820379,0.0,100.0,12,2.5911328974305685,1.2366763562583027
Dueling DQN,202,77,5.432325197711801,12,1,0.8545533285935685,0.8265120567528429,0.02804127184072558,3.2813951923721554,85.77495661064304,95.51664575142068,9.741689140777638,81.30453333529523,0.0,100.0,0.13485948623054894,0.1243829358247072,-0.010476550405841736,0.0,100.0,12,2.7024207817671866,1.309779367959805
Dueling DQN,202,78,5.293131417779915,12,1,0.8887708037236767,0.8087099806537777,0.08006082306989892,9.008039275645494,66.05243911082503,40.391962968193965,-25.66047614263107,80.81617378096136,0.0,100.0,0.14784711671043993,0.16427865567808644,0.016431538967646514,0.0,91.66666666666666,12,2.6477741863532547,1.3249163241886552
Dueling DQN,202,79,5.026618606379887,12,1,0.8262373548850912,0.8422954949923142,-0.01605814010722295,-1.9435262775617586,77.1466161232073,63.404296994944076,-13.742319128263219,78.60056557735996,0.0,100.0,0.20635274500346135,0.17939237622373835,-0.026960368779722993,0.0,100.0,12,2.7448491078214308,1.4715592762339371
Dueling DQN,202,80,5.239804491672476,12,1,0.8820157323782739,0.9144257813886097,-0.03241004901033584,-3.6745431879026844,100.0,68.02362761113618,-31.976372388863822,84.6383730458688,0.0,100.0,0.1562536456494431,0.09858218415116721,-0.0576714614982759,0.0,100.0,12,2.6529129118185746,1.2953282383888527
Dueling DQN,202,81,5.467509950971552,12,1,0.825021198820852,0.8685916584218631,-0.043570459601011136,-5.281132128881476,98.99693633598307,92.97869669031523,-6.018239645667833,81.98291803486639,0.0,100.0,0.12458013622842906,0.15223597908997522,0.027655842861546154,0.0,100.0,12,2.5350303340722946,1.3340910847340062
Dueling DQN,202,82,5.133077794322404,12,1,0.7904398347931575,0.8502271783053228,-0.0597873435121653,-7.563806994596935,86.31991592730338,89.59291780165304,3.27300187434966,83.43879221698478,0.0,100.0,0.1996862257302793,0.13062545208953066,-0.06906077364074864,0.0,91.66666666666666,12,2.706614447795539,1.257897092879797
Dueling DQN,202,83,4.7121436658749065,12,1,0.8166689627853352,0.8738962202003069,-0.0572272574149717,-7.007399573481051,94.2932547635756,75.80653810221577,-18.486716661359836,73.18488957998836,0.0,100.0,0.16107609258509237,0.13483784588921863,-0.02623824669587374,0.0,83.33333333333334,12,2.5727049596676284,1.3346778109190462
Dueling DQN,202,84,5.133072866223744,12,1,0.8694908936231664,0.8175786061904642,0.051912287432702264,5.970423360776545,43.56473547123438,59.76728135892964,16.20254588769526,81.10759375038805,0.0,100.0,0.18123894077333594,0.1651596480635597,-0.016079292709776233,0.0,83.33333333333334,12,2.679413204011657,1.2331463899766035
Dueling DQN,202,85,5.473800848036822,12,1,0.8280277410354557,0.8450609887671885,-0.01703324773173276,-2.057086603213624,72.55709745410573,88.22532005118235,15.668222597076621,83.89399306558691,0.0,100.0,0.1535212014801702,0.15565264688376745,0.0021314454035972485,0.0,100.0,12,2.7586623474852807,1.2733463355753252
Dueling DQN,202,86,4.771762068157919,12,1,0.8119824586369653,0.8271230046427582,-0.015140546005792954,-1.864639542978384,82.65207315601276,0.0,-82.65207315601276,75.61298079553542,0.0,100.0,0.1798720528402043,0.12242696836551906,-0.05744508447468524,0.0,83.33333333333334,12,2.704802020620626,1.2555954362350663
Dueling DQN,202,87,5.130431743742292,12,1,0.8623425032367017,0.7604786796011598,0.10186382363554192,11.812455405272033,100.0,95.45148416416896,-4.54851583583104,84.96231838516947,0.0,100.0,0.16281888303466954,0.20655601959647768,0.04373713656180814,0.0,91.66666666666666,12,2.5700575107611403,1.2888951797024821
Dueling DQN,202,88,5.563339237446613,12,1,0.8540803867399687,0.8740383300716011,-0.019957943331632477,-2.336775746345388,100.0,82.03252292517894,-17.967477074821062,84.68505564222711,0.0,100.0,0.15554748353526449,0.15271949393072953,-0.002827989604534953,0.0,91.66666666666666,12,2.6361371762817987,1.348033423887589
Dueling DQN,202,89,5.507829448134711,12,1,0.8509369415191472,0.8696435182955824,-0.01870657677643517,-2.1983505314787473,69.89174747009649,92.1148013380619,22.223053867965405,81.78370224984766,0.0,100.0,0.12179449374023069,0.15068477935492786,0.02889028561469717,0.0,91.66666666666666,12,2.649349962134673,1.2394060622411007
Dueling DQN,202,90,5.54013956151576,12,1,0.8711826397456075,0.8216497010091386,0.04953293873646891,5.6857123267439,58.19377348066838,84.45333473575585,26.259561255087462,86.43432277150298,0.0,100.0,0.15284881455388544,0.16329314209913467,0.010444327545249238,0.0,91.66666666666666,12,2.6287157084172237,1.197748079786615
Dueling DQN,202,91,5.603775005140963,12,1,0.8283322557668619,0.8035639032829082,0.024768352483953704,2.990147046854213,74.86949722823752,72.705437012999,-2.1640602152385213,90.00059167840409,0.0,100.0,0.19886492469314546,0.13741745373331093,-0.06144747095983452,0.0,100.0,12,2.825905016927985,1.301458803446236
Dueling DQN,202,92,4.713853588130517,12,1,0.9064593063029438,0.8239167044710609,0.08254260183188289,9.106046047289043,88.61549656906853,72.56342391310562,-16.052072655962903,64.98044389854208,0.0,100.0,0.170927198808711,0.13755178778334493,-0.033375411025366064,0.0,75.0,12,2.7268464306284774,1.3840960763006667
Dueling DQN,202,93,5.625826800450493,12,1,0.8685656510916149,0.7766621186331317,0.09190353245848315,10.581069184923283,68.7968904851102,87.54871711841416,18.751826633303963,87.94939183544165,0.0,100.0,0.1411969657567731,0.2148701526546688,0.0736731868978957,0.0,100.0,12,2.636928631069932,1.2041697436553342
Dueling DQN,202,94,5.230598919707417,12,1,0.853414877453797,0.8160045176477894,0.0374103598060076,4.383607644340951,92.84113519657362,100.0,7.158864803426383,79.83640822758659,0.0,100.0,0.11680032020923553,0.221132547218443,0.10433222700920747,0.0,91.66666666666666,12,2.7811673811985287,1.4080402316913256
Dueling DQN,202,95,5.277802539372552,12,1,0.8237865787347358,0.7918213455691434,0.03196523316559241,3.8802808871550463,76.61892329144516,100.0,23.381076708554843,80.50499836191558,0.0,100.0,0.1606607480572558,0.16883215128577966,0.00817140322852386,0.0,91.66666666666666,12,2.633445667179117,1.2825755258903955
Dueling DQN,202,96,5.26336321331401,12,1,0.8437211770525211,0.8723577666408306,-0.028636589588309502,-3.394082117074429,38.62659863611347,89.75565583380542,51.12905719769195,77.84668552231612,0.0,100.0,0.1476422240459044,0.1397936276276602,-0.007848596418244203,0.0,91.66666666666666,12,2.575972909688024,1.2960791803660399
Dueling DQN,202,97,5.3535945157259945,12,1,0.7880877399424486,0.8635891712462127,-0.07550143130376408,-9.580333188443928,93.5463992532773,90.0425694279031,-3.503829825374197,84.06716732018418,0.0,100.0,0.15196328107488458,0.1368887334514537,-0.015074547623430884,0.0,100.0,12,2.8133770241410274,1.345066827677703
Dueling DQN,202,98,4.969732142566714,12,1,0.8348300092147856,0.8108460065886535,0.023984002626132095,2.8729205181172968,88.34398833708511,46.29499289210507,-42.04899544498004,73.13396193216407,0.0,100.0,0.1670751034655943,0.15888094167589262,-0.00819416178970167,0.0,75.0,12,2.625492274824066,1.3488028765174658
Dueling DQN,202,99,5.458712380728152,12,1,0.8784131581337802,0.8735662705978442,0.004846887535935984,0.5517776562265265,100.0,64.22921869932763,-35.77078130067237,85.7439893274601,0.0,100.0,0.12670012869280378,0.1508364749918773,0.02413634629907352,0.0,100.0,12,2.789694240476814,1.291359007293673
Dueling DQN,202,100,5.846580353121278,12,1,0.8789397302929267,0.8863705069934447,-0.007430776700517949,-0.8454250552585072,94.32279359266848,100.0,5.677206407331525,88.77385937934594,0.0,100.0,0.1505750593304445,0.12095398942597435,-0.029621069904470138,0.0,100.0,12,2.732091034942904,1.3490019647083078
Dueling DQN,202,101,5.402821553600504,12,1,0.8527863652794444,0.82152216358148,0.0312642016979644,3.666123541705504,85.13390336415523,82.47692700086473,-2.6569763632904966,86.78070900358411,0.0,100.0,0.14277204130440674,0.15848877024192892,0.015716728937522184,0.0,91.66666666666666,12,2.791749228174931,1.2848847273242783
Dueling DQN,202,102,5.757718864370952,12,1,0.8871599586995836,0.8422390309695572,0.04492092773002643,5.063453021016909,95.58093698899013,100.0,4.419063011009868,93.36294178968643,0.0,100.0,0.14339403428219638,0.1561653586460427,0.012771324363846315,0.0,100.0,12,2.7372142459534707,1.2537788373393242
Dueling DQN,202,103,4.456425727973622,12,1,0.8497237093678706,0.8978960174728726,-0.04817230810500206,-5.669173117558244,75.7204268449073,18.078766042886627,-57.64166080202067,65.21877157016644,0.0,100.0,0.13914493691316868,0.0997249734425647,-0.039419963470603975,0.0,66.66666666666666,12,2.673115688844893,1.2596327882506066
Dueling DQN,202,104,5.770582901507306,12,1,0.8257952522436725,0.788119918619632,0.03767533362404041,4.5623093038712845,95.78601559607043,87.97061527757818,-7.815400318492252,91.6911314264599,0.0,100.0,0.16513085173253497,0.15553628993442217,-0.0095945617981128,0.0,100.0,12,2.7608693026686892,1.2859972318676103
Dueling DQN,202,105,5.4819871675011305,12,1,0.9237885721215161,0.7761914735976528,0.14759709852386327,15.977367871622489,57.788812278393785,87.74580588900113,29.95699361060735,85.6011557224498,0.0,100.0,0.11251281022399384,0.22017729102055456,0.10766448079656071,0.0,91.66666666666666,12,2.6050668192125515,1.2202841113804077
Dueling DQN,202,106,5.691004301103339,12,1,0.8077206476267133,0.8567096283592415,-0.04898898073252822,-6.065089567348586,95.43912952777099,96.75085344793206,1.3117239201610715,86.9544629994025,0.0,100.0,0.16311263476939533,0.1791491471043355,0.01603651233494016,0.0,100.0,12,2.6946010786756425,1.3417505579958418
Dueling DQN,202,107,5.24916155029879,12,1,0.8626955326086444,0.8611005982614659,0.0015949343471785005,0.18487801163820688,44.681254116883025,86.73263219002799,42.05137807314496,82.35544190519333,0.0,100.0,0.1677715458318963,0.10297694011811055,-0.06479460571378574,0.0,91.66666666666666,12,2.6278960634135933,1.2593753754330517
Dueling DQN,202,108,5.508379662382647,12,1,0.912307178058601,0.8669210212912322,0.04538615676736879,4.974876648888261,93.48802149082712,66.12113057641893,-27.366890914408188,84.00479714336562,0.0,100.0,0.10680846201518093,0.133844848981526,0.027036386966345055,0.0,100.0,12,2.608215636217112,1.3062945424699859
Dueling DQN,202,109,5.622267063127171,12,1,0.8699511635009001,0.8261968898218282,0.04375427367907192,5.029509185664381,84.70205923915842,100.0,15.297940760841584,88.21233796641235,0.0,100.0,0.14238012382328294,0.1693775077691049,0.026997383945821962,0.0,100.0,12,2.700681232114372,1.2868008620162672
Dueling DQN,202,110,5.4049658474867535,12,1,0.8863414881712629,0.8599696434624837,0.02637184470877918,2.9753593914678054,69.06480399113792,74.5134804272689,5.448676436130981,83.10292298120402,0.0,100.0,0.1220454148462536,0.12371788888409364,0.0016724740378400438,0.0,100.0,12,2.6160152891172155,1.2548382384147012
Dueling DQN,202,111,5.114765797780985,12,1,0.8183288069671656,0.8577063724400894,-0.039377565472923814,-4.811949076907394,39.32195958807188,97.48884139657437,58.166881808502495,83.36435126467555,0.0,100.0,0.20700302771312173,0.14634918787133183,-0.0606538398417899,0.0,91.66666666666666,12,2.688958104098594,1.3726367313235888
Dueling DQN,202,112,5.150244705344514,12,1,0.7792164369197068,0.7873031377618466,-0.008086700842139805,-1.03779905800076,66.83248000794534,57.02221560239528,-9.810264405550058,80.94373718511902,0.0,100.0,0.18626560514656923,0.17216580460975525,-0.014099800536813978,0.0,91.66666666666666,12,2.7306994812462886,1.318919648276501
Dueling DQN,202,113,4.521032423110126,12,1,0.8184779392862472,0.87722790215239,-0.05874996286614276,-7.177953130584753,95.69345480579952,11.784867688771126,-83.90858711702839,72.36325709661732,0.0,100.0,0.19684642775822972,0.15402336582597456,-0.04282306193225516,0.0,91.66666666666666,12,2.627779043858173,1.361592676901219
Dueling DQN,202,114,5.603643181823361,12,1,0.7658435975385476,0.7932092732439148,-0.027365675705367187,-3.573272113695483,75.69629014579232,100.0,24.303709854207682,89.46664082211298,0.0,100.0,0.18344337886539416,0.17760784534619528,-0.005835533519198882,0.0,100.0,12,2.7148135530349404,1.2803352018371918
Dueling DQN,202,115,4.915658740007023,12,1,0.8532969894802346,0.8534604910599608,-0.0001635015797262218,-0.019161157456539825,95.98318697078155,59.29227423819917,-36.690912732582376,74.89450981676676,0.0,100.0,0.1457095342642246,0.16539176605383876,0.019682231789614174,0.0,83.33333333333334,12,2.5263102078264748,1.3104294617744079
Dueling DQN,202,116,5.412922856394488,12,1,0.8393377470688449,0.8620051898053213,-0.022667442736476362,-2.7006342578581912,100.0,83.41279241742053,-16.587207582579467,83.41125985052608,0.0,100.0,0.12017028479655435,0.16891326638511936,0.04874298158856501,0.0,91.66666666666666,12,2.6990328663979164,1.2807723235696644
Dueling DQN,202,117,5.271908720708344,12,1,0.8499010408820883,0.8971417704978842,-0.04724072961579595,-5.558380016427105,100.0,76.05619431561735,-23.943805684382653,85.06971857307929,0.0,100.0,0.18877990501419706,0.15234040446362646,-0.0364395005505706,0.0,91.66666666666666,12,2.7470433333287847,1.2361026821981627
Dueling DQN,202,118,5.63147919639982,12,1,0.8501236498333311,0.8086959856975854,0.04142766413574572,4.873133942793818,75.10439493866883,100.0,24.895605061331167,86.76828248671795,0.0,100.0,0.11643323645885983,0.1725506384405229,0.05611740198166307,0.0,100.0,12,2.722661310588728,1.2387660604072614
Dueling DQN,202,119,5.444141150069413,12,1,0.858254972501391,0.8958116760686895,-0.037556703567298455,-4.3759377773063335,84.13903974118323,100.0,15.860960258816775,85.5021708237191,0.0,100.0,0.10459757272381093,0.12748416601818147,0.02288659329437054,0.0,100.0,12,2.57517748436966,1.2443218488576164
Dueling DQN,202,120,5.1822087504062075,12,1,0.7976586472639905,0.8882762121968575,-0.09061756493286699,-11.360444125277125,100.0,76.38665346985438,-23.61334653014562,78.56922622965854,0.0,100.0,0.16262736160632235,0.1369736525348957,-0.02565370907142664,0.0,91.66666666666666,12,2.7112462132109183,1.2969461370498416
Dueling DQN,202,121,5.0439216958050395,12,1,0.8643667200902831,0.8622827522864057,0.002083967803877429,0.24109764471956516,84.38854216930285,36.983437491532996,-47.405104677769856,74.29353199800826,0.0,100.0,0.15776857097583277,0.1346735870640533,-0.02309498391177947,0.0,83.33333333333334,12,2.577744624873996,1.3051882229997616
Dueling DQN,202,122,5.309304459760158,12,1,0.8480803235327101,0.8543014070140785,-0.006221083481368406,-0.7335488524782949,100.0,58.05517918588016,-41.94482081411984,82.85230439460008,0.0,100.0,0.1861756798932373,0.1466188033349075,-0.03955687655832979,0.0,83.33333333333334,12,2.7567732118228574,1.4295378261112999
Dueling DQN,202,123,5.397022219420968,12,1,0.7756320414179309,0.8482034040828011,-0.0725713626648703,-9.35641628886331,100.0,86.79627672128831,-13.203723278711692,86.49385089769795,0.0,100.0,0.204077206250599,0.14167672970275003,-0.06240047654784897,0.0,100.0,12,2.7436969043107933,1.3340931178730422
Dueling DQN,202,124,4.529393889850825,12,1,0.8089930473681856,0.8774436812103238,-0.06845063384213823,-8.461214106205448,100.0,0.0,-100.0,65.27203720707574,0.0,100.0,0.17278368295666768,0.1550557345743389,-0.017727948382328773,0.0,75.0,12,2.889881976467436,1.3279850921172145
Dueling DQN,202,125,5.639041092851102,12,1,0.8546086539022312,0.8070228796994272,0.047585774202803965,5.568136244060064,99.32520653202188,96.78075641736734,-2.5444501146545377,88.43787436585006,0.0,100.0,0.15041932415224932,0.19022702888469578,0.039807704732446464,0.0,100.0,12,2.7904075076959707,1.3114628220040951
Dueling DQN,202,126,5.644073533398215,12,1,0.8143211675203983,0.869483844860697,-0.05516267734029867,-6.774068947301052,85.96971996294452,93.77194450170785,7.802224538763326,87.29279115915733,0.0,100.0,0.1764543822871891,0.10832925082283822,-0.06812513146435088,0.0,100.0,12,2.69008616659872,1.2297932210856164
Dueling DQN,202,127,5.528646059498234,12,1,0.8685787095725296,0.8368174976773604,0.03176121189516923,3.6566878217404715,81.57175368391233,100.0,18.428246316087666,80.72492201482294,0.0,100.0,0.09994214139524595,0.18725985654779198,0.08731771515254604,0.0,100.0,12,2.5414757868084834,1.231973529664675
Dueling DQN,202,128,4.889043882280613,12,1,0.8189754706192701,0.8660134585433479,-0.04703798792407776,-5.743516089500201,87.33509718734261,60.08772879014589,-27.247368397196723,76.17126141694969,0.0,100.0,0.1523242860886751,0.12931321296710363,-0.023011073121571468,0.0,91.66666666666666,12,2.6447409090586205,1.339805833111422
Dueling DQN,202,129,5.097802989947074,12,1,0.8573499191044014,0.9555686267529916,-0.0982187076485902,-11.456081753782716,72.03869762011097,53.23249798623684,-18.80619963387413,75.14879518185978,0.0,100.0,0.12980801647482373,0.08495573872679574,-0.044852277748028,0.0,83.33333333333334,12,2.7868474118047946,1.2692112586452524
Dueling DQN,202,130,5.422035948778024,12,1,0.8445640843339083,0.9040377595112457,-0.05947367517733737,-7.0419375249947,83.95938924384517,84.15487428893064,0.19548504508547637,83.40081636346592,0.0,100.0,0.1584553353970194,0.11609359022885722,-0.04236174516816217,0.0,100.0,12,2.5579852825672362,1.269225101859618
Dueling DQN,202,131,5.687271635870442,12,1,0.8504573199661619,0.821854551084165,0.028602768881996865,3.363222140663674,77.64126775731353,100.0,22.35873224268647,85.84572951885916,0.0,100.0,0.12212042735663904,0.15974597482815958,0.03762554747152054,0.0,100.0,12,2.7330378229929138,1.2201041158173596
Dueling DQN,202,132,5.155522260327991,12,1,0.8536645989594694,0.7840664685382953,0.06959813042117413,8.152865950632975,77.86233769687992,0.0,-77.86233769687992,77.58373145037201,0.0,100.0,0.13029618215033864,0.2033971789946437,0.07310099684430507,0.0,91.66666666666666,12,2.6858483745020156,1.274532741391054
Dueling DQN,202,133,5.4229953341570205,12,1,0.8331401243461087,0.8474716932078842,-0.014331568861775446,-1.720187090139681,85.64234648047804,89.63568274298926,3.993336262511221,82.60717385470598,0.0,100.0,0.1154905877591078,0.16183729223477605,0.04634670447566826,0.0,91.66666666666666,12,2.5387358395238273,1.3042216974090668
Dueling DQN,202,134,5.502897864335741,12,1,0.8893335213122342,0.8896760978294456,-0.00034257651721136817,-0.038520589745215925,89.62628349192863,83.26353561830615,-6.362747873622482,88.67511217998917,0.0,100.0,0.13063878803155263,0.12172606106375443,-0.008912726967798199,0.0,100.0,12,2.684182324248653,1.3016208208095
Dueling DQN,202,135,5.080775755209281,12,1,0.8031173471149267,0.8865730590343773,-0.08345571191945067,-10.39147170948956,39.765905967123324,76.61755852278334,36.85165255566002,76.52205612486415,0.0,100.0,0.18307765077852256,0.13266294531259393,-0.05041470546592863,0.0,83.33333333333334,12,2.639611747012067,1.3024123686928528
Dueling DQN,202,136,5.178038997682183,12,1,0.8760460040715754,0.7565440079925514,0.11950199607902401,13.641063999335401,100.0,98.06403418453414,-1.9359658154658632,81.43936052929803,0.0,100.0,0.1548372255919782,0.19403364656953323,0.03919642097755502,0.0,83.33333333333334,12,2.5195296659998796,1.3216071039721404
Dueling DQN,202,137,5.3334675495826005,12,1,0.901201489111083,0.8010803576305128,0.10012113148057022,11.109738797627442,100.0,15.351017386312183,-84.64898261368782,80.55078907027381,0.0,100.0,0.13999095586759777,0.18334336178443983,0.04335240591684206,0.0,91.66666666666666,12,2.52080652815764,1.316025844872989
Dueling DQN,202,138,5.583930541584616,12,1,0.8224436424388945,0.845147079086059,-0.022703436647164565,-2.7604853968886234,91.54031893024514,72.45299683196154,-19.087322098283593,85.7937854368513,0.0,100.0,0.12100856349050909,0.11641873744862401,-0.004589826041885084,0.0,100.0,12,2.5856422523426406,1.23797410096031
Dueling DQN,202,139,4.841462646818511,12,1,0.801881769334314,0.8947505950713162,-0.09286882573700217,-11.581361403701406,73.66432930457243,81.76401060482554,8.09968130025311,73.17116327397635,0.0,100.0,0.15528397546792766,0.10201707032290262,-0.05326690514502504,0.0,91.66666666666666,12,2.683480502952133,1.2873847320145322
Dueling DQN,202,140,4.508019527646603,12,1,0.8137553899895382,0.8475739374784403,-0.03381854748890212,-4.155861565394595,96.91003744192459,15.714788831121728,-81.19524861080286,69.38431214262799,0.0,100.0,0.15395539626668883,0.17318945417542048,0.019234057908731644,0.0,75.0,12,2.63304438847782,1.2744527168398576
Dueling DQN,202,141,5.403988963935515,12,1,0.8650302534204144,0.8084120480439241,0.056618205376490316,6.545228349253264,70.5752984529954,3.315865674932086,-67.25943277806331,85.07271960167496,0.0,100.0,0.11124550338444256,0.17708950262734258,0.06584399924290002,0.0,91.66666666666666,12,2.770914867718199,1.2611204353323888
Dueling DQN,202,142,5.25320978988624,12,1,0.8234486486987429,0.8978622569511385,-0.07441360825239562,-9.036824381215263,91.6726125365847,66.71311489279108,-24.95949764379361,78.17308966290896,0.0,100.0,0.1668579423505387,0.11253281757239068,-0.05432512477814801,0.0,91.66666666666666,12,2.7459501896047485,1.3203844372783382
Dueling DQN,202,143,5.595178459201173,12,1,0.861143584972902,0.8556278459806178,0.0055157389922841915,0.6405132765934449,100.0,67.55986850389907,-32.44013149610093,86.42493289698736,0.0,100.0,0.15763810177721663,0.13397787599747946,-0.02366022577973717,0.0,100.0,12,2.6627720044397205,1.294496899932272
Dueling DQN,202,144,5.535443363598694,12,1,0.8751211829918045,0.8038498199983148,0.07127136299348968,8.144170702145733,70.08926046235425,91.59801944153577,21.508758979181522,83.88477850958567,0.0,100.0,0.11746979446060858,0.1921698050376094,0.0747000105770008,0.0,91.66666666666666,12,2.5567995973926076,1.228490249069876
Dueling DQN,202,145,4.915006704915373,12,1,0.812807235702647,0.8277717434472056,-0.014964507744558597,-1.8410893859258326,38.647242099512184,65.88059894214177,27.23335684262959,76.55687760282521,0.0,100.0,0.14285445996807036,0.12264141434052853,-0.020213045627541837,0.0,83.33333333333334,12,2.5866236556037525,1.2649842302196728
Dueling DQN,202,146,4.76384982329638,12,1,0.8555399832800281,0.7945578701943841,0.06098211308564405,7.127909189217157,90.77911457837808,97.53777334446531,6.758658766087223,70.07311875346782,0.0,100.0,0.12621656073001064,0.17351688228167977,0.04730032155166913,0.0,75.0,12,2.6206832327861034,1.3530676392580925
Dueling DQN,202,147,5.2499965842012,12,1,0.8814647148892412,0.8745496804572099,0.006915034432031231,0.7844936178642302,72.71122503206328,79.23320701199114,6.521981979927858,78.89633525714197,0.0,100.0,0.14314394322916463,0.1498622065008069,0.006718263271642266,0.0,91.66666666666666,12,2.5887003169737004,1.2814455102654707
Dueling DQN,202,148,5.508176943163601,12,1,0.8012108127415372,0.8928708723896539,-0.09166005964811674,-11.44019254239463,96.83827842673169,86.69127097940071,-10.147007447330978,87.58587098621722,0.0,100.0,0.1929522171514631,0.1344115512459322,-0.05854066590553089,0.0,100.0,12,2.798703668017725,1.3348589614291084
Dueling DQN,202,149,5.444467080654805,12,1,0.8291862634406305,0.8498638662956213,-0.020677602854990762,-2.493722311461238,83.85387360863656,100.0,16.14612639136344,83.1724743603037,0.0,100.0,0.13829852367862244,0.14600727113871492,0.00770874746009248,0.0,100.0,12,2.7851873947931107,1.2008972333069796
Dueling DQN,202,150,5.18379334877221,12,1,0.8673133287315885,0.8661546924402069,0.0011586362913815762,0.13358912552122726,100.0,100.0,0.0,81.3597748764771,0.0,100.0,0.1528040246038752,0.11753931146669212,-0.03526471313718309,0.0,91.66666666666666,12,2.705086939990501,1.2941950190330793
Dueling DQN,202,151,5.118200556464046,12,1,0.807395517893896,0.7594951642636024,0.047900353630293546,5.9326999678227565,79.86370965429035,68.36577177995873,-11.497937874331612,79.88084996133422,0.0,100.0,0.16059864248434355,0.22461314065331697,0.06401449816897342,0.0,100.0,12,2.7108161090300875,1.2761007088717728
Dueling DQN,202,152,4.6705587528284624,12,1,0.8067562245178406,0.9076591941465872,-0.10090296962874667,-12.507244017739252,76.08713311639652,13.357209437015936,-62.729923679380576,69.85893569598964,0.0,100.0,0.18679446548313777,0.11314670472647219,-0.07364776075666558,0.0,83.33333333333334,12,2.7640007148425902,1.286231305993687
Dueling DQN,202,153,5.212293428628888,12,1,0.812970006809009,0.8438882454100145,-0.03091823860100551,-3.803121682479134,100.0,88.82664167409678,-11.173358325903223,82.3523018478301,0.0,100.0,0.17112669368519093,0.1693194189707362,-0.0018072747144547152,0.0,91.66666666666666,12,2.6669586460702988,1.2883504467159186
Dueling DQN,202,154,4.7019351306897565,12,1,0.8634567111669563,0.8166168046609348,0.046839906506021545,5.424696559798314,97.56667103562631,62.453189399078354,-35.11348163654796,71.13837244236643,0.0,100.0,0.13430960185027382,0.16923531201809328,0.03492571016781945,0.0,83.33333333333334,12,2.5788182175853236,1.297303559031111
Dueling DQN,202,155,5.641279813810616,12,1,0.8321697640843284,0.8519544754361803,-0.01978471135185189,-2.3774850043514673,92.73276961530689,100.0,7.267230384693107,88.4617385833535,0.0,100.0,0.17400591745861305,0.15671657855329793,-0.017289338905315116,0.0,100.0,12,2.8469766625286463,1.3200169334518035
Dueling DQN,202,156,5.0463368774999005,12,1,0.934773932063304,0.8052749799158819,0.12949895214742202,13.853504864174177,56.30548500982905,85.02925940852377,28.723774398694722,71.68771077267793,0.0,100.0,0.11465738827093208,0.1593032555830116,0.04464586731207951,0.0,83.33333333333334,12,2.3950295754381155,1.2879424917620792
Dueling DQN,202,157,5.306067475522041,12,1,0.8535791419149324,0.8525288774895794,0.0010502644253530535,0.12304241912435611,90.9088913036916,49.34247580045059,-41.56641550324101,77.94713623528861,0.0,100.0,0.14884031666699524,0.1325030933807923,-0.016337223286202934,0.0,91.66666666666666,12,2.573434539266036,1.384522121549996
Dueling DQN,202,158,4.738728882561406,12,1,0.8641885555557204,0.9164718419472726,-0.05228328639155222,-6.049985973018495,83.6068525738251,67.66328163315566,-15.943570940669431,71.51971778835825,0.0,100.0,0.1612862464059114,0.0871879547337679,-0.0740982916721435,0.0,66.66666666666666,12,2.72642633856568,1.286053121654089
Dueling DQN,202,159,5.008627175083058,12,1,0.8526063504113924,0.8157125154571474,0.03689383495424503,4.327182753968854,80.49700889358165,19.82001448807011,-60.676994405511536,75.08640047032426,0.0,100.0,0.14343802310880735,0.16061373062385897,0.017175707515051625,0.0,83.33333333333334,12,2.5235192030492812,1.2804044983248992
Dueling DQN,202,160,5.628453826417674,12,1,0.8673964685349607,0.8663625608337556,0.001033907701205039,0.11919666942514962,83.99051449113122,100.0,16.009485508868778,89.40554951334344,0.0,100.0,0.15182537792491616,0.12598197315476284,-0.025843404770153316,0.0,100.0,12,2.734082906977388,1.3118213177515274
Dueling DQN,202,161,5.60261860266162,12,1,0.7891294914094592,0.8688455791608563,-0.07971608775139705,-10.101775262386486,98.08444916818834,94.9750445593685,-3.109404608819844,87.00164269401807,0.0,100.0,0.16387150426940056,0.14906903927222084,-0.014802464997179715,0.0,100.0,12,2.728523698213755,1.3781723731924904
Dueling DQN,202,162,5.191197757288036,12,1,0.7757219247619458,0.8157394857424901,-0.04001756098054432,-5.158750797565113,84.5756083878733,95.27294045222067,10.697332064347364,83.27220026957112,0.0,100.0,0.16853337133951335,0.1515478747120617,-0.016985496627451663,0.0,100.0,12,2.8238054100183034,1.3373717455946588
Dueling DQN,202,163,5.437041178989123,12,1,0.8286607751244132,0.846104818084141,-0.01744404295972779,-2.105088533617243,87.27136854079609,74.21112753236838,-13.06024100842771,85.47142296848193,0.0,100.0,0.16577157840247514,0.16890559188916499,0.003134013486689846,0.0,100.0,12,2.732634099261775,1.3270241998618784
Dueling DQN,202,164,5.65100992266829,12,1,0.8796316542041692,0.847654331236171,0.03197732296799827,3.635308349257755,74.48868626774325,81.08348418670853,6.594797918965284,86.05976884871819,0.0,100.0,0.13339843791588243,0.16884503668060655,0.03544659876472411,0.0,100.0,12,2.6493824777744517,1.318222484803675
Dueling DQN,202,165,5.685048329778064,12,1,0.8106197969877268,0.8563808215564805,-0.04576102456875375,-5.645189611554305,99.57275090876055,100.0,0.427249091239446,92.50335181556085,0.0,100.0,0.19658590066904313,0.10640082607342859,-0.09018507459561455,0.0,100.0,12,2.804386541260824,1.3046804836201205
Dueling DQN,202,166,5.52681050147827,12,1,0.8415905388660011,0.8117077862184214,0.02988275264757967,3.5507472182191004,90.93165268842898,98.89119754086293,7.95954485243395,88.8862030528176,0.0,100.0,0.14797750193354262,0.15707025831180285,0.009092756378260236,0.0,100.0,12,2.792638022781851,1.2867547804638253
Dueling DQN,202,167,5.114910649280171,12,1,0.8376363328396297,0.8673743384800788,-0.02973800564044915,-3.5502287179492087,27.67434816860117,86.94519283317088,59.27084466456971,74.86628848438687,0.0,100.0,0.13509081002713813,0.1401029619366461,0.005012151909507961,0.0,83.33333333333334,12,2.5443172120679804,1.1606162605422805
Dueling DQN,202,168,5.544428264163934,12,1,0.8768922735668496,0.8443063252272791,0.032585948339570514,3.716072010421966,77.56920827296555,94.70402872259376,17.134820449628208,85.77800154857283,0.0,100.0,0.13051158067073332,0.1472290829443175,0.01671750227358418,0.0,100.0,12,2.6509774623242506,1.2926844266328616
Dueling DQN,202,169,5.359457274549259,12,1,0.8495729667227165,0.8740173574726718,-0.024444390749955303,-2.8772561872173434,94.37718450739013,11.054703941923353,-83.32248056546678,82.21923743775564,0.0,100.0,0.16475852264765706,0.1522941870053015,-0.01246433564235555,0.0,91.66666666666666,12,2.8176492039806393,1.2777670680462543
Dueling DQN,202,170,5.457948364162613,12,1,0.9178676239735608,0.7754552066579129,0.1424124173156479,15.515572572341881,66.55034978512388,92.24963822598916,25.699288440865274,85.4625989260192,0.0,100.0,0.09454764481184037,0.18849987226774725,0.09395222745590688,0.0,100.0,12,2.5454551757842534,1.2901841364136637
Dueling DQN,202,171,5.208397848409776,12,1,0.837197181983831,0.8604793192743194,-0.023282137290488447,-2.7809622143398594,87.52073921268185,46.832596738646885,-40.68814247403496,78.33651668791121,0.0,100.0,0.186134109668561,0.13082531777264653,-0.05530879189591448,0.0,91.66666666666666,12,2.7883167143524386,1.384972469539704
Dueling DQN,202,172,4.966399462806866,12,1,0.7528799440689695,0.843805737740721,-0.09092579367175146,-12.077064130615488,79.59385073493226,85.54568493262917,5.951834197696911,80.05298183028162,0.0,100.0,0.19547213405000727,0.1577981952347013,-0.03767393881530598,0.0,91.66666666666666,12,2.8182571638606273,1.3290051294106813
Dueling DQN,202,173,5.510611840091947,12,1,0.8390421176624627,0.7566552745381807,0.08238684312428202,9.81915465147428,55.18924945435324,100.0,44.81075054564676,86.37084925797099,0.0,100.0,0.14420038590289916,0.2083187068831546,0.06411832098025544,0.0,91.66666666666666,12,2.685966119626823,1.259406812882972
Dueling DQN,202,174,5.287285474756007,12,1,0.8479889838605803,0.8379745632646891,0.010014420595891194,1.1809611665353528,92.79553545534738,100.0,7.204464544652623,86.27686049656977,0.0,100.0,0.17154403363847415,0.1542366503682218,-0.017307383270252358,0.0,91.66666666666666,12,2.628254581127607,1.2915265050760047
Dueling DQN,202,175,5.428409115188509,12,1,0.8303975309353167,0.8374614546806821,-0.0070639237453654635,-0.850667720243463,70.94973210003404,95.38921640401406,24.439484303980024,82.06655358935227,0.0,100.0,0.15284183704894957,0.12965963331528257,-0.023182203733667,0.0,91.66666666666666,12,2.738674862849445,1.2845844141577696
Dueling DQN,202,176,5.517585720529674,12,1,0.9189499799246864,0.7760019642405748,0.14294801568411164,15.555581784312908,85.02799870701706,97.60290491182943,12.574906204812365,84.57963098737692,0.0,100.0,0.09274780577475562,0.23354281886540906,0.14079501309065345,0.0,100.0,12,2.524994966789744,1.2577722768726527
Dueling DQN,202,177,5.4760094460784146,12,1,0.8877455772970395,0.8234709683370467,0.06427460895999282,7.240206045936351,82.24322209836033,83.68992651128713,1.4467044129267919,86.77162617723111,0.0,100.0,0.13388776245005737,0.16217058383101884,0.02828282138096147,0.0,100.0,12,2.6227451158662016,1.2460111370304268
Dueling DQN,202,178,5.243300233836994,12,1,0.8136661913844246,0.8353034305499758,-0.02163723916555116,-2.659227997262139,83.41034922474778,96.22549861294166,12.815149388193888,81.21578190870233,0.0,100.0,0.12878828504318757,0.1476785234848242,0.01889023844163662,0.0,83.33333333333334,12,2.810956298760702,1.3193202466234022
Dueling DQN,202,179,5.145781343593004,12,1,0.8378006040130487,0.8209587325717426,0.01684187144130611,2.0102481856224346,54.02013051238033,91.427096650594,37.40696613821367,82.44095233933204,0.0,100.0,0.1750792082754598,0.17270388466583583,-0.002375323609623975,0.0,91.66666666666666,12,2.640996880388037,1.2276008564834693
Dueling DQN,202,180,5.557849263256579,12,1,0.8445608392231152,0.8240621658700563,0.020498673353058883,2.427139928949934,98.21142460816252,79.59955523505558,-18.61186937310694,85.34765143853252,0.0,100.0,0.13902823168182463,0.14977407876894622,0.01074584708712159,0.0,100.0,12,2.658784042091558,1.3861284484235494
Dueling DQN,202,181,5.651467760534764,12,1,0.8058616660333964,0.9710510707959065,-0.1651894047625101,-20.498481529169098,86.71621987882587,91.37559464597909,4.659374767153224,89.22208259736503,0.0,100.0,0.1974402895861522,0.12900946281916237,-0.06843082676698983,0.0,100.0,12,2.7935392806591817,1.3033815656295447
Dueling DQN,202,182,5.344342378311219,12,1,0.8099138994436352,0.85485419864315,-0.04494029919951481,-5.5487749043924595,74.28569682424369,71.86586069226061,-2.4198361319830752,85.67518806108275,0.0,100.0,0.18603123666381602,0.15626864658107686,-0.029762590082739154,0.0,100.0,12,2.711772037834411,1.3091314877603153
Dueling DQN,202,183,5.398267182977953,12,1,0.7765108923664629,0.8923348533752866,-0.11582396100882375,-14.9159480114752,85.34549631846329,83.2338841249579,-2.111612193505394,85.78932456575227,0.0,100.0,0.20716686165212853,0.12056750481942727,-0.08659935683270126,0.0,100.0,12,2.7116244515879924,1.3538565837527465
Dueling DQN,202,184,5.334183460532474,12,1,0.8493582737498653,0.8284261811193658,0.020932092630499444,2.4644597312375054,63.03447796787417,88.28810915773367,25.253631189859505,82.0959899388629,0.0,100.0,0.14197384639571697,0.13373783308555556,-0.00823601331016141,0.0,100.0,12,2.5271122305418703,1.2754833660632352
Dueling DQN,202,185,5.029058316734657,12,1,0.905193719306663,0.8735652207807597,0.031628498525903326,3.4941137848514137,67.71205179175404,1.8945998543133404,-65.8174519374407,72.3908995114724,0.0,100.0,0.10763957560730725,0.11020307386732936,0.0025634982600221123,0.0,91.66666666666666,12,2.5867475878851107,1.363524551054559
Dueling DQN,202,186,4.761691403763008,12,1,0.755139683606632,0.8659462814868331,-0.11080659788020109,-14.673655786566044,89.09007228267741,85.17820717581266,-3.9118651068647523,77.03790288770792,0.0,100.0,0.19285782839288107,0.15195476536715136,-0.04090306302572971,0.0,91.66666666666666,12,2.810435435260629,1.2751384421369452
Dueling DQN,202,187,5.621495646237117,12,1,0.8399509470801305,0.9226413635833233,-0.08269041650319275,-9.84467209551276,100.0,89.89221502674081,-10.107784973259186,89.87321018826732,0.0,100.0,0.1616232775790831,0.09247398940556167,-0.06914928817352142,0.0,100.0,12,2.6707866931028033,1.2789743921536567
Dueling DQN,202,188,5.630878738090737,12,1,0.9031468811741368,0.8559160553745919,0.04723082579954485,5.229584111295649,76.17907086398804,99.17944592175871,23.00037505777067,87.3970479742503,0.0,100.0,0.11876568811827243,0.15987963828376822,0.041113950165495794,0.0,100.0,12,2.681461562251687,1.1876135295806889
Dueling DQN,202,189,5.518555588755639,12,1,0.8923226760697259,0.9044377816155883,-0.01211510554586237,-1.357704546882511,65.19555211135545,91.72900483771737,26.533452726361915,80.73627121721348,0.0,100.0,0.10997218574021737,0.10498207069510818,-0.0049901150451091975,0.0,91.66666666666666,12,2.559352100107446,1.2378744938399469
Dueling DQN,202,190,5.281017678359473,12,1,0.8113857512452609,0.8264991474705953,-0.015113396225334363,-1.8626647315582416,100.0,83.93292365406502,-16.06707634593498,83.8275539690912,0.0,100.0,0.2083096111488404,0.18335195391670991,-0.024957657232130476,0.0,91.66666666666666,12,2.785718138646368,1.3635960560634994
Dueling DQN,202,191,5.047972907680547,12,1,0.8789938927485694,0.863180267564549,0.015813625184020408,1.7990597334609462,86.56182883186429,73.895038776971,-12.666790054893283,74.69687922430779,0.0,100.0,0.14394528484422414,0.16134402062670772,0.017398735782483576,0.0,75.0,12,2.6391957189820623,1.3268725109668382
Dueling DQN,202,192,5.415688385733011,12,1,0.9015133923824813,0.8514099721209651,0.05010342026151615,5.557701159503018,80.07225003903471,100.0,19.927749960965286,81.86822660357093,0.0,100.0,0.1520183936401911,0.1788963921702564,0.02687799853006531,0.0,91.66666666666666,12,2.634338308235088,1.3378536416969173
Dueling DQN,202,193,5.592676666891236,12,1,0.883426631861704,0.7951006084663518,0.08832602339535223,9.998116449038545,82.23599363298192,85.67904560786535,3.4430519748834314,86.62326258940577,0.0,100.0,0.11168658627375289,0.18464571016508252,0.07295912389132964,0.0,100.0,12,2.5433353448651475,1.234429684861742
Dueling DQN,202,194,5.314708281918003,12,1,0.819025153321807,0.8834887861830414,-0.06446363286123435,-7.870775714247892,99.06039649138346,81.85938928058182,-17.201007210801635,87.40495189654901,0.0,100.0,0.17422599914320744,0.15065926422658935,-0.023566734916618093,0.0,100.0,12,2.7167674693252493,1.181159755956819
Dueling DQN,202,195,5.114691313024683,12,1,0.8028177628593154,0.8667885576109304,-0.06397079475161505,-7.968283427583452,36.27270533992857,74.90538877430198,38.63268343437341,78.24154158672317,0.0,100.0,0.2176030513397145,0.13870147560200233,-0.07890157573771217,0.0,83.33333333333334,12,2.852580467242029,1.3930358352909262
Dueling DQN,202,196,5.340600265660667,12,1,0.8451378734084629,0.8611773763329256,-0.016039502924462656,-1.89785636511294,67.3751369071037,83.98729253680135,16.612155629697654,79.9626281241396,0.0,100.0,0.14376426546073262,0.17232184875556147,0.028557583294828853,0.0,100.0,12,2.559595217005465,1.33305218627175
Dueling DQN,202,197,5.50835284771381,12,1,0.8294831139046561,0.8614101548153699,-0.031927040910713744,-3.849028434156112,87.39904752399288,94.09385258875342,6.694805064760544,86.3856302443371,0.0,100.0,0.15659982341845236,0.14216320966894191,-0.01443661374951044,0.0,100.0,12,2.6679205693405716,1.3254171453536878
Dueling DQN,202,198,5.435295719274241,12,1,0.8133839008192802,0.8052603675940375,0.00812353322524273,0.9987329743138889,93.4223660027253,93.03589071284817,-0.38647528987712576,86.69346123142638,0.0,100.0,0.1520633958466226,0.17637049875581384,0.024307102909191247,0.0,100.0,12,2.6569100512150103,1.264063921017401
Dueling DQN,202,199,5.8159815687395096,12,1,0.8278307738821816,0.8071210453748231,0.020709728507358527,2.501686233556953,94.91920586976411,97.16831460050656,2.2491087307424493,90.71939202435038,0.0,100.0,0.16111176925956483,0.1601565297218384,-0.0009552395377264433,0.0,100.0,12,2.6528482325268667,1.284496065978238
Dueling DQN,202,200,5.58205809365387,12,1,0.8474318269381286,0.8378882773429928,0.009543549595135814,1.1261731376809139,70.023208237104,71.62449347893927,1.6012852418352708,83.97307633430407,0.0,100.0,0.12862564401434087,0.15666482172550686,0.028039177711165986,0.0,100.0,12,2.7648937448912587,1.2277714411021612
Dueling DQN,303,1,5.173276024900872,12,1,0.813719122972816,0.8648046381438192,-0.05108551517100324,-6.278028097013257,91.65366855122596,31.0028792337042,-60.65078931752176,80.72719594715231,0.0,100.0,0.15238259687401798,0.12823418304967654,-0.024148413824341436,0.0,83.33333333333334,12,2.4301288062824367,1.2780475043769548
Dueling DQN,303,2,5.4368823339214405,12,1,0.7894049274021199,0.8416767730764766,-0.05227184567435672,-6.621677146908615,92.66911096883885,92.0297508531888,-0.6393601156500495,88.16693629029817,0.0,100.0,0.17766667449872528,0.1469401785039327,-0.030726495994792574,0.0,100.0,12,2.4442522248732845,1.300372071436711
Dueling DQN,303,3,5.6168196118704925,12,1,0.8701827217764665,0.8099924296860415,0.060190292090425035,6.916971641030443,100.0,86.58649881081223,-13.41350118918777,87.08835987104646,0.0,100.0,0.13407125999978814,0.20520256638852713,0.07113130638873899,0.0,100.0,12,2.470908949322087,1.292243132107717
Dueling DQN,303,4,5.625041899981169,12,1,0.8490554757229386,0.8341316438654802,0.01492383185745838,1.7576980873659993,87.89316335827144,95.13494530916225,7.241781950890811,86.20560455360544,0.0,100.0,0.16990508808339377,0.1340841593922448,-0.03582092869114897,0.0,100.0,12,2.5403417960576213,1.2381662293959375
Dueling DQN,303,5,5.514928215540511,12,1,0.9499513178850574,0.8165499581646903,0.13340135972036704,14.042968014126004,90.47137599000645,90.07272276715122,-0.39865322285523064,85.89792343522026,0.0,100.0,0.10591124652662902,0.1665428488442003,0.06063160231757127,0.0,91.66666666666666,12,2.595223364492701,1.1898129297921474
Dueling DQN,303,6,5.299373637694694,12,1,0.9070283275649546,0.8599660846204229,0.04706224294453165,5.188618868263672,76.40529288549733,87.31757062306211,10.912277737564779,82.95390683977116,0.0,100.0,0.10171309857193525,0.16239176757765308,0.060678669005717834,0.0,100.0,12,2.594971834653642,1.1282519576627705
Dueling DQN,303,7,5.605548222275215,12,1,0.8366351328266486,0.8935145793008934,-0.05687944647424481,-6.798596454116429,90.99374705752884,60.054799026811565,-30.93894803071727,87.59662890640044,0.0,100.0,0.1626545256203318,0.11884233317135595,-0.043812192448975856,0.0,100.0,12,2.5608293451337505,1.254613504435622
Dueling DQN,303,8,5.631583903240935,12,1,0.8925206945164685,0.7968280831080323,0.09569261140843621,10.721612618772786,91.80649270888547,100.0,8.193507291114528,85.38243745008162,0.0,100.0,0.133269754719148,0.16432601171878755,0.031056256999639542,0.0,100.0,12,2.4993149282145475,1.313699268225164
Dueling DQN,303,9,5.370096624841673,12,1,0.9309014485596909,0.9138579493603425,0.017043499199348444,1.8308596710982117,79.00614775583563,100.0,20.993852244164373,82.99358395010016,0.0,100.0,0.12360691367429921,0.142497358279133,0.0188904446048338,0.0,100.0,12,2.6103539105318823,1.2727720777422644
Dueling DQN,303,10,4.77292624099616,12,1,0.7747863342142546,0.9326175903416075,-0.15783125612735294,-20.370939594258157,93.96603297382116,24.253634346490866,-69.71239862733029,71.82232816187839,0.0,100.0,0.18507622240276056,0.10093704202140864,-0.08413918038135192,0.0,83.33333333333334,12,2.473791032359681,1.2503929212405218
Dueling DQN,303,11,5.518902811337462,12,1,0.8644744169638556,0.8219348457375639,0.042539571226291706,4.920859471549905,88.76660778976348,73.72447410249053,-15.042133687272951,79.45245542272377,0.0,100.0,0.108395504834563,0.16179526960667096,0.05339976477210795,0.0,91.66666666666666,12,2.489733471918232,1.1665459067616797
Dueling DQN,303,12,5.479221593901741,12,1,0.9118969680681959,0.7968628174279677,0.11503415064022815,12.614818852169421,70.99773026439009,100.0,29.002269735609914,81.7590884795418,0.0,100.0,0.11770965760281642,0.18201125566458498,0.06430159806176856,0.0,100.0,12,2.592271445236379,1.2988382574803319
Dueling DQN,303,13,5.650110496286168,12,1,0.7825511738983292,0.9182616129577055,-0.1357104390593763,-17.34205296547266,88.63436587838096,95.32973397591553,6.695368097534569,88.35736366693011,0.0,100.0,0.18031115315220864,0.12391194759810621,-0.056399205554102425,0.0,100.0,12,2.538589377318103,1.2811297200896468
Dueling DQN,303,14,5.597629891309291,12,1,0.836137466575904,0.8314495402708942,0.004687926305009804,0.560664542901958,100.0,88.96869681707169,-11.031303182928312,91.02462483577425,0.0,100.0,0.15875030756317055,0.14306662370259898,-0.015683683860571562,0.0,100.0,12,2.5675215963909492,1.2849286324637947
Dueling DQN,303,15,5.642287944823424,12,1,0.8944779409790404,0.7969020568023547,0.09757588417668572,10.908696537545149,81.32631874654803,96.84906598973446,15.52274724318643,86.37562829649397,0.0,100.0,0.1177213093237228,0.17151244634821383,0.05379113702449104,0.0,100.0,12,2.5002693209791826,1.196657285927229
Dueling DQN,303,16,5.462869660719299,12,1,0.8574082393239412,0.8194776954986608,0.03793054382528038,4.423860430264617,71.28430018767475,92.26226996291103,20.97796977523629,84.58000426332991,0.0,100.0,0.15899831609824497,0.16214866778365547,0.003150351685410502,0.0,100.0,12,2.5440093164533697,1.3299093862129636
Dueling DQN,303,17,5.30236345065259,12,1,0.8836004638142054,0.8291591327241873,0.05444133109001814,6.161306305229092,96.88323311272745,100.0,3.116766887272547,84.26439534859453,0.0,100.0,0.1355976816203249,0.16975866706224624,0.03416098544192134,0.0,100.0,12,2.4886147901671722,1.2688675701639123
Dueling DQN,303,18,4.920972966748928,12,1,0.8531741215983859,0.8800680469412269,-0.026893925342840963,-3.1522200055079406,93.00698422717574,85.36411582793981,-7.6428683992359225,76.22819555446002,0.0,100.0,0.16180532493947342,0.14069199504119623,-0.02111332989827719,0.0,91.66666666666666,12,2.521045553081514,1.2765231909618997
Dueling DQN,303,19,5.424582977478609,12,1,0.8145598155622593,0.8265940745233775,-0.012034258961118205,-1.477394137447281,73.08681466852133,81.83742899882611,8.750614330304785,84.61637434698356,0.0,100.0,0.1629633285811971,0.16925681383091906,0.006293485249721953,0.0,100.0,12,2.4378324477542863,1.2617517253683683
Dueling DQN,303,20,5.802384368233355,12,1,0.8861117661902395,0.8689967304827115,0.017115035707527926,1.9314759560312051,78.8654913840388,100.0,21.134508615961195,90.19188591963776,0.0,100.0,0.1162644682651304,0.12735525664431754,0.011090788379187144,0.0,100.0,12,2.5724006797850194,1.1789637872761944
Dueling DQN,303,21,5.562114758338636,12,1,0.8125664679134358,0.8566211817297592,-0.04405471381632342,-5.421675094401834,86.02350010635627,78.71144064483678,-7.312059461519482,85.0457348126147,0.0,100.0,0.16525720947449118,0.12003812170950308,-0.045219087764988106,0.0,100.0,12,2.6463083908107694,1.2468658805269683
Dueling DQN,303,22,4.459822754312225,12,1,0.7980384196650073,0.8507032693776893,-0.05266484971268193,-6.599287504828283,79.07251393722534,90.2753404319117,11.202826494686363,72.18439832331377,0.0,100.0,0.1727237527685513,0.15067118155611267,-0.022052571212438615,0.0,66.66666666666666,12,2.491587538674208,1.3063230324329367
Dueling DQN,303,23,5.399993570907782,12,1,0.8587488264080825,0.8600741260709655,-0.0013252996628829727,-0.1543291381749362,100.0,74.15099049719761,-25.84900950280239,85.67619383467594,0.0,100.0,0.11508000856076611,0.15506389644945764,0.03998388788869153,0.0,100.0,12,2.5733739619708635,1.2081872731450927
Dueling DQN,303,24,5.243909897688595,12,1,0.7738496815027593,0.879347872832797,-0.10549819133003768,-13.632904923494692,77.99631487759262,51.422540344527945,-26.57377453306468,81.90708295342039,0.0,100.0,0.22151565612762641,0.1550166009172732,-0.06649905521035321,0.0,91.66666666666666,12,2.507036380887224,1.313672929492184
Dueling DQN,303,25,5.4213738824706885,12,1,0.8679398766080875,0.9105948375051168,-0.04265496089702936,-4.914506413016201,80.55082388372507,75.60339793573519,-4.947425947989885,83.31535338845963,0.0,100.0,0.12842786929160138,0.12211515255020805,-0.006312716741393332,0.0,100.0,12,2.531539115267306,1.2463986176649675
Dueling DQN,303,26,5.433154510864437,12,1,0.8573340845195322,0.8017681223771888,0.05556596214234344,6.481249625516027,91.24329217522978,96.62021115522649,5.376918979996702,84.88915825805714,0.0,100.0,0.16129489066542974,0.17625386567899462,0.014958975013564885,0.0,100.0,12,2.570759543274705,1.2802815449411633
Dueling DQN,303,27,4.745358239330974,12,1,0.8183181395019735,0.812751087252251,0.005567052249722537,0.6803041483487867,56.90188579296493,45.287501904610345,-11.614383888354588,73.71295413165417,0.0,100.0,0.18780364781873574,0.14813394765088475,-0.039669700167850985,0.0,75.0,12,2.5531741190731285,1.223897770623542
Dueling DQN,303,28,5.426974613990604,12,1,0.8085680762992904,0.8100431511073409,-0.001475074808050536,-0.18243050292088692,88.6049012898792,62.08412617244156,-26.520775117437637,85.87722591438167,0.0,100.0,0.16069252405763543,0.1640018911294151,0.003309367071779673,0.0,100.0,12,2.519810008210017,1.2395409869132086
Dueling DQN,303,29,5.146803691065836,12,1,0.8380778928972263,0.8544821377371943,-0.01640424483996794,-1.9573651779858603,100.0,60.26599423756274,-39.73400576243726,81.00108090561557,0.0,100.0,0.13623720349328902,0.16487998605203122,0.028642782558742197,0.0,100.0,12,2.427132329937574,1.2425954288832928
Dueling DQN,303,30,4.8782176415605445,12,1,0.8232105423833135,0.8519795513109951,-0.02876900892768164,-3.4947328109272267,100.0,67.95024655844225,-32.049753441557755,79.4513520036994,0.0,100.0,0.1660446268618024,0.16555330527835585,-0.0004913215834465579,0.0,91.66666666666666,12,2.359868615748629,1.2670253016910935
Dueling DQN,303,31,4.7876389856772175,12,1,0.8172036577170871,0.87279285218992,-0.05558919447283284,-6.802367310509226,88.80728480317063,97.52737122341595,8.720086420245323,77.2163418716974,0.0,100.0,0.19995097582551746,0.13505981577778567,-0.0648911600477318,0.0,83.33333333333334,12,2.4842243358844067,1.2419853790212372
Dueling DQN,303,32,5.175508842985168,12,1,0.7916154214828653,0.9096274569793458,-0.11801203549648043,-14.907748420996978,80.34710981224083,59.79325599993184,-20.553853812308994,80.17497805685625,0.0,100.0,0.2045827976433782,0.15425434454305084,-0.05032845310032735,0.0,91.66666666666666,12,2.476904618730809,1.3209758351774874
Dueling DQN,303,33,5.2912841527672825,12,1,0.8449065316075876,0.7611559433432488,0.08375058826433879,9.912408666670872,100.0,61.74766217641654,-38.25233782358346,83.96531737904122,0.0,100.0,0.1622669173482444,0.22639143068011036,0.06412451333186597,0.0,91.66666666666666,12,2.413317195287675,1.2887885715118153
Dueling DQN,303,34,5.6213401678871415,12,1,0.8684738388116926,0.8068286764589525,0.06164516235274009,7.098102395011388,86.2511464894872,100.0,13.748853510512802,88.63662897312872,0.0,100.0,0.14889434438409732,0.16998381966987022,0.021089475285772902,0.0,100.0,12,2.419688487919336,1.2217052469428644
Dueling DQN,303,35,5.538721520520445,12,1,0.8799474339679815,0.8237947347705845,0.05615269919739696,6.381369730710548,79.40589037652279,77.14606035852208,-2.259830018000713,87.28388967836615,0.0,100.0,0.13894132950133592,0.16943155562588152,0.030490226124545605,0.0,100.0,12,2.5337906314505547,1.2362146763161326
Dueling DQN,303,36,5.60901168199166,12,1,0.8041577703918741,0.8989886051248872,-0.09483083473301313,-11.79256586512882,100.0,95.43918765681953,-4.560812343180473,88.47364233377306,0.0,100.0,0.1719547449981877,0.08419832062128302,-0.08775642437690467,0.0,100.0,12,2.5086944034206202,1.2945830266859457
Dueling DQN,303,37,5.4130145112741355,12,1,0.8060775673714566,0.9237449861185929,-0.11766741874713627,-14.597530499557093,87.12493125952199,79.45739292950793,-7.667538330014054,85.15631585512737,0.0,100.0,0.1699628688671872,0.14483894024507174,-0.02512392862211546,0.0,100.0,12,2.525173584914701,1.3471183015432295
Dueling DQN,303,38,5.595435852626762,12,1,0.8414790732927757,0.9146097890956921,-0.07313071580291641,-8.690734936134538,83.78119686603246,70.92973247322234,-12.851464392810115,84.70448173896197,0.0,100.0,0.1585836809358233,0.12122779194608377,-0.037355888989739544,0.0,91.66666666666666,12,2.4452707596970753,1.2991118932527805
Dueling DQN,303,39,5.50770615669142,12,1,0.7978044380674473,0.7711169112870355,0.026687526780411752,3.3451213739870873,83.57977068096879,88.32472154861652,4.744950867647731,83.59453648088146,0.0,100.0,0.16539676079197851,0.20168973220196093,0.036292971409982416,0.0,91.66666666666666,12,2.4724230787604546,1.259271756933198
Dueling DQN,303,40,5.383064470410643,12,1,0.847020103012245,0.9105444387313584,-0.06352433571911342,-7.4997435708081515,100.0,52.57606238579508,-47.42393761420492,86.38371773303702,0.0,100.0,0.15506931381123704,0.11362021673512793,-0.04144909707610911,0.0,91.66666666666666,12,2.50572002044116,1.2900646165178324
Dueling DQN,303,41,5.604552713472971,12,1,0.8750323422348825,0.844033204153915,0.030999138080967437,3.5426276932568994,89.1621745891408,80.44703053544502,-8.71514405369578,80.94223347692765,0.0,100.0,0.11383162418602139,0.14395530255090047,0.030123678364879086,0.0,91.66666666666666,12,2.4509032711704983,1.201156433111339
Dueling DQN,303,42,5.604604186869859,12,1,0.8574374820141866,0.8045052551132281,0.052932226900958446,6.1733045278842456,84.82079316806268,92.78450818017754,7.963715012114861,84.42342391809997,0.0,100.0,0.13104103634528907,0.14309731939971415,0.012056283054425077,0.0,100.0,12,2.538375329226803,1.2597990796997856
Dueling DQN,303,43,5.1311191196659465,12,1,0.8300855634922868,0.8190983054493646,0.010987258042922221,1.3236295782205005,94.04667977122688,77.8960618444011,-16.150617926825774,80.10535942571822,0.0,100.0,0.16869339320499963,0.16852024998313517,-0.00017314322186445796,0.0,91.66666666666666,12,2.6129888082240633,1.3222780098590954
Dueling DQN,303,44,5.295499968684485,12,1,0.8873488315819908,0.8611917033227939,0.026157128259196916,2.9477841552530406,91.59283932930461,67.52800998507198,-24.064829344232635,80.31905080119748,0.0,100.0,0.12416190683263822,0.100585846610841,-0.02357606022179723,0.0,91.66666666666666,12,2.5846585268353373,1.266249977726742
Dueling DQN,303,45,5.359095662824617,12,1,0.8504075158564992,0.8637181181687044,-0.013310602312205155,-1.56520280736221,96.77052552309782,97.08804820235983,0.3175226792620123,82.71174234179286,0.0,100.0,0.12346714143014924,0.14603909943024476,0.022571958000095524,0.0,100.0,12,2.4075160072416613,1.2725659316194684
Dueling DQN,303,46,4.963760996169765,12,1,0.780497881679584,0.8546584824389493,-0.07416060075936526,-9.501704296720979,65.53406549053722,64.64046705427549,-0.8935984362617262,75.09638167438483,0.0,100.0,0.16699544667740035,0.14793009674971327,-0.019065349927687075,0.0,91.66666666666666,12,2.448980343982806,1.268768209396324
Dueling DQN,303,47,5.571041228098816,12,1,0.8996880517240683,0.8696150652031852,0.030072986520883083,3.3426015231895487,76.99909217127623,85.19645560398793,8.197363432711697,87.55527690849725,0.0,100.0,0.11556392247075781,0.17234522698377577,0.056781304513017966,0.0,100.0,12,2.5171524359856305,1.149642754834003
Dueling DQN,303,48,5.419513793676352,12,1,0.8042221855492702,0.7979369026880002,0.006285282861269947,0.7815356221461617,74.55890270926857,90.69191350389521,16.133010794626642,84.30616701661346,0.0,100.0,0.17893090696068914,0.18772824806219096,0.008797341101501821,0.0,100.0,12,2.4777058451895084,1.3420726117879076
Dueling DQN,303,49,5.337594129510487,12,1,0.8096061014226551,0.8841097081313801,-0.07450360670872502,-9.202451238670989,72.27556122968589,88.28919269164791,16.01363146196202,81.93712698163408,0.0,100.0,0.15416858814678036,0.14464345396690248,-0.009525134179877881,0.0,100.0,12,2.505165898169221,1.2737406611335262
Dueling DQN,303,50,5.259539219023831,12,1,0.833227642295513,0.8108511761346258,0.022376466160887287,2.68551654134288,100.0,63.24943797584424,-36.75056202415576,82.55124644042732,0.0,100.0,0.17341358466303583,0.16669195506876655,-0.006721629594269279,0.0,91.66666666666666,12,2.4771765281979223,1.3102105658074137
Dueling DQN,303,51,5.253309441899459,12,1,0.8070955659759311,0.8262973345673696,-0.019201768591438517,-2.3791195740519213,76.83663952598701,60.585996348365015,-16.250643177621996,78.25324209371566,0.0,100.0,0.17923688530645263,0.16020261958732285,-0.019034265719129778,0.0,100.0,12,2.428798093852076,1.3185004302132084
Dueling DQN,303,52,5.556444738082802,12,1,0.8244509684119865,0.8584648546415796,-0.034013886229593115,-4.125640885001185,96.49226905436433,70.57825754138037,-25.91401151298396,87.05613115401889,0.0,100.0,0.14758464800855886,0.11111671482615787,-0.03646793318240099,0.0,100.0,12,2.4610006781278826,1.2305496975007193
Dueling DQN,303,53,5.4662158476944915,12,1,0.8436397853401942,0.8637788157137665,-0.02013903037357223,-2.3871598665123708,84.4323959654992,75.79067486535881,-8.641721100140387,87.26045765611819,0.0,100.0,0.16431778451384915,0.14398026173927175,-0.0203375227745774,0.0,100.0,12,2.4297219450718375,1.2780235000636035
Dueling DQN,303,54,5.561120571172068,12,1,0.8594525640625099,0.8445667957486205,0.014885768313889436,1.7320058065248567,87.5098729855286,89.9659708921476,2.456097906618993,86.98916804407457,0.0,100.0,0.1508802066288517,0.11655259006283902,-0.034327616566012686,0.0,100.0,12,2.6148528829879427,1.1999927025594679
Dueling DQN,303,55,5.097453523112687,12,1,0.8282681821039217,0.8346502401252393,-0.006382058021317527,-0.7705303860769069,58.39837621727077,47.98881457786591,-10.409561639404863,77.54631644425399,0.0,100.0,0.18952249885395264,0.14610611415203412,-0.043416384701918526,0.0,75.0,12,2.412803702961348,1.2107466246638112
Dueling DQN,303,56,4.532159424776459,12,1,0.892534803115209,0.841349078766428,0.0511857243487811,5.734871533314764,92.31390884273708,73.24772513977665,-19.06618370296043,70.20883670737469,0.0,100.0,0.15017757137742827,0.17834683581700306,0.028169264439574793,0.0,75.0,12,2.5957429962585765,1.2528464015250997
Dueling DQN,303,57,5.21076208556609,12,1,0.7928440667925633,0.8752376449401007,-0.08239357814753745,-10.392154220294444,90.21944267614359,20.395493946746125,-69.82394872939746,79.63197340781666,0.0,100.0,0.15508114475652762,0.1110972019811377,-0.04398394277538992,0.0,91.66666666666666,12,2.437166943175307,1.240520612576432
Dueling DQN,303,58,5.3371628009142,12,1,0.859123677026879,0.8682569520572979,-0.009133275030418941,-1.0630919941615338,100.0,85.78580557820635,-14.21419442179365,85.39475911386633,0.0,100.0,0.1509759654797901,0.13399915089469508,-0.016976814585095007,0.0,91.66666666666666,12,2.451724669806619,1.2869298787121766
Dueling DQN,303,59,5.388072978505267,12,1,0.8110118090793812,0.8402958817587303,-0.02928407267934907,-3.6108071857290023,76.39455835822427,100.0,23.605441641775727,84.8628912340242,0.0,100.0,0.18111004652196605,0.17225739286196318,-0.008852653660002874,0.0,100.0,12,2.357685654365568,1.260251483031596
Dueling DQN,303,60,5.284250399091899,12,1,0.8035148762016716,0.8682611771557085,-0.06474630095403688,-8.057884536015287,94.78367468961387,59.477303205763775,-35.3063714838501,81.54144910151648,0.0,100.0,0.19210578608939163,0.13430990813695237,-0.05779587795243926,0.0,91.66666666666666,12,2.5832438675675915,1.3277070180233188
Dueling DQN,303,61,5.485298709494572,12,1,0.8843178914420002,0.8833765261141451,0.0009413653278551593,0.10645101009096802,88.87550269555399,89.7728593871197,0.8973566915657045,82.98081158790563,0.0,100.0,0.16056222095726036,0.12203545387492534,-0.03852676708233502,0.0,100.0,12,2.5570268967061063,1.303062293092133
Dueling DQN,303,62,5.169502971659035,12,1,0.8185398437282305,0.863279241970307,-0.04473939824207651,-5.465756931061596,100.0,69.53603332155326,-30.463966678446738,81.29387965077044,0.0,100.0,0.14807304991022768,0.1141773958598111,-0.033895654050416585,0.0,91.66666666666666,12,2.5075579532133396,1.276958263229718
Dueling DQN,303,63,5.173005768947572,12,1,0.8610603970739955,0.8223720848153002,0.03868831225869529,4.493100877727466,86.27646337258388,98.14353581217024,11.867072439586366,82.19749218696303,0.0,100.0,0.13761880846817273,0.1701868468322629,0.03256803836409017,0.0,100.0,12,2.478415067853996,1.2876566275921457
Dueling DQN,303,64,5.57645729702325,12,1,0.883811449313739,0.8251824211117086,0.05862902820203042,6.6336579196337215,92.36871652865662,72.94906352823247,-19.419653000424148,86.41498972313828,0.0,100.0,0.11660871193051027,0.1776597433216643,0.06105103139115402,0.0,100.0,12,2.538455643134276,1.2547262239383445
Dueling DQN,303,65,5.712020437380115,12,1,0.8442868009934983,0.8840761220537521,-0.03978932106025379,-4.7127730782279755,100.0,91.04653550018972,-8.95346449981028,90.42278141572727,0.0,100.0,0.14096536246492275,0.1421102827753318,0.0011449203104090533,0.0,100.0,12,2.5886494629239714,1.2133963482889059
Dueling DQN,303,66,5.40814487301207,12,1,0.8701677110928594,0.8216559497714995,0.048511761321359925,5.574989821264814,92.80897019724492,68.85522613404021,-23.95374406320471,84.20401921024417,0.0,100.0,0.15612413583543064,0.16289135759517231,0.006767221759741676,0.0,100.0,12,2.565106555732617,1.2901790665073147
Dueling DQN,303,67,5.146575527848883,12,1,0.8220645644539004,0.847322227316317,-0.025257662862416597,-3.0724670487646337,83.46434222426205,48.61257737706837,-34.851764847193685,81.14079078406016,0.0,100.0,0.17891790825371506,0.1527068439776014,-0.026211064276113666,0.0,91.66666666666666,12,2.4571327315431417,1.308494523450311
Dueling DQN,303,68,5.118928305657104,12,1,0.870662989694058,0.8663217925543076,0.004341197139750341,0.49860820904719905,98.24913220988125,97.96758087267081,-0.2815513372104448,78.19184255343136,0.0,100.0,0.16887108912778218,0.13392446871291855,-0.03494662041486363,0.0,91.66666666666666,12,2.506581091385074,1.2692476474112935
Dueling DQN,303,69,5.2823441888921385,12,1,0.852097060797346,0.8577367221043651,-0.005639661307019095,-0.6618566788320812,88.70319432718587,100.0,11.29680567281413,81.19998996621008,0.0,100.0,0.15113936824079696,0.1329641884025924,-0.018175179838204575,0.0,91.66666666666666,12,2.4527387592890215,1.2780850593153472
Dueling DQN,303,70,5.337510327452838,12,1,0.8789250476161868,0.8094987361758763,0.06942631144031053,7.899002494991807,88.75606506703578,83.59545458764597,-5.160610479389803,82.01697859317784,0.0,100.0,0.14593586082371537,0.20090668450626176,0.05497082368254638,0.0,100.0,12,2.4771934296272122,1.1968198593561221
Dueling DQN,303,71,5.346314493734439,12,1,0.8371225242995843,0.9206585560386362,-0.08353603173905189,-9.978949235531084,76.9284824567083,100.0,23.071517543291705,84.7562130818561,0.0,100.0,0.17784810298558554,0.10528824612453379,-0.07255985686105175,0.0,100.0,12,2.5088526835924263,1.2945006318315313
Dueling DQN,303,72,5.22861378529637,12,1,0.8252062752136664,0.9197231108605297,-0.0945168356468633,-11.45372235837525,94.42856727700081,92.28306684950284,-2.1455004274979643,83.72334191590065,0.0,100.0,0.1661540923833042,0.12937839230075585,-0.03677570008254835,0.0,91.66666666666666,12,2.490923185810737,1.3218197704845631
Dueling DQN,303,73,5.4490534650976326,12,1,0.8419277604800346,0.8329722224933036,0.008955537986730988,1.0636943461307047,88.39376027691182,94.53970311557147,6.14594283865965,86.32816367977286,0.0,100.0,0.1484167696079695,0.14434653577628698,-0.004070233831682535,0.0,100.0,12,2.5568573450522174,1.2339210386843016
Dueling DQN,303,74,5.191707592256238,12,1,0.8587005443078537,0.8420030735485667,0.01669747075928696,1.944504503924098,79.11710485404382,97.3237307260602,18.20662587201639,80.44902414548288,0.0,100.0,0.13143883276084914,0.15110907884422048,0.01967024608337134,0.0,91.66666666666666,12,2.3674927163474524,1.327941744798886
Dueling DQN,303,75,5.375120223097052,12,1,0.859360146460489,0.8535190852604713,0.005841061200017705,0.6796988694525482,83.46933227781513,100.0,16.530667722184873,86.11359168552788,0.0,100.0,0.15764995142502222,0.13866407331973066,-0.018985878105291565,0.0,100.0,12,2.605755639629399,1.2576057674628314
Dueling DQN,303,76,5.5550599300038925,12,1,0.8268855341625629,0.8448576387554942,-0.017972104592931304,-2.173469464686275,86.85684370219451,98.19703544654102,11.340191744346512,85.6857188238843,0.0,100.0,0.1453200083186491,0.14303149506783053,-0.00228851325081858,0.0,100.0,12,2.391723435508046,1.1833730693115343
Dueling DQN,303,77,5.497256919371144,12,1,0.8374356890249469,0.8060273238537115,0.031408365171235464,3.7505405588583436,70.90498374721915,98.7213440533414,27.81636030612225,85.72911167070521,0.0,100.0,0.15829659319330144,0.17617610100036743,0.017879507807065986,0.0,100.0,12,2.5228294021612903,1.248376243020607
Dueling DQN,303,78,5.401230138824168,12,1,0.8791304121738637,0.8614622709334462,0.01766814124041749,2.0097292728991953,91.5325583717968,67.79229345808234,-23.740264913714455,83.94261345053953,0.0,100.0,0.1334013538156117,0.11990601036589865,-0.013495343449713038,0.0,100.0,12,2.495646135144605,1.2739937385672184
Dueling DQN,303,79,5.048722610245333,12,1,0.9035638966581363,0.843241267969735,0.060322628688401325,6.676077797210218,97.32770093291428,86.00537277791712,-11.322328154997166,76.10929603968171,0.0,100.0,0.13161862518089137,0.185674860653227,0.05405623547233562,0.0,83.33333333333334,12,2.542176430658937,1.2102780791468937
Dueling DQN,303,80,5.384064393816367,12,1,0.8757991788616633,0.8182163521803514,0.05758282668131187,6.5748893206495405,84.06431341184695,72.01731898343681,-12.046994428410144,83.34121876002125,0.0,100.0,0.13740892593533768,0.13846445840867258,0.001055532473334897,0.0,91.66666666666666,12,2.538042646350971,1.1887609097100653
Dueling DQN,303,81,5.380038257909448,12,1,0.865379536624577,0.889672177157955,-0.024292640533377985,-2.807166047412181,79.94480268318526,91.62895070036487,11.68414801717961,82.75288295397081,0.0,100.0,0.11060404809851641,0.13294368522795033,0.022339637129433917,0.0,100.0,12,2.4231703616148557,1.2869027758664389
Dueling DQN,303,82,5.158647681005643,12,1,0.8331321485761485,0.8019426822438799,0.0311894663322686,3.743639755778537,83.39647119490984,87.59266208290776,4.196190887997929,79.5345606394579,0.0,100.0,0.13780285390865588,0.19323869240441688,0.055435838495761,0.0,91.66666666666666,12,2.4691404963399193,1.271647433568582
Dueling DQN,303,83,5.632362222169085,12,1,0.8334581616760657,0.8708376373327393,-0.037379475656673655,-4.484865272841574,86.00507934866893,87.49080051261573,1.4857211639468062,84.06063372299776,0.0,100.0,0.1439997997816105,0.14505099950942318,0.001051199727812674,0.0,100.0,12,2.4225800994210016,1.2501354998177812
Dueling DQN,303,84,5.162080526208733,12,1,0.8302213796359277,0.8570176605379262,-0.02679628090199848,-3.2276067033770324,93.9898736758254,70.15620758553615,-23.833666090289242,81.1582945921901,0.0,100.0,0.1777211064244526,0.15801616975865662,-0.01970493666579598,0.0,91.66666666666666,12,2.5756186340634524,1.2873734823039416
Dueling DQN,303,85,5.370647745103657,12,1,0.8663253680385136,0.9059898189791603,-0.039664450940646745,-4.578470445861792,92.53804447377445,48.80827763899834,-43.72976683477611,80.11133404278753,0.0,100.0,0.14864096454263212,0.1161801100070358,-0.032460854535596315,0.0,83.33333333333334,12,2.6136565496644035,1.3163474514859448
Dueling DQN,303,86,5.500472524118845,12,1,0.8539960479381709,0.8463536688753983,0.007642379062772542,0.8948963032350997,74.2006945204157,75.60464660804035,1.4039520876246598,83.00916014765788,0.0,100.0,0.1285344469852664,0.12703269945214885,-0.0015017475331175478,0.0,100.0,12,2.4358224591017827,1.1792035064008444
Dueling DQN,303,87,5.302702040796706,12,1,0.8190246864269504,0.8583234748435089,-0.03929878841655854,-4.798242234675748,92.11914801742768,100.0,7.880851982572324,86.97193856924916,0.0,100.0,0.17687255301231988,0.11963467452272934,-0.05723787848959054,0.0,100.0,12,2.511028762401126,1.342617994304302
Dueling DQN,303,88,5.456951187672919,12,1,0.8226686400862635,0.8592099961491696,-0.036541356062906094,-4.441807342877983,86.71498630536905,74.85786568059346,-11.85712062477559,84.09272000177563,0.0,100.0,0.15535964624225695,0.1654526617559595,0.010093015513702536,0.0,100.0,12,2.5555387216257883,1.2198559794301074
Dueling DQN,303,89,5.520157921609455,12,1,0.8437303301966821,0.8574311674222492,-0.013700837225567142,-1.6238407859977415,70.31516069992254,96.35760479850799,26.04244409858545,84.1643183922932,0.0,100.0,0.12453174665528365,0.17867956856212625,0.0541478219068426,0.0,100.0,12,2.4510987112012126,1.205427011852939
Dueling DQN,303,90,5.68642096434398,12,1,0.8542450333779458,0.9017885181209971,-0.04754348474305137,-5.5655558868220645,80.95073950728823,100.0,19.049260492711767,87.2112472380087,0.0,100.0,0.12510396581354702,0.1274598663517087,0.002355900538161676,0.0,100.0,12,2.4770330254097916,1.2484147386892794
Dueling DQN,303,91,5.436069035441781,12,1,0.873915514712414,0.8699206046495489,0.00399491006286512,0.4571277195118518,67.09049423316506,100.0,32.90950576683494,82.61789140259638,0.0,100.0,0.16137965254476547,0.11792251129031801,-0.043457141254447454,0.0,100.0,12,2.512851853510488,1.2766343361616095
Dueling DQN,303,92,5.196528096516891,12,1,0.8490913942946916,0.8115763207028346,0.03751507359185702,4.418260960355084,80.98996342010159,56.19166291975114,-24.79830050035045,81.61282550959648,0.0,100.0,0.1383703148361405,0.17046831577444252,0.03209800093830201,0.0,91.66666666666666,12,2.452717455321564,1.282435982935933
Dueling DQN,303,93,5.5992692447346295,12,1,0.8614158636856899,0.8610172249009382,0.00039863878475165926,0.046277158519698804,94.91090182498237,94.74341055081145,-0.1674912741709278,85.05252015125366,0.0,100.0,0.15056465567133817,0.14515819365111096,-0.0054064620202272096,0.0,100.0,12,2.5340349885241467,1.2528250221729322
Dueling DQN,303,94,5.4290072678935015,12,1,0.8229840610392303,0.8275041642833154,-0.0045201032440851385,-0.549233388357162,82.21098526476567,75.39801577291357,-6.812969491852101,88.82318712898,0.0,100.0,0.17201301107106404,0.14174427018436997,-0.030268740886694068,0.0,100.0,12,2.55248728244239,1.2980511286492304
Dueling DQN,303,95,5.271657091038731,12,1,0.8802409578451718,0.8026104962114304,0.07763046163374132,8.819228523946505,89.10386257830187,86.4200042309807,-2.683858347321177,82.282570443366,0.0,100.0,0.13644460575443834,0.18615616431497042,0.04971155856053208,0.0,91.66666666666666,12,2.4720718066033163,1.3395658198971638
Dueling DQN,303,96,5.321965717254131,12,1,0.7913191590681159,0.8504558754298367,-0.0591367163617208,-7.473181419158635,73.71216768775257,90.04952119020861,16.33735350245604,84.08058206284947,0.0,100.0,0.16860639051321794,0.1715136997747309,0.0029073092615129748,0.0,100.0,12,2.462027698938162,1.2993420001187497
Dueling DQN,303,97,5.506134210975922,12,1,0.9069228195851144,0.8646765399524426,0.0422462796326718,4.6582000938071,74.45898239979049,100.0,25.541017600209514,78.92973412814173,0.0,100.0,0.06357566504570236,0.1489838105064445,0.08540814546074213,0.0,91.66666666666666,12,2.4998844194153547,1.159066809854375
Dueling DQN,303,98,5.39730726193876,12,1,0.87196251059887,0.8547171193325168,0.01724539126635316,1.977767513709839,81.08453901126725,73.1147586865996,-7.969780324667653,84.78324928859713,0.0,100.0,0.11212725857976144,0.10357898300207138,-0.008548275577690057,0.0,100.0,12,2.53679011987223,1.248044640059766
Dueling DQN,303,99,5.057792600865956,12,1,0.9146799699889183,0.863325620547567,0.05135434944135131,5.614460918169389,98.46034253886084,67.79511398243172,-30.665228556429128,79.8014983359267,0.0,100.0,0.11695624721608154,0.1712298092384841,0.05427356202240256,0.0,100.0,12,2.5374819065630083,1.3567407212673477
Dueling DQN,303,100,5.046567118296563,12,1,0.8754905264412427,0.8277186807057129,0.04777184573552984,5.456580544590961,100.0,100.0,0.0,81.42690786365274,0.0,100.0,0.15224186969683226,0.1579830485160269,0.005741178819194642,0.0,91.66666666666666,12,2.4128562198484107,1.2941051298707118
Dueling DQN,303,101,5.120176901544228,12,1,0.8826330214769484,0.8499277311363318,0.032705290340616644,3.7054233803636136,98.60049679641148,66.86165044938697,-31.738846347024506,80.4470050680632,0.0,100.0,0.13035957548621713,0.14002344631583596,0.009663870829618837,0.0,91.66666666666666,12,2.4947314510171146,1.2916843215462126
Dueling DQN,303,102,5.060179154522624,12,1,0.9401879134173802,0.840181036380991,0.10000687703638922,10.636903071098395,84.96235925718916,55.06680850639045,-29.895550750798712,78.2186042622093,0.0,100.0,0.09937006903045395,0.15214722635649283,0.05277715732603888,0.0,91.66666666666666,12,2.5867331851086726,1.2058895604691544
Dueling DQN,303,103,4.917966172400277,12,1,0.8744496008039949,0.8052770374019623,0.0691725634020326,7.910411685068332,77.78734223804005,97.36084366333954,19.573501425299483,74.33989612445389,0.0,100.0,0.17004787711579425,0.17872441067550732,0.008676533559713068,0.0,83.33333333333334,12,2.5444961487882134,1.243915792342533
Dueling DQN,303,104,5.6201375412162875,12,1,0.7898863907371836,0.7967751454072883,-0.006888754670104746,-0.8721196808664627,89.83724804235929,100.0,10.162751957640708,89.76850533534447,0.0,100.0,0.17714927465206387,0.1643749768066035,-0.012774297845460358,0.0,100.0,12,2.5083107277513808,1.327196535144856
Dueling DQN,303,105,5.253628692025872,12,1,0.8368276686978142,0.821165429586836,0.015662239110978193,1.8716206092169694,100.0,100.0,0.0,83.54892129330888,0.0,100.0,0.16992968175793494,0.1736152006001809,0.003685518842245966,0.0,91.66666666666666,12,2.5787219509022927,1.3349846950568545
Dueling DQN,303,106,5.450960154228333,12,1,0.7855808041994147,0.8910886228844161,-0.10550781868500148,-13.430549489116462,96.63937586296824,93.30434086405947,-3.3350349989087675,87.17670675031233,0.0,100.0,0.1907267893351481,0.15364228490717735,-0.03708450442797076,0.0,100.0,12,2.4319276395517133,1.346266656084243
Dueling DQN,303,107,4.5098631574054835,12,1,0.8093467351352622,0.8620152182225056,-0.05266848308724337,-6.507530184629847,89.58601647279144,34.41242818302804,-55.1735882897634,69.8484232330386,0.0,100.0,0.1958859028317604,0.1418512828055742,-0.0540346200261862,0.0,66.66666666666666,12,2.496068042142964,1.2651667915917155
Dueling DQN,303,108,5.543605295837304,12,1,0.8554579689950053,0.8073068313314133,0.048151137663591914,5.628697073236692,84.2394060804454,100.0,15.760593919554594,89.8108208613401,0.0,100.0,0.16617577435826994,0.17518006049554496,0.009004286137275025,0.0,100.0,12,2.679571550564699,1.2705424620875534
Dueling DQN,303,109,5.018677388870401,12,1,0.8008799193687361,0.8594817307329181,-0.058601811364181966,-7.317178261926291,93.76420592721007,64.55928750590965,-29.20491842130042,81.38229640755459,0.0,100.0,0.20237252172658765,0.1563748916498883,-0.04599763007669935,0.0,91.66666666666666,12,2.636048414127884,1.3201936877556015
Dueling DQN,303,110,5.292976944096281,12,1,0.8481258936805152,0.9198767653594067,-0.07175087167889149,-8.459931740501688,94.44802586463035,84.55281694544561,-9.89520891918474,84.49084375882866,0.0,100.0,0.15777689533596978,0.10619795994829657,-0.051578935387673205,0.0,100.0,12,2.534822146670075,1.2628753136694304
Dueling DQN,303,111,5.121623759192928,12,1,0.8672574250127392,0.9087478081852047,-0.04149038317246556,-4.784090856513117,85.77870440150416,81.25533623454899,-4.523368166955166,79.07023993202003,0.0,100.0,0.08793087404140074,0.11416136137853927,0.026230487337138536,0.0,91.66666666666666,12,2.406379589218102,1.2479596305086622
Dueling DQN,303,112,5.5046524754166954,12,1,0.8420681619038092,0.808873493612549,0.033194668291260165,3.9420405369811435,89.27139775604097,100.0,10.728602243959031,86.4232899631675,0.0,100.0,0.15394479668218564,0.19191566020062156,0.03797086351843593,0.0,100.0,12,2.5389578430767155,1.241074832694863
Dueling DQN,303,113,5.603195470833449,12,1,0.9049331638868979,0.7903397144863784,0.11459344940051952,12.66319480527314,89.64304656418688,98.86218840020788,9.21914183602101,88.64139644960834,0.0,100.0,0.145999654649903,0.17692143678283948,0.030921782132936476,0.0,91.66666666666666,12,2.663272307475883,1.2370168872318716
Dueling DQN,303,114,5.532660089989765,12,1,0.830889346281751,0.8874175176513297,-0.05652817136957866,-6.803333274465912,96.12237847706436,100.0,3.877621522935641,87.7009927705375,0.0,100.0,0.1706868024863958,0.1380709293220247,-0.03261587316437112,0.0,100.0,12,2.5749844803223625,1.356868018310763
Dueling DQN,303,115,5.058801639497495,12,1,0.7489354838728615,0.8187572770703418,-0.06982179319748039,-9.322804794402458,85.186816647435,56.51756668043827,-28.669249966996723,76.58678802185571,0.0,100.0,0.16846012056171222,0.18724419563423197,0.01878407507251975,0.0,83.33333333333334,12,2.4626039767275913,1.3071678870045398
Dueling DQN,303,116,3.9838667097136424,12,0,0.8851563732066481,0.8901695407263199,-0.005013167519671846,-0.5663595350401973,89.79113531528424,0.11432373586190703,-89.67681157942233,57.89493961720013,0.0,100.0,0.15074113551260515,0.12576152528686232,-0.024979610225742827,0.0,58.333333333333336,12,2.388452751272911,1.295712038820673
Dueling DQN,303,117,5.633317413024861,12,1,0.8335121065816014,0.9016339997628258,-0.06812189318122441,-8.172873872295128,85.06699966534812,86.61261926146322,1.5456195961151025,85.17613565725117,0.0,100.0,0.1403650206370705,0.13595809018219107,-0.004406930454879415,0.0,100.0,12,2.486453368314526,1.2421474100487844
Dueling DQN,303,118,5.621299291926144,12,1,0.9168446322829682,0.8815648629346994,0.03527976934826882,3.8479550521467556,71.89461254048925,97.23549894795234,25.34088640746309,85.94800664318122,0.0,100.0,0.09082241492499003,0.10894991604168275,0.018127501116692715,0.0,100.0,12,2.4885444686277904,1.1563538622671574
Dueling DQN,303,119,5.6633367693915515,12,1,0.8969552661493863,0.8406286248190306,0.0563266413303557,6.279760368893871,100.0,100.0,0.0,91.13107068344705,0.0,100.0,0.12175081051203793,0.13267382191022437,0.010923011398186439,0.0,100.0,12,2.6293218298803263,1.2788212759505628
Dueling DQN,303,120,5.6223902924662745,12,1,0.9041336533387284,0.8269561411473525,0.07717751219137592,8.53607338985554,67.7384759511112,100.0,32.2615240488888,87.03912073341354,0.0,100.0,0.14367002248346392,0.17441174956036082,0.030741727076896902,0.0,100.0,12,2.488596099965962,1.2226669533680623
Dueling DQN,303,121,5.2953436585878215,12,1,0.8220942392132077,0.7989561471065577,0.023138092106649966,2.8145303789982123,86.624190879895,83.0149664210766,-3.609224458818403,84.66192042809125,0.0,100.0,0.1729761535235494,0.17463760148216473,0.0016614479586153363,0.0,100.0,12,2.5462404295456067,1.3263828585005115
Dueling DQN,303,122,5.292848763679201,12,1,0.8727967464984656,0.9013389695518151,-0.028542223053349525,-3.2702027325212657,77.39771172563657,62.957426073232924,-14.440285652403645,82.03863854656994,0.0,100.0,0.1385835093362008,0.1232344956475426,-0.015349013688658208,0.0,100.0,12,2.4866802990562697,1.3009636388890082
Dueling DQN,303,123,5.5503964881073395,12,1,0.8955141958199914,0.8968108447120043,-0.0012966488920129748,-0.14479378418179942,91.18180443196778,100.0,8.818195568032223,81.89189635242188,0.0,100.0,0.10284742347773074,0.12272822603326326,0.019880802555532526,0.0,91.66666666666666,12,2.563514088411828,1.2133314170148135
Dueling DQN,303,124,5.3043605203114925,12,1,0.8577036133454008,0.8847392216617834,-0.02703560831638263,-3.152092155812719,72.45989903067525,78.06413761200675,5.604238581331501,82.86441883090801,0.0,100.0,0.10979949225228694,0.12878398404708555,0.018984491794798608,0.0,100.0,12,2.456782774523954,1.1924347330538612
Dueling DQN,303,125,5.447351533211527,12,1,0.8284288801570042,0.8033804749836042,0.025048405173400012,3.0236035673518318,98.08537684849784,96.13750433562103,-1.9478725128768133,88.30656605082834,0.0,100.0,0.17428962273243853,0.1675381132608315,-0.00675150947160702,0.0,100.0,12,2.504108317593468,1.258047603415391
Dueling DQN,303,126,5.6429025185401835,12,1,0.8373428033412169,0.8378538307730015,-0.0005110274317845498,-0.061029655924122905,79.06952889315669,83.47965277213414,4.410123878977458,88.27889358242557,0.0,100.0,0.16086676281602305,0.13186952315004852,-0.028997239665974534,0.0,100.0,12,2.4572335423211245,1.2058512036339788
Dueling DQN,303,127,4.8893700020291995,12,1,0.8749060601371916,0.817143871268651,0.057762188868540676,6.602101814163127,86.58269788148168,66.50292019343969,-20.079777688041986,72.5507184382615,0.0,100.0,0.1815233631443962,0.20120730456503208,0.01968394142063587,0.0,91.66666666666666,12,2.5656866495732946,1.2993855164222239
Dueling DQN,303,128,5.183095452499527,12,1,0.8782767741917776,0.863773864949518,0.01450290924225961,1.6512914457524754,84.60436462122117,92.1516699097108,7.547305288489639,83.36382093820585,0.0,100.0,0.15529269773178334,0.1448512155278229,-0.010441482203960434,0.0,100.0,12,2.50875403940242,1.2810490418648341
Dueling DQN,303,129,5.041420517295592,12,1,0.8290957250413973,0.9021294098734451,-0.07303368483204786,-8.808836256923318,87.37840388613215,58.893341369975936,-28.485062516156212,77.67808771141227,0.0,100.0,0.20075600857502093,0.11889033592741116,-0.08186567264760977,0.0,83.33333333333334,12,2.4794116720489687,1.2107370862682956
Dueling DQN,303,130,5.487987521424398,12,1,0.9128040377810898,0.9188851204351318,-0.006081082654042058,-0.6661980449631221,100.0,95.96702008658143,-4.032979913418572,84.60800352631308,0.0,100.0,0.10024487589885243,0.11047061984442226,0.010225743945569826,0.0,91.66666666666666,12,2.6295766509834357,1.2568372339736729
Dueling DQN,303,131,5.248679641782496,12,1,0.8477870067776019,0.8954934395780658,-0.04770643280046394,-5.62717196879365,84.65427643092626,76.83296647098904,-7.821309959937224,80.91012752700063,0.0,100.0,0.16835097201570084,0.10286193232988032,-0.06548903968582052,0.0,91.66666666666666,12,2.5050162324497127,1.1908521470868147
Dueling DQN,303,132,5.257846047326364,12,1,0.7863703838966019,0.8481882837132207,-0.06181789981661889,-7.861168360677631,100.0,63.67913053466785,-36.32086946533215,84.40619146457242,0.0,100.0,0.1645248823555177,0.17352159021195213,0.008996707856434416,0.0,100.0,12,2.4850623187129695,1.2972296610316365
Dueling DQN,303,133,5.382070431001889,12,1,0.8764228248887866,0.8428263715546119,0.033596453334174714,3.833361293213458,100.0,99.00783411561707,-0.9921658843829277,86.99747682175432,0.0,100.0,0.16763852552397443,0.163236771820925,-0.0044017537030494325,0.0,91.66666666666666,12,2.495416039970194,1.261146179381746
Dueling DQN,303,134,5.31394681790686,12,1,0.7871082045262426,0.8737174725343309,-0.08660926800808821,-11.003476715150999,87.90789317638195,76.25264857190747,-11.655244604474476,83.56778112711753,0.0,100.0,0.18161891721241671,0.14762190832779606,-0.03399700888462065,0.0,100.0,12,2.3674785397542837,1.3470903116005617
Dueling DQN,303,135,5.635084743393064,12,1,0.8979404867532171,0.7966408119956665,0.10129967475755064,11.28133503856487,100.0,90.409828486716,-9.590171513284005,87.48883730369273,0.0,100.0,0.12004179551876776,0.17146628349329074,0.05142448797452298,0.0,91.66666666666666,12,2.5631181270259016,1.2983372481289412
Dueling DQN,303,136,5.15479328517104,12,1,0.8652248279778261,0.8767924040966083,-0.01156757611878223,-1.3369445425898807,93.64213407365315,88.46745442293731,-5.174679650715845,80.29340665641611,0.0,100.0,0.12280627740810116,0.15156048337894487,0.028754205970843716,0.0,91.66666666666666,12,2.53970884348628,1.2136280393057053
Dueling DQN,303,137,5.4603618712415685,12,1,0.8480020395501228,0.7747833309240306,0.07321870862609214,8.634260911086454,88.70446742648254,74.24005539090913,-14.464412035573403,86.90227781494963,0.0,100.0,0.13711773988660622,0.21815812526619904,0.08104038537959282,0.0,100.0,12,2.492080892953798,1.262242414017502
Dueling DQN,303,138,5.493289623323343,12,1,0.8865163666652149,0.9097338936704682,-0.023217527005253258,-2.6189620269042537,88.56196516159537,52.336350616528705,-36.22561454506666,86.93519348641131,0.0,100.0,0.15750506051878554,0.11991640904600537,-0.03758865147278018,0.0,91.66666666666666,12,2.651039037992319,1.215496025604479
Dueling DQN,303,139,4.212040704855428,12,1,0.8292002372960401,0.8008892012137109,0.02831103608232921,3.4142580777170757,81.23621576165336,95.54855750199853,14.312341740345175,61.42187334199594,0.0,100.0,0.19152652865359465,0.16214852442819422,-0.029378004225400434,0.0,66.66666666666666,12,2.6223562853010813,1.1767415239179149
Dueling DQN,303,140,5.370320196365119,12,1,0.9312487757194496,0.8041570889009458,0.1270916868185038,13.647447398823939,90.15382578167036,75.54316666438729,-14.610659117283078,83.18702675322841,0.0,100.0,0.11525442193284685,0.17539709406496712,0.06014267213212027,0.0,100.0,12,2.6152017424745497,1.2443934061980273
Dueling DQN,303,141,4.865321232332258,12,1,0.8758249893640446,0.8418723742061616,0.03395261515788306,3.876643801010609,78.56238523204286,53.54865091877916,-25.013734313263697,77.51199273530644,0.0,100.0,0.10877363529078334,0.11266349067646836,0.003889855385685023,0.0,91.66666666666666,12,2.4514872099389344,1.1714743412463067
Dueling DQN,303,142,5.380283396813934,12,1,0.7707667774163057,0.8887955460695901,-0.11802876865328438,-15.313162439217953,93.41908876776573,100.0,6.580911232234271,85.11174454359754,0.0,100.0,0.17935814473944475,0.128157971296981,-0.05120017344246375,0.0,100.0,12,2.41396785966148,1.2770509415394349
Dueling DQN,303,143,5.330224173053641,12,1,0.8975913725667766,0.8995325218018856,-0.0019411492351090187,-0.216262020161586,83.70674808480553,62.846223963416605,-20.86052412138892,81.46716527416811,0.0,100.0,0.15101135842795937,0.13207558935091188,-0.0189357690770475,0.0,100.0,12,2.593165134148717,1.3230360308308118
Dueling DQN,303,144,5.410837392271956,12,1,0.7937169249840543,0.8843156411544216,-0.0905987161703673,-11.41448711984911,85.13319612893075,79.41177882113129,-5.721417307799456,82.66788750760446,0.0,100.0,0.1637700835173782,0.1032946911382439,-0.06047539237913431,0.0,100.0,12,2.4380144529160996,1.278011104654609
Dueling DQN,303,145,5.473579417937495,12,1,0.8851540106978636,0.8856660550460816,-0.0005120443482180548,-0.05784805152883556,89.35140202045831,100.0,10.648597979541691,89.2368563556576,0.0,100.0,0.1563814991488421,0.12474066782308516,-0.03164083132575696,0.0,100.0,12,2.5518449343217875,1.223843187402806
Dueling DQN,303,146,5.512594283209007,12,1,0.8286836622276439,0.8214842999339196,0.00719936229372431,0.8687708738424007,97.93375594062744,86.75952833572872,-11.174227604898718,87.71924251050145,0.0,100.0,0.14598697176239162,0.14975249065397048,0.0037655188915788618,0.0,100.0,12,2.4812573519713945,1.2793040485763314
Dueling DQN,303,147,5.368234825958841,12,1,0.8628844978623634,0.890576725498953,-0.027692227636589517,-3.2092623873985318,100.0,97.84513062405499,-2.1548693759450117,83.62897040866149,0.0,100.0,0.14042918411545388,0.11862623074668585,-0.02180295336876803,0.0,91.66666666666666,12,2.529896695567363,1.2485902879528457
Dueling DQN,303,148,5.71169411347232,12,1,0.8919118359166307,0.812016410935349,0.07989542498128166,8.957771582790128,70.55746562664764,84.97199854281331,14.414532916165669,89.948758261656,0.0,100.0,0.12157983380289876,0.1846959809468269,0.06311614714392814,0.0,100.0,12,2.546512945635907,1.250928444783405
Dueling DQN,303,149,4.873155660657894,12,1,0.7775209313810916,0.8651073229773342,-0.0875863915962426,-11.264827487108935,93.4222749767348,76.80582564165263,-16.616449335082166,79.69873760803726,0.0,100.0,0.20963364199477103,0.12475952987299757,-0.08487411212177345,0.0,91.66666666666666,12,2.4763770872099893,1.3058800854598818
Dueling DQN,303,150,5.446217380752818,12,1,0.8165008382324046,0.8882065938804278,-0.07170575564802317,-8.782079857168892,100.0,86.9824318255313,-13.017568174468707,89.01152520339001,0.0,100.0,0.1798106223974199,0.1047986707388979,-0.07501195165852201,0.0,100.0,12,2.5515247996270247,1.292263539630579
Dueling DQN,303,151,5.161029926318999,12,1,0.8502220609236728,0.8122820238407404,0.037940037082932365,4.462367989100952,81.02335388983268,82.5991994596359,1.5758455698032208,81.46979268735069,0.0,100.0,0.18256522353552918,0.19925881328212325,0.016693589746594073,0.0,91.66666666666666,12,2.581786573907132,1.2141718301631983
Dueling DQN,303,152,5.213852185224448,12,1,0.85469302618287,0.8019920296817858,0.052700996501084174,6.16607306794712,93.72798442348854,90.34247450147177,-3.385509922016766,81.47280591137705,0.0,100.0,0.14080420130997084,0.19671049463013648,0.05590629332016564,0.0,100.0,12,2.371520355469766,1.1914250922681544
Dueling DQN,303,153,5.590375511908723,12,1,0.8899374950044848,0.8685691498277247,0.021368345176760117,2.4011062908021907,93.80602935532403,95.27394049676488,1.467911141440851,84.26836585463553,0.0,100.0,0.13903704031824984,0.13679938560744004,-0.0022376547108098055,0.0,100.0,12,2.549462556848051,1.3663984963165345
Dueling DQN,303,154,5.496305640765682,12,1,0.9033956007866119,0.8140202938238913,0.08937530696272056,9.893263470056638,90.56414084004327,100.0,9.435859159956735,84.94839972902732,0.0,100.0,0.1261510169062094,0.15744570984863723,0.03129469294242784,0.0,100.0,12,2.5356634396902256,1.2711959620779023
Dueling DQN,303,155,5.379903358251742,12,1,0.8511493018607178,0.8306854100829228,0.02046389177779495,2.4042658242282933,64.64899618168918,97.52146189406545,32.87246571237627,80.68366125733637,0.0,100.0,0.1440652239564964,0.1475060772234613,0.0034408532669648884,0.0,91.66666666666666,12,2.3862697979359355,1.2043323483988375
Dueling DQN,303,156,4.824477318373383,12,1,0.8432652076476848,0.8258387308655586,0.017426476782126166,2.0665475848028736,78.9618186506902,90.000136856472,11.038318205781792,72.25150506957597,0.0,100.0,0.16148655286086996,0.14715514311629166,-0.014331409744578305,0.0,75.0,12,2.321436173430997,1.2258055828642378
Dueling DQN,303,157,5.565998492454548,12,1,0.8319264650700522,0.860164742721597,-0.028238277651544852,-3.394323757829612,84.41808143569567,89.03127802794981,4.613196592254141,86.26951931105502,0.0,100.0,0.1509017363524723,0.15737025093487525,0.00646851458240294,0.0,100.0,12,2.474241769385591,1.3225292259162926
Dueling DQN,303,158,5.4007944150979945,12,1,0.8342627704569722,0.812458009325535,0.021804761131437145,2.6136562607838134,100.0,70.56957046668697,-29.43042953331303,84.56574731029832,0.0,100.0,0.15847592689293644,0.16602976336567765,0.0075538364727412155,0.0,100.0,12,2.5574125428962255,1.3335740210765081
Dueling DQN,303,159,5.36776068366375,12,1,0.9026315881533874,0.836309030219948,0.06632255793343944,7.347688559085638,74.78544753112575,75.91141221101077,1.1259646798850156,85.94035505633126,0.0,100.0,0.13424882131308252,0.1491678022887497,0.014918980975667184,0.0,100.0,12,2.4992033749828795,1.123820723041615
Dueling DQN,303,160,5.585852228729913,12,1,0.8728602524882246,0.7834037894719819,0.08945646301624277,10.2486581054909,100.0,85.86394866512714,-14.13605133487286,87.85747594518675,0.0,100.0,0.1553676274266465,0.19475316848637123,0.03938554105972472,0.0,100.0,12,2.6507890805335097,1.3348393321565017
Dueling DQN,303,161,5.630928388666531,12,1,0.8453556674206604,0.856283207464465,-0.010927540043804584,-1.2926559157220263,100.0,85.58468846641205,-14.415311533587953,86.69211544128818,0.0,100.0,0.15765740019824892,0.11412395775636745,-0.04353344244188147,0.0,100.0,12,2.5069801366860816,1.2837079436210028
Dueling DQN,303,162,5.253831638059808,12,1,0.7952105418922273,0.8231375580946002,-0.027927016202372923,-3.5119021606428595,84.63458238247608,66.36785756255836,-18.266724819917727,84.30014861383535,0.0,100.0,0.1945427712746821,0.14397025364486968,-0.050572517629812436,0.0,100.0,12,2.523540250982561,1.2951260020081223
Dueling DQN,303,163,5.494806088306355,12,1,0.8906037365263135,0.8752294449958693,0.015374291530444228,1.7262774565049204,89.86219105206955,78.59275647780535,-11.269434574264196,86.21117748139045,0.0,100.0,0.15777617056861712,0.13131689213246836,-0.02645927843614876,0.0,100.0,12,2.6642831886460097,1.2719493504807766
Dueling DQN,303,164,5.449878188698467,12,1,0.8506102110720999,0.8134434314895718,0.03716677958252812,4.369425513442111,98.82629086758953,83.7695642992052,-15.056726568384335,86.70371347077831,0.0,100.0,0.1537832421175589,0.18851819865854347,0.034734956540984574,0.0,100.0,12,2.521364092713443,1.2212114202174533
Dueling DQN,303,165,5.384559279725274,12,1,0.8565079882935278,0.8540560790348979,0.002451909258629925,0.28626811333248753,88.12727871972513,78.91353887276618,-9.213739846958944,86.26521422375792,0.0,100.0,0.14408217844239476,0.17367820125424,0.02959602281184523,0.0,100.0,12,2.4904990117652854,1.2472005912762223
Dueling DQN,303,166,5.661737692966558,12,1,0.826246171758515,0.8450876831232623,-0.01884151136474732,-2.280375027293208,86.10268612828439,88.11469912724452,2.012012998960131,89.32486363634507,0.0,100.0,0.18112096609888637,0.1284581320375769,-0.05266283406130948,0.0,100.0,12,2.5086264746728024,1.2554759445985997
Dueling DQN,303,167,5.5269549152367645,12,1,0.8835908561386361,0.8370251261910042,0.04656572994763186,5.270055662541359,100.0,94.57267266722712,-5.427327332772876,84.08529504410679,0.0,100.0,0.1294546378802598,0.16896600890413718,0.03951137102387739,0.0,91.66666666666666,12,2.5862425280485395,1.320921001537616
Dueling DQN,303,168,4.44949560830152,12,1,0.7654325989492309,0.8649946625812731,-0.09956206363204223,-13.007293361782454,83.09909720860574,46.16199128869468,-36.93710591991106,71.7913370018593,0.0,100.0,0.2046577052257703,0.14279631502846574,-0.06186139019730455,0.0,75.0,12,2.3530974464321055,1.329349653237809
Dueling DQN,303,169,5.570085240140829,12,1,0.8679376290356512,0.919809837548671,-0.05187220851301977,-5.976490334985704,78.85179726026313,89.19723555170678,10.345438291443656,87.6537990668253,0.0,100.0,0.1466406381530521,0.11447564332299683,-0.03216499483005526,0.0,100.0,12,2.5317521413616935,1.219623172535808
Dueling DQN,303,170,5.531645839950364,12,1,0.8531068026283061,0.8680054049164194,-0.01489860228811335,-1.7463935631755345,97.45618654122765,85.92044668803949,-11.535739853188161,84.6155135451494,0.0,100.0,0.14080662425036225,0.13807006642744538,-0.002736557822916874,0.0,100.0,12,2.5180795024261173,1.2965919048811017
Dueling DQN,303,171,5.468341434862689,12,1,0.8175162923272363,0.9309905524679541,-0.11347426014071782,-13.880366814181633,91.09946578070196,64.37774373525393,-26.721722045448033,84.63511915061228,0.0,100.0,0.14874210097313448,0.10056600028503562,-0.048176100688098855,0.0,100.0,12,2.4515912562084576,1.260846334355035
Dueling DQN,303,172,5.315010338544372,12,1,0.8144864508508569,0.8333700066258348,-0.01888355577497791,-2.318461621461121,92.2239982487772,53.51448491220354,-38.709513336573664,81.72384963304698,0.0,100.0,0.19290381580316088,0.15765547312141906,-0.03524834268174182,0.0,83.33333333333334,12,2.5544889996686755,1.2976349898511639
Dueling DQN,303,173,5.444772308094383,12,1,0.8773528515605186,0.880248030350573,-0.002895178790054409,-0.3299902410877049,81.16876302595479,94.88702854969904,13.71826552374425,86.8184937543047,0.0,100.0,0.13887710829893135,0.14257337025649228,0.0036962619575609257,0.0,100.0,12,2.5308225252389476,1.2902767617787176
Dueling DQN,303,174,4.253347902285979,12,1,0.8050086806124103,0.8371924477152886,-0.03218376710287829,-3.9979403797726123,100.0,87.78892611513953,-12.211073884860468,64.74602164651348,0.0,100.0,0.20833796578570296,0.1356279674315738,-0.07270999835412917,0.0,58.333333333333336,12,2.578549931184613,1.358806584025146
Dueling DQN,303,175,5.6728863729476835,12,1,0.8727698553138298,0.8233385097810284,0.049431345532801374,5.663731994390078,61.568814480820144,86.75551516970216,25.18670068888202,88.8395775587736,0.0,100.0,0.15398800967201892,0.19006719649792989,0.036079186825910964,0.0,100.0,12,2.629693990742852,1.2156183411524248
Dueling DQN,303,176,5.412288203954355,12,1,0.9481515228849166,0.9448724127012994,0.003279110183617151,0.34584242122397124,70.28627058633046,62.9249764436082,-7.361294142722258,81.23205560855071,0.0,100.0,0.12299333013497504,0.12430960660462745,0.0013162764696524054,0.0,100.0,12,2.5005365172549614,1.2460104241267327
Dueling DQN,303,177,5.562327917465176,12,1,0.887076836498163,0.8031994504641322,0.08387738603403083,9.455481485137902,82.24605747737345,87.53989442127612,5.293836943902662,84.68053290049149,0.0,100.0,0.14684712289251928,0.15586345744214278,0.0090163345496235,0.0,91.66666666666666,12,2.594291880656323,1.2729686029456535
Dueling DQN,303,178,5.427149038474056,12,1,0.8367904177364108,0.8849285173625265,-0.048138099626115705,-5.752706843409292,70.59384411967687,76.96141466210327,6.367570542426392,83.58150048699129,0.0,100.0,0.19135838466871782,0.1554500131730353,-0.03590837149568252,0.0,91.66666666666666,12,2.562876903583279,1.326722794983493
Dueling DQN,303,179,5.658746025614645,12,1,0.8734373699390229,0.9155237132469944,-0.04208634330797156,-4.818472938810682,91.00176060685064,100.0,8.998239393149362,88.6779784654314,0.0,100.0,0.1445630071616644,0.06934918470574919,-0.07521382245591521,0.0,100.0,12,2.5180091414014494,1.176196768256576
Dueling DQN,303,180,5.483336763919868,12,1,0.8031577527592149,0.8544363035610083,-0.05127855080179344,-6.384617545635105,100.0,84.05855757029795,-15.94144242970205,84.73594025819149,0.0,100.0,0.15823019256077867,0.14981040870916384,-0.00841978385161482,0.0,100.0,12,2.4611894891797443,1.2828683722840621
Dueling DQN,303,181,5.313543548791702,12,1,0.8567214189186672,0.9004675443831376,-0.04374612546447043,-5.1062252557763435,100.0,100.0,0.0,84.8584843540856,0.0,100.0,0.162519544782879,0.11378557940115083,-0.04873396538172817,0.0,91.66666666666666,12,2.651997907352604,1.251511283381779
Dueling DQN,303,182,4.8229828690817715,12,1,0.7960882232427405,0.8757134720486613,-0.07962524880592081,-10.002063399654356,95.17408248795732,72.83051103315823,-22.34357145479909,80.12436219384085,0.0,100.0,0.18572526493987412,0.15524079656445902,-0.030484468375415102,0.0,83.33333333333334,12,2.5917011449213487,1.3245471655865082
Dueling DQN,303,183,5.281634761319959,12,1,0.8549068576604999,0.8519178856426759,0.0029889720178239987,0.3496254581468075,74.58015283832363,68.09454885567094,-6.485603982652691,81.21226136997498,0.0,100.0,0.12777721325840372,0.15534518789504104,0.02756797463663732,0.0,100.0,12,2.550351369589003,1.2337278291702347
Dueling DQN,303,184,5.702771515736636,12,1,0.8052821050037057,0.8684227553628675,-0.06314065035916183,-7.840811309084198,85.48094584869109,97.84934754475874,12.36840169606765,89.61531702749495,0.0,100.0,0.17207198158714263,0.12295726488100502,-0.04911471670613761,0.0,100.0,12,2.4957602902269733,1.2630522107809308
Dueling DQN,303,185,5.117475395208288,12,1,0.8308639163321402,0.881466485390159,-0.050602569058018854,-6.090355840870377,72.4035891293341,100.0,27.596410870665906,81.00753831602209,0.0,100.0,0.18089599505796686,0.15214262174209103,-0.028753373315875824,0.0,83.33333333333334,12,2.446491493188139,1.2617580560759911
Dueling DQN,303,186,5.343830722460937,12,1,0.9174922799244545,0.9146292357924993,0.0028630441319551503,0.31205103242840265,75.40684290731362,74.42301213391887,-0.9838307733947431,83.34041512393951,0.0,100.0,0.07137031305093655,0.13361747911402597,0.062247166063089415,0.0,100.0,12,2.4748109039905146,1.145917417295778
Dueling DQN,303,187,5.526919249135812,12,1,0.8072167941535933,0.8881844544675515,-0.08096766031395819,-10.030472718157057,100.0,80.19846055846777,-19.801539441532228,88.13852379392934,0.0,100.0,0.1559104605399022,0.1310398567925567,-0.02487060374734551,0.0,100.0,12,2.458248146111671,1.2845482280333445
Dueling DQN,303,188,5.275221247302832,12,1,0.8117349409394198,0.8056815889634225,0.006053351975997323,0.7457301233074662,64.24792340955742,68.89953350080317,4.651610091245757,82.18924706108582,0.0,100.0,0.17946781877565965,0.15449214275948883,-0.024975676016170817,0.0,100.0,12,2.4066453853026704,1.2395616681095238
Dueling DQN,303,189,5.487645876587387,12,1,0.8613308026363462,0.8330747527827687,0.028256049853577547,3.2805107825114264,88.34204064885834,83.95377748243598,-4.388263166422362,83.09511563848574,0.0,100.0,0.15262427781809842,0.14366613175349072,-0.008958146064607708,0.0,100.0,12,2.50114599630111,1.2300328218311016
Dueling DQN,303,190,5.500570448681864,12,1,0.8254021545114709,0.8653882864002933,-0.039986131888822385,-4.844442393355381,100.0,89.94303189948472,-10.056968100515277,89.00655038887305,0.0,100.0,0.1605339961881494,0.14704708777321515,-0.013486908414934246,0.0,100.0,12,2.5737889995033716,1.2957773726162307
Dueling DQN,303,191,5.519816371774137,12,1,0.8060853054095052,0.7946419776487683,0.011443327760736866,1.4196174628097777,71.83443088304615,87.86296211552845,16.028531232482294,85.72311698275017,0.0,100.0,0.16938652393538864,0.1738797405080708,0.004493216572682174,0.0,100.0,12,2.4560205089763807,1.3088326618734767
Dueling DQN,303,192,5.200968359548768,12,1,0.9080174587929501,0.8845250770069619,0.023492381785988226,2.5872169701689685,68.16743797552766,78.05488226722392,9.887444291696255,80.43995767708292,0.0,100.0,0.12457743458618793,0.12762618981832977,0.0030487552321418337,0.0,100.0,12,2.5381312103852247,1.223320218148827
Dueling DQN,303,193,5.623021068313776,12,1,0.7767278989307225,0.8395707771299522,-0.06284287819922973,-8.090719837119535,100.0,88.45979043830887,-11.540209561691128,91.63720149518649,0.0,100.0,0.17707585210403187,0.11234007114617962,-0.06473578095785225,0.0,100.0,12,2.4372562431987217,1.252469027571992
Dueling DQN,303,194,5.182933655150648,12,1,0.8080537237843384,0.8645833894598652,-0.05652966567552686,-6.995780603643883,87.26153305929414,64.6089693996337,-22.652563659660444,85.25920930355348,0.0,100.0,0.18836903846581612,0.15716570956998321,-0.03120332889583291,0.0,100.0,12,2.578731961199855,1.2513252404419681
Dueling DQN,303,195,5.569475056351328,12,1,0.9141099328630913,0.8384801610889132,0.07562977177417807,8.273596977258242,84.08356948324605,100.0,15.916430516753948,88.08204609617246,0.0,100.0,0.12020882234129188,0.16477814962529244,0.044569327284000565,0.0,100.0,12,2.5068271884296798,1.2347521044873948
Dueling DQN,303,196,5.599784176174663,12,1,0.8715632087355749,0.841181208942048,0.03038199979352696,3.4859204116249707,82.04067172967906,94.43258136665646,12.391909636977402,85.66598542679965,0.0,100.0,0.1261171219324314,0.11285176512195123,-0.013265356810480175,0.0,100.0,12,2.505477408981052,1.216662086912832
Dueling DQN,303,197,5.381401346089105,12,1,0.8421085947684295,0.8873142253079127,-0.04520563053948323,-5.368147388629168,90.76482128330113,82.24556168410302,-8.519259599198108,85.80506948887596,0.0,100.0,0.13888993426643825,0.10855305142317748,-0.030336882843260776,0.0,100.0,12,2.467197936286953,1.2549830097836672
Dueling DQN,303,198,5.235886129603664,12,1,0.8996189629284975,0.8621054871577701,0.03751347577072739,4.169929416406598,73.8669547131632,86.17636619298047,12.309411479817271,76.86009546738622,0.0,100.0,0.14141516084896952,0.1318418407560245,-0.009573320092945009,0.0,91.66666666666666,12,2.541887763248962,1.2451626865231067
Dueling DQN,303,199,5.293574164668758,12,1,0.8227933539686749,0.8649757057130956,-0.04218235174442064,-5.126724898901723,77.45110739899182,71.15074766605083,-6.30035973294099,83.4363965795622,0.0,100.0,0.17955330130203861,0.14606607875852642,-0.03348722254351219,0.0,100.0,12,2.47659947409528,1.2415026800675786
Dueling DQN,303,200,5.633191714779624,12,1,0.8556798325444112,0.8607901767047332,-0.005110344160322078,-0.5972262014316952,96.09987742371816,99.74237919993723,3.6425017762190777,87.46642300129213,0.0,100.0,0.14592607360894586,0.16822003757795634,0.022293963969010483,0.0,100.0,12,2.4825884897688613,1.22019727903582
Dueling DQN,404,1,5.285556944119189,12,1,0.8865790816291501,0.8758820337596024,0.010697047869547727,1.206553153712037,86.25847015284226,71.77819079683991,-14.480279356002356,78.56904911052747,0.0,100.0,0.10326355937990231,0.13363760619572704,0.03037404681582473,0.0,91.66666666666666,12,2.2100564860322174,1.0583810666096625
Dueling DQN,404,2,5.236899788101408,12,1,0.8683004316846654,0.8101651200223483,0.05813531166231711,6.6952991776733,81.59574008373905,47.19022838896813,-34.405511694770915,81.35213599707917,0.0,100.0,0.15158135173305126,0.1957646963727675,0.04418334463971624,0.0,91.66666666666666,12,2.4737891549191247,1.2052656173837988
Dueling DQN,404,3,5.458192835565647,12,1,0.8298079247198951,0.8560897344927761,-0.026281809772881082,-3.1672160496361386,87.108900389577,64.72814683973992,-22.38075354983708,87.99231046471238,0.0,100.0,0.17267075112721203,0.15412847810420194,-0.018542273023010092,0.0,100.0,12,2.575446047896001,1.2097453251902464
Dueling DQN,404,4,5.533047131568403,12,1,0.8538273316284686,0.879449423750834,-0.025622092122365436,-3.0008517147720615,67.37243231762247,100.0,32.62756768237753,80.95353371174137,0.0,100.0,0.12590593888412396,0.1430188068941348,0.01711286801001083,0.0,100.0,12,2.425244712850731,1.164044297278122
Dueling DQN,404,5,5.397669563230291,12,1,0.9108468697702573,0.8027202440301036,0.10812662574015375,11.870999322578394,83.37976914520023,92.82731443303138,9.447545287831147,83.90800877145863,0.0,100.0,0.13544452939143645,0.20440732885725413,0.06896279946581768,0.0,91.66666666666666,12,2.50120233996646,1.1348422873258501
Dueling DQN,404,6,5.147300533018946,12,1,0.808958517125701,0.8505064229430157,-0.04154790581731471,-5.1359748290849305,80.68241629494592,76.53794397129077,-4.144472323655151,79.47163091880977,0.0,100.0,0.20243104358918135,0.1346723892529741,-0.06775865433620726,0.0,91.66666666666666,12,2.637828369695224,1.137288483889471
Dueling DQN,404,7,5.081571758577127,12,1,0.868278486176403,0.7820842609499795,0.0861942252264235,9.927025326401088,91.61418519577836,79.69467471161435,-11.919510484164007,77.35379104668318,0.0,100.0,0.15636668906945303,0.19819914642778136,0.04183245735832833,0.0,100.0,12,2.493111461174344,1.1444007214910143
Dueling DQN,404,8,5.470952223227546,12,1,0.900079462606079,0.8643706219908143,0.03570884061526469,3.9672986773716348,88.0225282222573,75.62375895458848,-12.398769267668811,86.79178939275937,0.0,100.0,0.11421308566179272,0.12826018348615875,0.014047097824366028,0.0,100.0,12,2.544045252716685,1.178066124765821
Dueling DQN,404,9,5.5537222839668665,12,1,0.8626311044114704,0.7879741639334361,0.07465694047803428,8.654561619241512,83.12540150025225,84.110491200179,0.9850896999267462,88.07256938078149,0.0,100.0,0.1653759496419556,0.20733781235018775,0.041961862708232156,0.0,100.0,12,2.601677944456861,1.1445167537990821
Dueling DQN,404,10,5.4492526623049,12,1,0.8958407534032775,0.8797451210015608,0.016095632401716742,1.796706874583437,85.35583757721287,81.27765202184787,-4.078185555364996,87.73683654166086,0.0,100.0,0.10678119591527593,0.12216791461462757,0.01538671869935164,0.0,100.0,12,2.4280622786079546,1.0625879112175283
Dueling DQN,404,11,5.087935285137688,12,1,0.8283382394877064,0.9081027712844939,-0.07976453179678755,-9.629463906690905,99.7290103885251,91.95426812072424,-7.77474226780086,78.02053498622618,0.0,100.0,0.15764077586451394,0.1334959516495136,-0.024144824215000332,0.0,83.33333333333334,12,2.4788971272342777,1.2720894376855378
Dueling DQN,404,12,5.484626617600093,12,1,0.8299559594483694,0.85335523302246,-0.02339927357409055,-2.8193391839300594,60.974750754501436,98.19048026770092,37.215729513199484,86.064968599292,0.0,100.0,0.14956494327152386,0.14157361269908458,-0.007991330572439281,0.0,100.0,12,2.481856660474324,1.152226329740208
Dueling DQN,404,13,5.450043721751162,12,1,0.8456103198801337,0.9009165489047358,-0.05530622902460214,-6.540391918637164,94.38491009608785,75.97153121128481,-18.413378884803038,84.16760507901532,0.0,100.0,0.1302658189205495,0.14974655016066318,0.01948073124011368,0.0,100.0,12,2.3821095706289905,1.2244418303659081
Dueling DQN,404,14,5.191810349890079,12,1,0.8943113011225146,0.8423130135897307,0.051998287532783904,5.814338638851718,84.57578992591938,67.25827340160028,-17.317516524319103,78.21176249053401,0.0,100.0,0.12635489408890774,0.1681109588190729,0.04175606473016516,0.0,91.66666666666666,12,2.358822191898003,1.1505722920882233
Dueling DQN,404,15,5.312185818702975,12,1,0.8352595155234834,0.8054477523551384,0.029811763168344996,3.5691617532379776,99.84836925455508,65.25819533008307,-34.59017392447201,81.63430213638296,0.0,100.0,0.15444767874943846,0.19422455453439588,0.03977687578495742,0.0,91.66666666666666,12,2.504497334845208,1.215372322892367
Dueling DQN,404,16,5.386783200141149,12,1,0.8016523233753645,0.803399154806913,-0.0017468314315485234,-0.21790386937238249,95.56074028005703,97.94108183458455,2.3803415545275186,84.62488069160388,0.0,100.0,0.1633018699114735,0.19711754373921614,0.03381567382774264,0.0,100.0,12,2.397755569255034,1.1974729001752693
Dueling DQN,404,17,5.414455086104516,12,1,0.791886963795451,0.8144443597872646,-0.02255739599181361,-2.848562613494458,83.39631769763315,90.52086972515781,7.124552027524658,85.1180642410825,0.0,100.0,0.20503213813450097,0.16861036370052515,-0.03642177443397582,0.0,100.0,12,2.566127187440546,1.2515639795183597
Dueling DQN,404,18,5.5495112207920485,12,1,0.8304491338504608,0.8615378198451588,-0.03108868599469794,-3.7435990631421485,79.42526909069132,88.58278037960741,9.157511288916098,86.93045303668573,0.0,100.0,0.15788864242732834,0.12286713192963318,-0.035021510497695155,0.0,100.0,12,2.5296501299215715,1.1957507846662816
Dueling DQN,404,19,5.481139654599916,12,1,0.8590006216850525,0.7954339768317091,0.0635666448533434,7.400069714576962,64.46912172465954,87.9569182271322,23.487796502472662,83.8034070752194,0.0,100.0,0.13571949992172394,0.15469594921044486,0.018976449288720915,0.0,100.0,12,2.5583259833932055,1.2072386614936756
Dueling DQN,404,20,5.4746092979492404,12,1,0.819224031273178,0.7583862324541143,0.060837798819063704,7.42627126361443,77.77037134517143,65.53078710266801,-12.239584242503412,85.18198208554114,0.0,100.0,0.154112231686855,0.1828468595679572,0.028734627881102204,0.0,100.0,12,2.562336954160499,1.1448756387758594
Dueling DQN,404,21,5.540368186451323,12,1,0.7950194115491079,0.8569675480765951,-0.06194813652748721,-7.792028172844267,76.66737315480499,94.12553857447942,17.45816541967443,86.30853045828555,0.0,100.0,0.18265239497164848,0.14661127076339914,-0.03604112420824934,0.0,100.0,12,2.5391416372269493,1.161945880360237
Dueling DQN,404,22,5.425764042339171,12,1,0.8725876447263617,0.8678678469965714,0.004719797729790365,0.5408966948266228,100.0,79.53963271751799,-20.46036728248201,85.71877169546089,0.0,100.0,0.13880448038068383,0.1341306244962776,-0.0046738558844062195,0.0,91.66666666666666,12,2.488218109888555,1.1810049510384295
Dueling DQN,404,23,5.7424808990759475,12,1,0.786367339414263,0.8690032701646266,-0.08263593075036368,-10.508565985448511,83.77102173346222,100.0,16.22897826653778,90.01708861501224,0.0,100.0,0.19124989337915915,0.16417993704257772,-0.027069956336581436,0.0,100.0,12,2.5528395684671445,1.2137453495421542
Dueling DQN,404,24,5.00034024882733,12,1,0.8741169088111619,0.8099031531343426,0.0642137556768193,7.346128993678075,93.94742002249629,88.9824589360303,-4.9649610864659905,79.65196386366112,0.0,100.0,0.14914522745643094,0.20614325279880227,0.05699802534237133,0.0,91.66666666666666,12,2.508825232873669,1.129331677730837
Dueling DQN,404,25,5.7002894904562735,12,1,0.8582838831786681,0.9143030725212993,-0.05601918934263117,-6.526883521937195,72.88575138136724,98.40532581105555,25.519574429688305,88.94340884312298,0.0,100.0,0.13478395387576853,0.12119621329240851,-0.013587740583360014,0.0,100.0,12,2.4840274708040577,1.1558541159625573
Dueling DQN,404,26,5.569177557840978,12,1,0.8414254195090415,0.814459881523726,0.026965537985315535,3.204744872225218,96.83806186483753,100.0,3.1619381351624725,89.2303290772574,0.0,100.0,0.14816519058633684,0.15850622209365808,0.010341031507321241,0.0,100.0,12,2.4708947379054664,1.150767491476095
Dueling DQN,404,27,5.117892524628653,12,1,0.8197258977078403,0.8414950605821255,-0.02176916287428521,-2.6556636718636386,85.92833648145061,98.25681987715075,12.328483395700133,82.34255564902118,0.0,100.0,0.1789112569212792,0.15362632727051698,-0.025284929650762233,0.0,100.0,12,2.5409581978519618,1.2188967257971257
Dueling DQN,404,28,5.328186296726322,12,1,0.8034776291857193,0.8393271630703371,-0.03584953388461776,-4.46179614495917,77.86866347044287,98.59430815705937,20.725644686616505,84.95655436572034,0.0,100.0,0.18270301400322275,0.20287522745731534,0.02017221345409259,0.0,100.0,12,2.478136433871112,1.136719760346149
Dueling DQN,404,29,5.448827748698715,12,1,0.8826255978379907,0.8663466866458458,0.016278911192144863,1.8443733370095299,89.5559077899843,85.09198711786158,-4.463920672122725,83.85578314022843,0.0,100.0,0.07895854623137907,0.15648527712580262,0.07752673089442355,0.0,91.66666666666666,12,2.376301909074975,1.1139909193959823
Dueling DQN,404,30,5.318373903104375,12,1,0.9183856237142732,0.8104043631416291,0.10798126057264412,11.757725489640187,95.78993469978816,28.569961272274412,-67.21997342751375,84.04696158968585,0.0,100.0,0.08606347142323166,0.15363638118918116,0.0675729097659495,0.0,83.33333333333334,12,2.480446304788143,1.0880124463911833
Dueling DQN,404,31,5.239913623926299,12,1,0.7995859317813492,0.8261710490148155,-0.02658511723346635,-3.3248605530413684,88.32701884425643,86.09984726874254,-2.2271715755138928,82.04167361479065,0.0,100.0,0.18546474178240235,0.16546828974746586,-0.019996452034936496,0.0,91.66666666666666,12,2.546569265350638,1.1595180428374843
Dueling DQN,404,32,5.468277637975863,12,1,0.8775529024047456,0.791546644292381,0.08600625811236462,9.800692115162848,54.405861917178335,75.89336861075533,21.487506693576996,86.99357721864932,0.0,100.0,0.12441221143291822,0.17741399737487368,0.053001785941955454,0.0,91.66666666666666,12,2.4780626828610344,1.0872825238286976
Dueling DQN,404,33,5.4764921908636035,12,1,0.8844368388942812,0.8331215347327443,0.051315304161536845,5.80203151936672,70.41806252103096,87.57391219140112,17.15584967037016,83.4072921757165,0.0,100.0,0.13070414111493853,0.1575712887257316,0.026867147610793063,0.0,91.66666666666666,12,2.3800617537641253,1.1544035217721242
Dueling DQN,404,34,5.390498105115417,12,1,0.8962441922145657,0.8972537984848369,-0.001009606270271135,-0.11264857045003085,68.35339607521732,84.29095352229517,15.93755744707785,83.85969012394334,0.0,100.0,0.09737062820933062,0.14519315680531752,0.0478225285959869,0.0,100.0,12,2.333956465421619,1.096750133254547
Dueling DQN,404,35,5.270483509646894,12,1,0.8263818045202939,0.8650387037624203,-0.03865689924212645,-4.677849757905353,10.542160486412177,73.9534703895665,63.411309903154326,78.76408640705633,0.0,100.0,0.16797616782995042,0.1459502131185548,-0.022025954711395623,0.0,91.66666666666666,12,2.4337145359461623,1.1849817446535609
Dueling DQN,404,36,5.744861542880097,12,1,0.8534168127082171,0.881632629613321,-0.028215816905103885,-3.3062176049197265,68.18663019607521,78.88852593380675,10.701895737731533,88.13256737891312,0.0,100.0,0.14226052837969172,0.15415118020132657,0.011890651821634846,0.0,100.0,12,2.4281829620520514,1.1065799403597878
Dueling DQN,404,37,5.759283423317182,12,1,0.8266846278116825,0.7541904438949468,0.07249418391673568,8.76926720031496,95.99279991234052,97.27922111847532,1.2864212061348042,91.55077765934537,0.0,100.0,0.14197305063323512,0.2001192710041109,0.05814622037087577,0.0,100.0,12,2.430321726218755,1.1613809675113036
Dueling DQN,404,38,5.59667837259699,12,1,0.8145912537322628,0.887238970093593,-0.07264771636133016,-8.9183030174306,88.5568070894584,100.0,11.443192910541597,89.40367291025318,0.0,100.0,0.1857953403142686,0.13859881745422686,-0.04719652286004172,0.0,100.0,12,2.5126807182386903,1.216240409492743
Dueling DQN,404,39,5.609088601885316,12,1,0.8307583820831356,0.8391149168718568,-0.008356534788721226,-1.0058923230804033,97.59718898568316,81.40670196227478,-16.19048702340838,86.58896579939585,0.0,100.0,0.1659618864827665,0.12839507749510717,-0.03756680898765932,0.0,100.0,12,2.526291629329103,1.245419392944188
Dueling DQN,404,40,5.348377088302307,12,1,0.8856108631306627,0.8423344933236999,0.04327636980696281,4.886612349579753,71.22501065209379,100.0,28.774989347906214,84.72820688741429,0.0,100.0,0.15471888442602982,0.14283059080607055,-0.011888293619959273,0.0,100.0,12,2.4804473939882534,1.2006557968765172
Dueling DQN,404,41,5.315093488641494,12,1,0.8434121547179518,0.8177828475821343,0.02562930713581757,3.0387642616305843,72.80606998860594,98.5549908558174,25.748920867211453,83.41354526775054,0.0,100.0,0.1369513240710273,0.20294039058089358,0.06598906650986627,0.0,91.66666666666666,12,2.441157853481429,1.1054804660802944
Dueling DQN,404,42,5.271728320280907,12,1,0.8378128854992571,0.8664411213201737,-0.02862823582091656,-3.4170202340415,89.12317486675423,84.49831119325044,-4.624863673503782,84.38505066367226,0.0,100.0,0.1358537195894155,0.14210508358285953,0.006251363993444031,0.0,100.0,12,2.304646397548361,1.1506039300889703
Dueling DQN,404,43,5.585669089446814,12,1,0.9240713766174095,0.7759988759289731,0.14807250068843636,16.023924605311347,70.22280948316987,92.76020635742942,22.537396874259557,86.65907902359147,0.0,100.0,0.09304459265206626,0.21161617387328951,0.11857158122122326,0.0,100.0,12,2.4907544331999376,1.1452762320954328
Dueling DQN,404,44,5.216144993387368,12,1,0.855886198156029,0.8114792434696506,0.04440695468637834,5.188418131061264,100.0,88.00278917028606,-11.997210829713936,80.92447586231548,0.0,100.0,0.1650925127188,0.20398407882052638,0.038891566101726394,0.0,91.66666666666666,12,2.527091515371893,1.1158273662138771
Dueling DQN,404,45,5.503358493300988,12,1,0.8450181746805694,0.8646821135822957,-0.019663938901726352,-2.3270433099453323,100.0,100.0,0.0,89.13579904534423,0.0,100.0,0.17655304928212534,0.1483299331976998,-0.028223116084425542,0.0,100.0,12,2.5094302324135316,1.2053387221500187
Dueling DQN,404,46,5.221111649927173,12,1,0.9220392265467231,0.912952071675839,0.009087154870884073,0.9855497043133222,87.85195199038596,56.505061456495575,-31.34689053389038,81.9041531955581,0.0,100.0,0.09130632140798019,0.09782859647006395,0.006522275062083763,0.0,91.66666666666666,12,2.535870487900253,1.0926608447169646
Dueling DQN,404,47,5.453776393945989,12,1,0.8659011760871941,0.8720325793122123,-0.0061314032250182615,-0.7080950337456112,85.74636580234589,60.302941795850884,-25.443424006495007,88.14975406034705,0.0,100.0,0.10272619602352874,0.16300303390964946,0.06027683788612072,0.0,100.0,12,2.518025078347144,1.1410797440585285
Dueling DQN,404,48,5.294528586556847,12,1,0.9027504327300419,0.8602978122702444,0.042452620459797474,4.7025865533417575,94.84216301302159,82.6380332139144,-12.204129799107193,82.2660873647218,0.0,100.0,0.11183553071468623,0.16779950550614284,0.05596397479145661,0.0,100.0,12,2.4862702753982204,1.1836182993696822
Dueling DQN,404,49,5.099259820227737,12,1,0.8020175729456774,0.8889662663971455,-0.08694869345146805,-10.841245427094561,74.26308693321218,53.282561664614846,-20.980525268597333,81.73865248494585,0.0,100.0,0.1787353844845413,0.11653592868791979,-0.062199455796621506,0.0,83.33333333333334,12,2.499892253511986,1.17514462239023
Dueling DQN,404,50,5.288629981307429,12,1,0.8512400443646312,0.7695929394382041,0.08164710492642713,9.591548878244895,54.99874778571213,100.0,45.00125221428787,85.004620579986,0.0,100.0,0.17008847472035094,0.20023009911428405,0.030141624393933114,0.0,91.66666666666666,12,2.513077615163435,1.2164795175838996
Dueling DQN,404,51,5.696369748051032,12,1,0.8939821584239797,0.8271638799532696,0.06681827847071009,7.4742295292006125,61.26345177008767,100.0,38.73654822991233,87.87318543341269,0.0,100.0,0.09413634010574029,0.1321153021089178,0.03797896200317752,0.0,100.0,12,2.365306157318447,1.1702879719391002
Dueling DQN,404,52,5.25185092317339,12,1,0.8898040826827419,0.7894801231809996,0.10032395950174233,11.274836950541692,69.7060209666241,100.0,30.293979033375905,79.37508687085024,0.0,100.0,0.1418488279300351,0.19160454843537533,0.049755720505340245,0.0,100.0,12,2.557354578336085,1.2603003715025065
Dueling DQN,404,53,5.442861764475858,12,1,0.8611852647279299,0.8164856255704624,0.04469963915746744,5.190478865379703,85.05027724261463,86.9673393935565,1.9170621509418737,86.41152823037352,0.0,100.0,0.15837492721653829,0.1872361185603147,0.028861191343776404,0.0,100.0,12,2.5257847946975835,1.2110070659773773
Dueling DQN,404,54,5.366773418294609,12,1,0.8730082560562928,0.9078303954549432,-0.03482213939865031,-3.988752587055136,98.86095919032195,74.73906360926419,-24.121895581057757,88.84705367748404,0.0,100.0,0.1320617795153828,0.12528488997625195,-0.006776889539130859,0.0,100.0,12,2.541740979447646,1.0267786919372988
Dueling DQN,404,55,5.08066876745629,12,1,0.793193807141052,0.7906783615368058,0.0025154456042462137,0.31712874982127753,97.50329057757938,73.99039103437524,-23.512899543204142,86.72861748858925,0.0,100.0,0.20028811557726364,0.16620704496835023,-0.03408107060891341,0.0,91.66666666666666,12,2.6306998648156354,1.2136204434392268
Dueling DQN,404,56,5.50987448370318,12,1,0.8033888226680632,0.8262162368362465,-0.022827414168183235,-2.8413905600992977,89.59311554377699,79.98440184149189,-9.608713702285101,84.5754518760141,0.0,100.0,0.169503429080008,0.1848289902665055,0.0153255611864975,0.0,100.0,12,2.442580354065381,1.2366422500138776
Dueling DQN,404,57,5.307477127640327,12,1,0.8894319465747271,0.7696998829998815,0.11973206357484567,13.461632903556403,84.09951870841994,100.0,15.900481291580064,84.23364323022504,0.0,100.0,0.17273366552625088,0.20973320477731505,0.03699953925106417,0.0,83.33333333333334,12,2.6673127045115526,1.197036580041086
Dueling DQN,404,58,5.470118010398614,12,1,0.9269064009890595,0.8812775857493259,0.04562881523973361,4.922699335234408,96.29919535001059,84.87020907382906,-11.428986276181533,87.5256587324475,0.0,100.0,0.13621751485943004,0.13840956656491105,0.0021920517054810074,0.0,100.0,12,2.633678032916715,1.177311489701538
Dueling DQN,404,59,5.058513313425776,12,1,0.8643578375123425,0.828381404215199,0.035976433297143506,4.162215200209808,88.18958236929728,76.67119348052935,-11.51838888876793,77.83234039848362,0.0,100.0,0.11206928662760303,0.1798550529989592,0.06778576637135618,0.0,91.66666666666666,12,2.255395239050794,1.1922832008287352
Dueling DQN,404,60,5.310121900418545,12,1,0.8366972825250503,0.8432262648494152,-0.00652898232436494,-0.7803278988383072,100.0,100.0,0.0,84.43102641946132,0.0,100.0,0.1250067817295945,0.15952168326193275,0.034514901532338244,0.0,100.0,12,2.3315663043736805,1.187841921644998
Dueling DQN,404,61,5.604224317544146,12,1,0.8351665869727432,0.9064580554961562,-0.07129146852341306,-8.536197404858555,100.0,98.2451176888916,-1.7548823111084033,90.27993948744135,0.0,100.0,0.1684033673092006,0.16220414131733374,-0.006199225991866869,0.0,100.0,12,2.530906641448906,1.1950475801626357
Dueling DQN,404,62,5.327956959172198,12,1,0.8255323079729825,0.8277363848547699,-0.0022040768817873646,-0.26698856731595033,78.67061531384405,70.35786063273703,-8.312754681107023,83.80079620090173,0.0,100.0,0.16882911014035806,0.18557492004298878,0.01674580990263072,0.0,100.0,12,2.5330163609483765,1.1250461617198024
Dueling DQN,404,63,5.293578119340941,12,1,0.8890349036911245,0.8270455555172734,0.061989348173851044,6.972656294649582,79.14695062313794,57.915184112102104,-21.231766511035836,79.56640078716926,0.0,100.0,0.12074544022447922,0.12948278068488936,0.008737340460410137,0.0,83.33333333333334,12,2.44557088834454,1.0930386613602268
Dueling DQN,404,64,5.40612493842957,12,1,0.8299952365423321,0.7572726022102245,0.07272263433210757,8.761813457515972,82.62957880490221,98.99592288925493,16.36634408435272,84.4674394489828,0.0,100.0,0.19668983668429613,0.18295757302334964,-0.013732263660946487,0.0,100.0,12,2.6212612191111693,1.2472152002064216
Dueling DQN,404,65,5.504245860223724,12,1,0.7990369023904437,0.8706044261543251,-0.07156752376388142,-8.956723218887138,91.62565462220937,76.3604934612724,-15.26516116093697,86.44545769315805,0.0,100.0,0.14269367790967796,0.15276698167775973,0.01007330376808177,0.0,91.66666666666666,12,2.4977274172780874,1.136026995333598
Dueling DQN,404,66,5.50152086123253,12,1,0.8932010849215066,0.8526136302382025,0.04058745468330416,4.54404448992255,100.0,94.70969559037911,-5.290304409620887,85.63692041464908,0.0,100.0,0.09727935606399825,0.14343375063952266,0.04615439457552441,0.0,100.0,12,2.372228875351896,1.1696273056358846
Dueling DQN,404,67,5.617009788171986,12,1,0.861583871687899,0.8783596612459588,-0.016775789558059806,-1.947087231936566,93.69611933886743,89.97098206163507,-3.7251372772323634,87.10121323866548,0.0,100.0,0.11578084017494573,0.15215108955567194,0.03637024938072621,0.0,100.0,12,2.414146725116375,1.2184489053511856
Dueling DQN,404,68,5.002585436778034,12,1,0.7768898068337668,0.7599451631872938,0.01694464364647308,2.1810871371232663,100.0,67.41449488996821,-32.58550511003179,79.03193580880277,0.0,100.0,0.21731872502593066,0.20151296251082088,-0.01580576251510979,0.0,100.0,12,2.6148318462464983,1.2857413882259774
Dueling DQN,404,69,5.146215515159686,12,1,0.8508830762727241,0.8366738510044434,0.014209225268280723,1.669938639574775,84.51954795969725,41.08041064972818,-43.43913730996907,79.6645967195111,0.0,100.0,0.16104951988095578,0.15815188909511652,-0.002897630785839267,0.0,91.66666666666666,12,2.4790100523427703,1.1624306523770465
Dueling DQN,404,70,5.477642705484787,12,1,0.8863750176472195,0.822709425774318,0.06366559187290144,7.182692495315857,100.0,91.30088797323143,-8.699112026768574,85.49482055773372,0.0,100.0,0.12091030348210602,0.16332305566846897,0.04241275218636295,0.0,100.0,12,2.305954767723857,1.098112647681494
Dueling DQN,404,71,5.462345228772442,12,1,0.8861401081299695,0.8189351279439613,0.06720498018600818,7.584012908278301,61.67600177072485,100.0,38.32399822927515,82.0984111952334,0.0,100.0,0.14243442447294535,0.1498631053479137,0.007428680874968341,0.0,100.0,12,2.4665154403613916,1.168312085296845
Dueling DQN,404,72,5.251010255968265,12,1,0.8247915301358898,0.7680650076794823,0.056726522456407524,6.877680042017582,85.7017568872977,67.60868517176706,-18.09307171553064,80.47279890763075,0.0,100.0,0.1526485154077091,0.1769576705290142,0.024309155121305104,0.0,100.0,12,2.3748812757031303,1.151612649329658
Dueling DQN,404,73,5.4183937914342835,12,1,0.8726997962732301,0.7983657669770269,0.07433402929620325,8.517709023611403,100.0,64.77499587783532,-35.22500412216468,79.62611394408698,0.0,100.0,0.0793437380964683,0.20735969481242808,0.12801595671595978,0.0,100.0,12,2.277451355377218,1.2049894626070077
Dueling DQN,404,74,5.206961089921663,12,1,0.7894766752615063,0.8392935050581112,-0.049816829796604845,-6.310107867354474,70.88156244278366,100.0,29.11843755721634,80.68790295727125,0.0,100.0,0.17479878688536973,0.14861452553524912,-0.026184261350120613,0.0,91.66666666666666,12,2.4270164731486505,1.1112176771425937
Dueling DQN,404,75,5.294379455491613,12,1,0.8526457173751643,0.8280911045784174,0.024554612796746866,2.879814241293237,99.37756018511203,73.35395645144078,-26.02360373367125,82.41568676852705,0.0,100.0,0.13446518172925742,0.13935690768448986,0.004891725955232434,0.0,91.66666666666666,12,2.301295714140791,1.1426221608300187
Dueling DQN,404,76,4.8451339382336505,12,1,0.8457606179737267,0.8073495161182658,0.03841110185546093,4.5416044491981955,86.50173059806261,57.801332903968515,-28.700397694094093,76.60248458393858,0.0,100.0,0.18148598879858033,0.1693199708170843,-0.012166017981496025,0.0,91.66666666666666,12,2.640135429365656,1.2853968061453744
Dueling DQN,404,77,5.534098764270037,12,1,0.799602003418405,0.8095514206129011,-0.009949417194496046,-1.2442961813453397,70.51837639200103,86.24527918634807,15.72690279434704,85.34648114312085,0.0,100.0,0.17649263301339949,0.18674428951151395,0.010251656498114464,0.0,91.66666666666666,12,2.5633737376245587,1.1880258972153817
Dueling DQN,404,78,5.5535897705145665,12,1,0.8195097951378452,0.8540306321823019,-0.03452083704445674,-4.212376380278674,75.5249415420673,79.7559551961429,4.2310136540756105,87.92862766951936,0.0,100.0,0.1784404242769443,0.1551077175681072,-0.02333270670883708,0.0,100.0,12,2.5968767441678424,1.1734384335619885
Dueling DQN,404,79,4.587702947869428,12,1,0.902127959914699,0.8412291992334314,0.06089876068126754,6.750567922429301,59.839285949210506,88.82702707308255,28.98774112387204,72.66265664641229,0.0,100.0,0.1150343386917683,0.15844046243197077,0.043406123740202474,0.0,75.0,12,2.503041331148707,1.0104825536629591
Dueling DQN,404,80,5.533735438517708,12,1,0.8953381895943033,0.8224819189060204,0.07285627068828293,8.137290638892065,100.0,100.0,0.0,91.48050680175,0.0,100.0,0.13411604080012363,0.15926832147687706,0.02515228067675343,0.0,100.0,12,2.508119441237105,1.0885797098557148
Dueling DQN,404,81,5.478475658200233,12,1,0.7836546128029749,0.7813455568816532,0.00230905592132169,0.294652246486837,91.87899119438327,85.5237704690131,-6.355220725370174,85.13540147985644,0.0,100.0,0.19658476286316492,0.2009472209345948,0.0043624580714298755,0.0,100.0,12,2.5772428360454716,1.2676212768728838
Dueling DQN,404,82,5.60095255355672,12,1,0.8395753361641841,0.8278017424612342,0.011773593702949947,1.4023272475750228,85.14569869416874,83.44146230758437,-1.7042363865843697,87.31185902741879,0.0,100.0,0.1297421852133521,0.1566993212819514,0.026957136068599313,0.0,100.0,12,2.4018103417338827,1.1532408801516465
Dueling DQN,404,83,5.451166027266193,12,1,0.8974057014582829,0.8545320292117609,0.042873672246522054,4.7775127990442225,71.71067675631038,73.27232370712997,1.5616469508195934,88.1530625449675,0.0,100.0,0.12608152722463972,0.14549215526198772,0.019410628037348,0.0,100.0,12,2.4570760346018012,1.080423196121413
Dueling DQN,404,84,5.421649592961437,12,1,0.8111773446522346,0.8319213266049271,-0.02074398195269256,-2.5572684061567146,87.43074212378686,90.5308364911802,3.100094367393339,87.33676433488955,0.0,100.0,0.17367257423400462,0.16260153322738993,-0.011071041006614685,0.0,91.66666666666666,12,2.5798848713303175,1.1874459002478641
Dueling DQN,404,85,5.621902330210174,12,1,0.8135315503174461,0.8618322245688639,-0.04830067425141782,-5.937160548053795,70.92816965873722,93.77711489336026,22.848945234623045,88.48799159129368,0.0,100.0,0.15207655008793067,0.1249231555451419,-0.02715339454278877,0.0,100.0,12,2.531020466265227,1.186442243038213
Dueling DQN,404,86,5.540270836304502,12,1,0.819109918242124,0.8260564448027397,-0.006946526560615673,-0.8480579231079853,89.07112868066383,94.29323606926262,5.222107388598786,87.70056579646791,0.0,100.0,0.15453816745092272,0.15548801436265905,0.0009498469117363295,0.0,100.0,12,2.433035806231121,1.1667947113223238
Dueling DQN,404,87,5.553062828256835,12,1,0.8242096300746231,0.8252458274153855,-0.0010361973407624347,-0.12572012058007845,85.0832366469703,97.0457240948897,11.9624874479194,88.63042650144985,0.0,100.0,0.16363928470433795,0.10495575909075344,-0.0586835256135845,0.0,100.0,12,2.5004124887575245,1.1439371721149694
Dueling DQN,404,88,5.073963469491136,12,1,0.792660288543835,0.82308018699892,-0.03041989845508508,-3.8376967907611825,89.92343964844814,45.84184583245982,-44.08159381598832,79.5834012179586,0.0,100.0,0.18408188905204895,0.14541923620234887,-0.03866265284970008,0.0,83.33333333333334,12,2.5369024913807894,1.2503353779890272
Dueling DQN,404,89,5.372885746617782,12,1,0.9346634426384831,0.8064194651818403,0.12824397745664284,13.72087230614476,100.0,42.442131070706964,-57.557868929293036,83.11864762491952,0.0,100.0,0.09319349931698584,0.16491298230715906,0.07171948299017322,0.0,91.66666666666666,12,2.509504507407755,1.0572647205837564
Dueling DQN,404,90,5.405474857113839,12,1,0.8159670074069139,0.8350384676066247,-0.019071460199710843,-2.3372832512332344,92.07206782897057,82.44870637791043,-9.623361451060148,86.63511725196054,0.0,100.0,0.19188127575287336,0.15128873152355957,-0.0405925442293138,0.0,100.0,12,2.583021608036359,1.2151116524220757
Dueling DQN,404,91,5.580639639639532,12,1,0.8472020319560792,0.8070790871595607,0.04012294479651857,4.735935855097032,81.53412184973263,100.0,18.465878150267372,90.43374683594561,0.0,100.0,0.1506833504467313,0.1657481877587874,0.0150648373120561,0.0,100.0,12,2.579378696946839,1.126212133406022
Dueling DQN,404,92,5.450331628133067,12,1,0.901290554119566,0.8594375066262542,0.04185304749331187,4.643679810246808,99.1500565854912,76.18882870769148,-22.961227877799715,83.76276771845811,0.0,100.0,0.11514664643254585,0.1458766758132881,0.030730029380742235,0.0,91.66666666666666,12,2.49241952184684,1.1793034350728362
Dueling DQN,404,93,5.181102050490105,12,1,0.8354996262892076,0.8674117000287239,-0.03191207373951632,-3.8195198101106014,75.24522710058122,61.38694631999629,-13.858280780584927,81.75100019301182,0.0,100.0,0.19591004747219715,0.1486423597204285,-0.04726768775176865,0.0,100.0,12,2.6904638223712847,1.2071005830107566
Dueling DQN,404,94,5.613029967709435,12,1,0.8229811477640931,0.8009976593536423,0.021983488410450835,2.6712019431036085,98.08569002663194,90.93690505277925,-7.148784973852685,85.91117033426058,0.0,100.0,0.1745564407513946,0.14961111207973507,-0.024945328671659522,0.0,100.0,12,2.5510628300967415,1.2352334802302642
Dueling DQN,404,95,5.189680146151156,12,1,0.7830791937547893,0.8583918549276248,-0.07531266117283553,-9.61750251742976,87.31794898642706,84.15067822916194,-3.167270757265115,83.14629512561264,0.0,100.0,0.19875978872178604,0.20067426083452047,0.0019144721127344333,0.0,83.33333333333334,12,2.596188112722304,1.2534909191115375
Dueling DQN,404,96,5.305066789214887,12,1,0.787585831776894,0.9232092915572707,-0.1356234597803767,-17.220149767599665,57.9557236296251,72.34980967942248,14.39408604979738,84.11836740598018,0.0,100.0,0.15873835770506545,0.1011688723754332,-0.05756948532963224,0.0,91.66666666666666,12,2.590214083797625,1.1335989833311717
Dueling DQN,404,97,5.556985194442125,12,1,0.860459054243513,0.8973766348142499,-0.03691758057073691,-4.2904517523141905,75.60722658191511,100.0,24.392773418084886,89.23943966188968,0.0,100.0,0.15361446357520414,0.10184370888532879,-0.05177075468987535,0.0,100.0,12,2.5085566622364452,1.128977676698936
Dueling DQN,404,98,5.065921392169335,12,1,0.859549930124297,0.8907726905425257,-0.03122276041822869,-3.6324545350976476,73.57573770460107,96.33795097656022,22.762213271959155,76.37426537760224,0.0,100.0,0.12412499384473857,0.09726837567430367,-0.0268566181704349,0.0,91.66666666666666,12,2.422470911964508,1.2470824868923036
Dueling DQN,404,99,5.462174671512676,12,1,0.8859031752035398,0.8906910598161902,-0.00478788461265045,-0.5404523594297328,84.51831979582975,83.37075110646526,-1.1475686893644905,85.07983555731549,0.0,100.0,0.11448399223731798,0.14025306190671474,0.025769069669396766,0.0,100.0,12,2.498195169118869,1.0481156954044402
Dueling DQN,404,100,5.467085543320602,12,1,0.7929048892947048,0.8421815609500867,-0.049276671655381854,-6.214701450411518,86.86052075045521,81.94599070094121,-4.914530049513999,85.44598214764288,0.0,100.0,0.19261369561871192,0.13389965404499884,-0.05871404157371307,0.0,100.0,12,2.5874963382906153,1.18582032065038
Dueling DQN,404,101,5.584768789065212,12,1,0.8318746258680619,0.8465516032243585,-0.014676977356296583,-1.764325644742577,96.16008676440637,97.24541641299055,1.0853296485841781,91.95196507886963,0.0,100.0,0.14518954419156807,0.1561131477447445,0.010923603553176425,0.0,100.0,12,2.4396667890135526,1.1256526490166654
Dueling DQN,404,102,5.297217888270439,12,1,0.8878760968540875,0.853862900227373,0.03401319662671454,3.8308494560479454,76.81019188581442,53.55734336768473,-23.25284851812969,82.16740816904668,0.0,100.0,0.1211311409440847,0.17866382885592152,0.05753268791183683,0.0,91.66666666666666,12,2.4458898980073633,1.1199788741332695
Dueling DQN,404,103,5.356532476352525,12,1,0.8704182531296816,0.8063882925143631,0.06402996061531852,7.356229075515359,86.08518516094252,45.28284062192987,-40.802344539012644,81.90777823294293,0.0,100.0,0.1242087794921907,0.17695832089526986,0.052749541403079164,0.0,91.66666666666666,12,2.373992236068211,1.1318457985168418
Dueling DQN,404,104,5.504382660345834,12,1,0.8289267529567024,0.7927123284913419,0.036214424465360495,4.368832871684634,91.86894025689483,87.78880217317389,-4.080138083720939,86.26869102540682,0.0,100.0,0.1447883446851433,0.20407183842492593,0.059283493739782644,0.0,100.0,12,2.5610850363949953,1.2397054158953005
Dueling DQN,404,105,5.249531276196459,12,1,0.8242718593059057,0.7897694018609367,0.03450245744496905,4.185810428372809,71.10522730627046,66.86194576506588,-4.243281541204581,76.97621735340006,0.0,100.0,0.13382455694047077,0.1836967880389842,0.049872231098513436,0.0,83.33333333333334,12,2.3528032293788392,1.1201851101977711
Dueling DQN,404,106,5.5274120275952825,12,1,0.8348120813262117,0.7897237096047882,0.04508837172142344,5.401020508686754,93.71064624724094,96.03202885244349,2.321382605202544,84.09443991892748,0.0,100.0,0.16286211737201425,0.18872284959530303,0.025860732223288774,0.0,91.66666666666666,12,2.4585028372016673,1.2051538038541618
Dueling DQN,404,107,4.948739133778934,12,1,0.8675905487978499,0.839927408475954,0.027663140321895874,3.1885018065522326,7.068200228580033,98.16965174921029,91.10145152063025,73.19118076835015,0.0,100.0,0.1531956340980918,0.13780845765701555,-0.015387176441076261,0.0,83.33333333333334,12,2.384261439686598,1.151453772857579
Dueling DQN,404,108,5.716300313257012,12,1,0.8809150333798023,0.8167383225537348,0.06417671082606746,7.285232785713851,100.0,74.64397709024753,-25.35602290975247,89.12505942486763,0.0,100.0,0.12707836562448926,0.1569247702916466,0.029846404667157322,0.0,100.0,12,2.5600351557731877,1.176523355372368
Dueling DQN,404,109,5.506654951740831,12,1,0.8484123350571133,0.8927639182778526,-0.04435158322073929,-5.227597641865218,94.82233180807113,86.61901115136665,-8.203320656704477,83.25855061552349,0.0,100.0,0.13920927606903208,0.12051194202824325,-0.018697334040788827,0.0,100.0,12,2.3937764081644555,1.24255470225594
Dueling DQN,404,110,5.41503943407595,12,1,0.9198957835296186,0.8411897641714884,0.07870601935813026,8.555971314069634,100.0,76.44731474180544,-23.552685258194558,85.40502561756206,0.0,100.0,0.13613176670001742,0.17948152896496802,0.0433497622649506,0.0,100.0,12,2.525379347796322,1.1466663816627087
Dueling DQN,404,111,5.340393291873267,12,1,0.9021031681260905,0.8310845506722074,0.07101861745388305,7.872560474586039,92.86299597526194,65.17933396134804,-27.683662013913903,84.88310428993874,0.0,100.0,0.1386169610507717,0.13073539934348213,-0.00788156170728957,0.0,100.0,12,2.652126355088481,1.187910333743012
Dueling DQN,404,112,5.485685961909813,12,1,0.8745480882592751,0.8248786983441981,0.04966938991507697,5.679434965542067,68.9157652235432,78.86197902148223,9.946213797939023,84.91906172595999,0.0,100.0,0.12976837247655346,0.19860084055616462,0.06883246807961116,0.0,91.66666666666666,12,2.398748703049896,1.1311700068729842
Dueling DQN,404,113,4.8963265069099275,12,1,0.8494852145657845,0.8308161812549679,0.018669033310816596,2.1976878456159237,92.00341713699295,62.92608224616841,-29.077334890824538,78.26379293062547,0.0,100.0,0.1624043705363919,0.14701695798722755,-0.015387412549164342,0.0,83.33333333333334,12,2.5348528426528376,1.2330252077815422
Dueling DQN,404,114,5.048591083911556,12,1,0.9020648986065968,0.9143057996743386,-0.012240901067741783,-1.356986740826528,89.50662783089322,58.98106305360798,-30.52556477728524,76.96346494102727,0.0,100.0,0.11419459034967486,0.09888114257850966,-0.015313447771165195,0.0,83.33333333333334,12,2.460029534926845,1.1648492618442272
Dueling DQN,404,115,5.503167259834405,12,1,0.8153420168958544,0.8675667166626407,-0.05222469976678634,-6.405250641395209,93.00027796014557,85.68657442870058,-7.313703531444986,86.02332783369002,0.0,100.0,0.1686463037778879,0.14946219330386262,-0.019184110474025268,0.0,100.0,12,2.4412235923610126,1.1525900267128513
Dueling DQN,404,116,5.205481125285884,12,1,0.9001152707032833,0.7902447823104509,0.10987048839283242,12.206268682341959,92.28613235857945,89.79224329398829,-2.4938890645911584,80.76093397555928,0.0,100.0,0.13105373661825734,0.19189998941451442,0.06084625279625708,0.0,100.0,12,2.5744377149132114,1.1934758760525825
Dueling DQN,404,117,5.43960869725741,12,1,0.8845791680645911,0.8397323675002646,0.04484680056432655,5.069845886428548,87.12002311262796,82.20607041168671,-4.913952700941252,81.0089663047314,0.0,100.0,0.09588923931837745,0.1985647375367282,0.10267549821835076,0.0,91.66666666666666,12,2.442059721629447,1.1951524243049594
Dueling DQN,404,118,5.451947289750436,12,1,0.9171630455122793,0.8617033494952325,0.05545969601704681,6.046874248631543,76.17317875918069,94.63786689826689,18.464688139086206,80.73650748693066,0.0,100.0,0.1209628500952206,0.1326782368649706,0.011715386769749994,0.0,83.33333333333334,12,2.4950189746962126,1.1915077443553979
Dueling DQN,404,119,5.537583159168685,12,1,0.8501396512358049,0.8308948181348252,0.019244833100979686,2.2637260917079267,96.63093003970846,89.18256014047276,-7.448369899235701,88.95666185793937,0.0,100.0,0.1398088479283825,0.15786644662014998,0.018057598691767485,0.0,100.0,12,2.5061775543424827,1.191455652336079
Dueling DQN,404,120,5.270915873665105,12,1,0.8808724731669736,0.8306469293594345,0.050225543807539075,5.7017951335185595,70.69880193657976,41.387265735784865,-29.31153620079489,80.02303265457509,0.0,100.0,0.10626579341100631,0.20221609216358352,0.09595029875257721,0.0,91.66666666666666,12,2.281715381912999,1.0435113844060824
Dueling DQN,404,121,5.607280234402422,12,1,0.9026975900147918,0.8954088235337944,0.007288766480997411,0.8074427761436669,99.7808091019796,70.18377986118644,-29.597029240793162,87.40585606225945,0.0,100.0,0.12066046331180257,0.16470589289888488,0.04404542958708231,0.0,100.0,12,2.5254886899530216,1.220747377677368
Dueling DQN,404,122,5.202467464500813,12,1,0.8760851099897836,0.7746504015287049,0.10143470846107872,11.578179711587792,90.90133140036785,67.59620901327862,-23.305122387089227,80.17667564265047,0.0,100.0,0.1645547039760059,0.19648082059745878,0.031926116621452866,0.0,91.66666666666666,12,2.532585983393697,1.1607925164213646
Dueling DQN,404,123,5.183593372623727,12,1,0.824374371374855,0.8523243997473516,-0.027950028372496605,-3.39045333564686,75.39538360845268,79.75909741724595,4.363713808793278,81.91544276961196,0.0,100.0,0.19287928911273297,0.12472155673208245,-0.06815773238065052,0.0,91.66666666666666,12,2.6708617690420113,1.3001899281733473
Dueling DQN,404,124,5.617875470981019,12,1,0.9117131876387716,0.8567835501114939,0.05492963752727775,6.024881319259948,75.91699037332937,95.35667511886025,19.439684745530883,86.17950556389553,0.0,100.0,0.06672174916215298,0.15275848547003867,0.08603673630788569,0.0,100.0,12,2.346626770681247,1.0587529484864615
Dueling DQN,404,125,5.31330335737724,12,1,0.9224544761864533,0.9389335696539896,-0.016479093467536288,-1.7864397531749212,100.0,70.82380987631615,-29.176190123683853,86.95652028938866,0.0,100.0,0.12858325390512182,0.10696291241767669,-0.021620341487445127,0.0,100.0,12,2.544151121966581,1.0868831555396838
Dueling DQN,404,126,5.392269088556124,12,1,0.8279521863927902,0.902887677246661,-0.07493549085387075,-9.05070269581008,77.77832042936022,100.0,22.22167957063978,83.67589910755348,0.0,100.0,0.1312214189034785,0.11278853667410023,-0.018432882229378264,0.0,100.0,12,2.4389790132166023,1.2213884749046395
Dueling DQN,404,127,5.389958205568792,12,1,0.9201666871233334,0.8395311130869143,0.08063557403641908,8.763148586535516,81.85744238161203,57.19252277995497,-24.66491960165706,81.17193237533603,0.0,100.0,0.06251947219336465,0.16417250000836875,0.1016530278150041,0.0,91.66666666666666,12,2.309139651264574,1.0427046360292356
Dueling DQN,404,128,4.844798168967735,12,1,0.9056115629497439,0.8565272510588461,0.04908431189089779,5.420018239500072,59.69827621785283,83.5023320684149,23.804055850562072,73.56569035112037,0.0,100.0,0.12323556776533229,0.17825931117613958,0.05502374341080729,0.0,75.0,12,2.3547624604687876,1.1450628525940476
Dueling DQN,404,129,5.151143216691329,12,1,0.8364202569060163,0.8527273903557162,-0.016307133449699918,-1.9496339686967024,92.4319342791689,97.8507133758409,5.418779096671997,78.47231547799244,0.0,100.0,0.179106744563936,0.1601516240353747,-0.018955120528561298,0.0,91.66666666666666,12,2.5604672409123146,1.2172266361752915
Dueling DQN,404,130,5.018142335402736,12,1,0.8714550221733284,0.9325376955784023,-0.061082673405073895,-7.0092743573545935,72.18874003276328,76.82279381526669,4.634053782503415,79.69089924816967,0.0,100.0,0.14846447730441656,0.09099506939367896,-0.0574694079107376,0.0,100.0,12,2.4252173271009902,1.117214138319729
Dueling DQN,404,131,5.3345288797862365,12,1,0.8457195391846911,0.8607625498632225,-0.015043010678531421,-1.7787233215675151,91.64500205071319,89.24907233187815,-2.395929718835035,86.30959153574842,0.0,100.0,0.17781275363643956,0.14099452370115634,-0.03681822993528322,0.0,100.0,12,2.6125340263099006,1.1987229902388639
Dueling DQN,404,132,5.603649051243725,12,1,0.9142370526244706,0.9406213054589291,-0.026384252834458444,-2.8859312536850292,84.43802135870978,99.18987082747273,14.751849468762956,85.5520050376876,0.0,100.0,0.11101306088334376,0.05682058515704294,-0.054192475726300815,0.0,91.66666666666666,12,2.369001749230709,1.1360329892572798
Dueling DQN,404,133,5.3909786030906535,12,1,0.8114138711890788,0.8352545077962361,-0.023840636607157295,-2.938159853271951,95.49818290124085,74.60520626910522,-20.89297663213563,84.62611373132187,0.0,100.0,0.17490635176561975,0.15335449368540974,-0.021551858080210012,0.0,100.0,12,2.6104173949657103,1.2507962206628862
Dueling DQN,404,134,5.207578526557033,12,1,0.8678762481725419,0.797050521906076,0.070825726266466,8.160809379862782,80.66061601713358,72.40475140193755,-8.255864615196032,85.82215777400442,0.0,100.0,0.1723873512210369,0.20650745357428232,0.03412010235324542,0.0,100.0,12,2.7372157707369333,1.22825501527825
Dueling DQN,404,135,5.541741664955215,12,1,0.916251060691106,0.8123236268427305,0.10392743384837544,11.342680877224359,75.87476684179163,87.20956217927926,11.334795337487634,82.86395794246212,0.0,100.0,0.10184242578834075,0.1648340489490066,0.06299162316066585,0.0,100.0,12,2.330452801946691,1.1374261098327594
Dueling DQN,404,136,5.207658994168615,12,1,0.7948537456975677,0.8314376695846253,-0.03658392388705756,-4.60259816162171,99.48084966218869,74.06790196103672,-25.412947701151964,83.04117448162053,0.0,100.0,0.2143984415057181,0.1425148881418391,-0.071883553363879,0.0,100.0,12,2.649425680921903,1.1852044954588572
Dueling DQN,404,137,5.5586056281490475,12,1,0.8282134831298835,0.8446117600981516,-0.016398276968268122,-1.9799577406416702,100.0,95.85272382504823,-4.14727617495177,90.96169720786122,0.0,100.0,0.16928488688888332,0.14157916186321018,-0.027705725025673145,0.0,100.0,12,2.553979183740754,1.176743891343609
Dueling DQN,404,138,5.589239751983433,12,1,0.7925714143169886,0.8017392947228377,-0.009167880405849038,-1.1567260994076614,86.99011731625352,86.8960440413854,-0.09407327486812278,86.15255229222923,0.0,100.0,0.17762333679137252,0.20078646958902405,0.02316313279765153,0.0,100.0,12,2.5466519828672927,1.2003979256060429
Dueling DQN,404,139,4.917059901115591,12,1,0.7612147086234954,0.8047270399180473,-0.0435123312945519,-5.716170589141039,100.0,93.00102161700273,-6.998978382997265,76.48287631400693,0.0,100.0,0.18778302485602114,0.16546742870488632,-0.02231559615113482,0.0,83.33333333333334,12,2.571504992204345,1.101429283301398
Dueling DQN,404,140,5.672638836437144,12,1,0.8675240947286215,0.8057133876907907,0.06181070703783076,7.124955654075102,70.2522931887187,99.10303733982711,28.850744151108415,89.12449481994918,0.0,100.0,0.11882442904881683,0.18420719862654067,0.06538276957772383,0.0,100.0,12,2.439296329104167,1.1586624940026875
Dueling DQN,404,141,5.3701375354155925,12,1,0.8653503621887836,0.8863386272229292,-0.020988265034145637,-2.42540662732939,88.9764548411298,62.525504109744375,-26.45095073138542,84.88090846265865,0.0,100.0,0.14139868192158037,0.1375182492438994,-0.003880432677680956,0.0,100.0,12,2.492950911280143,1.177258777163216
Dueling DQN,404,142,5.654327557539082,12,1,0.8013355898876796,0.8112454401594146,-0.009909850271734966,-1.2366666845689451,91.40055397329614,85.64533090255676,-5.755223070739376,88.79075957270832,0.0,100.0,0.17137435079664187,0.1954186108035096,0.02404426000686774,0.0,100.0,12,2.5325115470346273,1.1729305930689367
Dueling DQN,404,143,5.5205569914930495,12,1,0.8574733777223594,0.8645570472482096,-0.007083669525850156,-0.8261095574379186,90.06038045960061,100.0,9.939619540399391,87.6315507638886,0.0,100.0,0.15436733973663247,0.14593053282060223,-0.008436806916030243,0.0,100.0,12,2.5472546549482495,1.2683488870661506
Dueling DQN,404,144,5.303798688502481,12,1,0.9139867956369789,0.8677313559333035,0.046255439703675405,5.060843321203443,73.50642717958719,86.09857319422562,12.59214601463843,79.15340101357978,0.0,100.0,0.12317259127269962,0.14700138728101797,0.023828796008318345,0.0,91.66666666666666,12,2.45642208992206,1.21432761992439
Dueling DQN,404,145,5.304869039733228,12,1,0.8225749243594123,0.8541642790809117,-0.031589354721499485,-3.8403012036988584,86.51867219400101,91.56843555713917,5.049763363138155,88.8893241972528,0.0,100.0,0.1793634836965741,0.16052022985525005,-0.018843253841324042,0.0,100.0,12,2.6227251663250075,1.1782123722291769
Dueling DQN,404,146,5.293918316776262,12,1,0.8630767400723016,0.829627278827649,0.033449461244652645,3.875606848337787,91.93331542813765,90.97281452577306,-0.9605009023645863,80.62340187072363,0.0,100.0,0.138805413493892,0.151888036557711,0.013082623063818993,0.0,91.66666666666666,12,2.4754873566674522,1.093489278432444
Dueling DQN,404,147,5.3305582848840904,12,1,0.7885039049161655,0.8426990610115273,-0.05419515609536174,-6.873162676489702,95.98987423236139,74.52162624556797,-21.468247986793415,83.75398974913786,0.0,100.0,0.18040012063006128,0.1424843252231959,-0.03791579540686538,0.0,91.66666666666666,12,2.491027199333897,1.2145698726059848
Dueling DQN,404,148,5.439470893957797,12,1,0.8757001569471822,0.8383811565828371,0.0373190003643451,4.261618553826066,73.63583702965674,96.63597530388411,23.000138274227368,80.73101703467749,0.0,100.0,0.1274812629606376,0.14205473593210066,0.014573472971463053,0.0,100.0,12,2.424918907921768,1.1686743570883853
Dueling DQN,404,149,5.225664485974796,12,1,0.7714373633912834,0.8812938313239311,-0.1098564679326477,-14.240490951813934,84.91449794911664,67.84313131355304,-17.071366635563592,83.33828083945627,0.0,100.0,0.1973831079948057,0.16901908826649734,-0.028364019728308376,0.0,100.0,12,2.623372096963469,1.2492711864782473
Dueling DQN,404,150,5.550641381936156,12,1,0.8677571496456219,0.8057143796679455,0.06204276997767644,7.149784937296537,65.74255627826197,87.02452554774376,21.28196926948179,87.06788130655012,0.0,100.0,0.14017290777366112,0.20562938067799597,0.06545647290433484,0.0,100.0,12,2.588160497321041,1.184055894535863
Dueling DQN,404,151,5.298194347967995,12,1,0.889790489757171,0.8480251115497707,0.04176537820740034,4.693844077699499,84.98346106017883,85.04926371136314,0.06580265118431328,79.38314842877776,0.0,100.0,0.13658148070115222,0.13364090825667213,-0.002940572444480094,0.0,91.66666666666666,12,2.4801608028302202,1.096814777110702
Dueling DQN,404,152,5.4918984477860135,12,1,0.8651533714176534,0.8306324635516601,0.03452090786599327,3.9901489153798,100.0,87.57136988249738,-12.428630117502621,83.85665046101896,0.0,100.0,0.15544737802650688,0.16151326134263946,0.0060658833161325865,0.0,100.0,12,2.487059107089664,1.1743120764561603
Dueling DQN,404,153,5.132829499445411,12,1,0.8205475002266752,0.8909899553845232,-0.07044245515784797,-8.584811377572697,94.93655743650979,10.9595055397866,-83.97705189672318,79.9694866246276,0.0,100.0,0.16611022542088646,0.12673209134287394,-0.03937813407801252,0.0,91.66666666666666,12,2.494234270583475,1.2066674034435256
Dueling DQN,404,154,5.3312843046541705,12,1,0.8662041313364737,0.9280893292001107,-0.061885197863637,-7.144412688052388,77.32760012092874,72.87934434305481,-4.448255777873925,84.58016901887255,0.0,100.0,0.16581745549161195,0.10469423898958163,-0.061123216502030314,0.0,100.0,12,2.570453473007596,1.237808036617248
Dueling DQN,404,155,5.280530128718599,12,1,0.8391974544584528,0.9140153615572062,-0.07481790709875336,-8.915411587733486,92.88546639081332,87.33875094327163,-5.546715447541686,83.4226255036195,0.0,100.0,0.16213517479083386,0.11529471339979525,-0.04684046139103862,0.0,100.0,12,2.513111954632953,1.1635466549626081
Dueling DQN,404,156,5.2801721217376345,12,1,0.8347803116140202,0.8663387172942583,-0.031558405680238044,-3.7804444164741864,95.21974143878,74.80967705965766,-20.410064379122346,84.96622206629402,0.0,100.0,0.12488136039378106,0.1543187228578337,0.029437362464052652,0.0,100.0,12,2.4334220571185834,1.1615145053863218
Dueling DQN,404,157,5.60264897122567,12,1,0.8697103631903167,0.8194749096048068,0.05023545358550985,5.776113027012068,74.09116118534281,100.0,25.908838814657187,85.60141154209771,0.0,100.0,0.13384746360356334,0.1566668957099398,0.022819432106376464,0.0,91.66666666666666,12,2.4236421916139195,1.1277746071627386
Dueling DQN,404,158,5.516430098069549,12,1,0.8840736164034213,0.823444964749996,0.06062865165342535,6.8578736576343235,97.20468026313412,93.77642153958413,-3.4282587235499875,89.68593507200906,0.0,100.0,0.14216340058545385,0.16196306207670633,0.01979966149125248,0.0,100.0,12,2.539204543350684,1.215854760105308
Dueling DQN,404,159,5.500921217489707,12,1,0.9041636558785896,0.8921615128235721,0.012002143055017456,1.327430380217483,88.395770826966,78.59076874480007,-9.805002082165927,85.8284180815129,0.0,100.0,0.10644552150302679,0.09747213978409931,-0.008973381718927476,0.0,100.0,12,2.522882564293398,1.254998281558175
Dueling DQN,404,160,5.237418303995516,12,1,0.8120094083112794,0.8872336226427114,-0.075224214331432,-9.263958466672742,92.95412103617217,62.49294783279235,-30.461173203379815,86.68959338410173,0.0,100.0,0.18119187393859462,0.14136381745973794,-0.03982805647885668,0.0,100.0,12,2.605600654398669,1.1920415322853224
Dueling DQN,404,161,5.398226904878011,12,1,0.8528527086919869,0.8670314188233601,-0.014178710131373173,-1.6625039689583614,87.7675414519264,100.0,12.232458548073595,82.37655520388539,0.0,100.0,0.13716215219893824,0.14897822161256974,0.011816069413631503,0.0,100.0,12,2.4183714380465187,1.1533156511242275
Dueling DQN,404,162,5.018341073897805,12,1,0.8860998356845139,0.8571922451613044,0.02890759052320946,3.2623401290756684,69.6773249940438,100.0,30.3226750059562,78.73914980469928,0.0,100.0,0.10761724280979618,0.12716311784904877,0.01954587503925259,0.0,100.0,12,2.2576257279223606,1.0718261316690123
Dueling DQN,404,163,4.968613880053382,12,1,0.8232646642654101,0.787580947465147,0.035683716800263166,4.334416178557031,94.80676881965564,85.19294345435661,-9.613825365299036,78.69820475443751,0.0,100.0,0.1922541955354457,0.15280401439881952,-0.03945018113662618,0.0,91.66666666666666,12,2.6534009619152528,1.3013270144141609
Dueling DQN,404,164,5.16358033463389,12,1,0.7435895525122528,0.813156355376573,-0.06956680286432027,-9.355537961673278,83.54043762013093,75.28995975719857,-8.250477862932357,82.54898992287697,0.0,100.0,0.1796832228959641,0.16510219714727736,-0.014581025748686749,0.0,91.66666666666666,12,2.551608556874116,1.208126264324969
Dueling DQN,404,165,5.5823242136325515,12,1,0.8247530446484543,0.847939410413705,-0.023186365765250683,-2.8113101146699884,90.01005251077098,86.0512678275977,-3.9587846831732776,87.36478865276429,0.0,100.0,0.155689573477467,0.13122837338848972,-0.024461200088977286,0.0,100.0,12,2.454921886922581,1.1809364305516319
Dueling DQN,404,166,4.740861999607689,12,1,0.7642958830161085,0.8101489130682848,-0.045853030052176336,-5.9993820549220365,93.57822836878108,75.93695526614977,-17.641273102631317,74.61091094319669,0.0,100.0,0.2140645820745364,0.16284283275053818,-0.05122174932399823,0.0,83.33333333333334,12,2.561601223369461,1.2843356085304654
Dueling DQN,404,167,5.3312956493135975,12,1,0.8316304926781337,0.8486538101743875,-0.017023317496253743,-2.0469809183442584,79.81717525872685,100.0,20.18282474127315,83.52640919849149,0.0,100.0,0.19731839289932773,0.1348845081059885,-0.06243388479333922,0.0,100.0,12,2.6283388435333417,1.320868463118774
Dueling DQN,404,168,5.467373408051721,12,1,0.8896218725295013,0.8373612272578776,0.05226064527162366,5.8744784593738295,95.60613483380122,64.4893108807098,-31.116823953091426,84.25490185560881,0.0,100.0,0.12704686735596873,0.17644063620214145,0.04939376884617272,0.0,100.0,12,2.443711646987433,1.0761830989576853
Dueling DQN,404,169,5.642455071859487,12,1,0.81467776631103,0.9513276119783829,-0.13664984566735294,-16.773484108461894,89.4471235333274,100.0,10.5528764666726,89.14467579212796,0.0,100.0,0.1572111339552158,0.1044930477113196,-0.05271808624389619,0.0,100.0,12,2.409333099350326,1.1205486113863703
Dueling DQN,404,170,4.926539371610004,12,1,0.9314765650642208,0.8797646397396687,0.051711925324552155,5.551607765997513,78.3793506408893,72.9022493232772,-5.477101317612096,74.35301229351342,0.0,100.0,0.08932244955925316,0.12110496480554635,0.03178251524629319,0.0,91.66666666666666,12,2.2588795784158338,1.1458316693743351
Dueling DQN,404,171,5.514947904475764,12,1,0.8161436299189135,0.8579783444593412,-0.04183471454042764,-5.12590100649123,100.0,98.39465402175348,-1.6053459782465183,88.64116847999459,0.0,100.0,0.19083472784448408,0.1670196877931685,-0.023815040051315572,0.0,100.0,12,2.513635711141255,1.2000637916049108
Dueling DQN,404,172,5.407528312426724,12,1,0.8232479204998752,0.8455038917628439,-0.022255971262968743,-2.7034348595080497,67.84925318579198,96.2820642743403,28.43281108854832,82.19755404146034,0.0,100.0,0.16302258516092766,0.12513944621818943,-0.03788313894273823,0.0,100.0,12,2.44617913930585,1.1015593540017183
Dueling DQN,404,173,5.446846513545582,12,1,0.8678093665529488,0.8558254833830248,0.011983883169924048,1.380934987775666,92.76847306994273,68.4992252082967,-24.269247861646022,86.63734502119443,0.0,100.0,0.16290086768737896,0.17209757037549053,0.009196702688111569,0.0,100.0,12,2.5852469894223464,1.2001844924785903
Dueling DQN,404,174,5.648388432305902,12,1,0.8434692203974758,0.8434135431763895,5.567722108634765e-05,0.0066009784044176924,82.89554286254027,100.0,17.104457137459733,88.58001374260884,0.0,100.0,0.1320559050899971,0.1651248279164551,0.033068922826458014,0.0,100.0,12,2.444271524532357,1.1930589832477196
Dueling DQN,404,175,5.650141865823936,12,1,0.9054015833843497,0.8475998124650352,0.05780177091931449,6.384103140537276,81.58403540663264,90.42800344290197,8.843968036269331,86.28858694325663,0.0,100.0,0.08726360995493436,0.17340730702530402,0.08614369707036966,0.0,100.0,12,2.345068690221008,1.0772646993012296
Dueling DQN,404,176,5.232656268370545,12,1,0.9162117455493799,0.9178239739387003,-0.0016122283893204026,-0.17596678902579188,84.99640568515898,100.0,15.003594314841024,80.84528346130197,0.0,100.0,0.14191660025606986,0.09358947520894088,-0.04832712504712898,0.0,91.66666666666666,12,2.539135835537435,1.1936896701556758
Dueling DQN,404,177,5.2215689943852155,12,1,0.8544551618324416,0.8842608457260953,-0.02980568389365368,-3.4882677552948724,88.9779497444056,64.50044353712067,-24.477506207284932,86.70308604030316,0.0,100.0,0.18802004637173625,0.14536547773405456,-0.04265456863768169,0.0,91.66666666666666,12,2.772277776250078,1.2348041176969236
Dueling DQN,404,178,5.326960687896347,12,1,0.8697363654953202,0.8683794088346346,0.001356956660685582,0.1560193082087337,79.98574647996877,94.59334999625877,14.607603516289998,83.37591473849048,0.0,100.0,0.13550374229058962,0.14485915396202168,0.009355411671432057,0.0,100.0,12,2.4072578054231117,1.093151083907322
Dueling DQN,404,179,5.403202015268029,12,1,0.8230257757776336,0.8603317615987509,-0.03730598582111733,-4.532784624621127,80.51214823156818,90.23801492219003,9.725866690621856,85.19761347974524,0.0,100.0,0.13208136353890687,0.11808323753493773,-0.013998126003969144,0.0,100.0,12,2.4060474086206827,1.139966535203707
Dueling DQN,404,180,5.660985166728166,12,1,0.8074539760680004,0.8405035581590841,-0.03304958209108366,-4.093060789919297,100.0,95.78217204818051,-4.217827951819487,91.58737751090412,0.0,100.0,0.16183175440163858,0.15176026654758182,-0.01007148785405676,0.0,100.0,12,2.462489022928055,1.1845680211776426
Dueling DQN,404,181,5.472229148240303,12,1,0.8937248883833059,0.8836128812168672,0.010112007166438675,1.1314451793695355,87.13810935776579,91.09363022579525,3.955520868029467,80.27621503037942,0.0,100.0,0.10537500029842838,0.1362851380647421,0.030910137766313725,0.0,100.0,12,2.409086727896456,1.2452653531972662
Dueling DQN,404,182,5.534821365835582,12,1,0.838099425772427,0.8294838059804082,0.008615619792018858,1.0279949522788834,100.0,64.49156595021209,-35.50843404978791,89.39696924233635,0.0,100.0,0.13989659861261333,0.18685943200764055,0.046962833395027215,0.0,100.0,12,2.5040497157481836,1.1825398337145319
Dueling DQN,404,183,5.713279811153092,12,1,0.8244616068966003,0.8400844403049392,-0.015622833408338921,-1.8949133928923212,91.4777210378137,100.0,8.522278962186306,89.59029068357533,0.0,100.0,0.1662687213358941,0.13212172736318958,-0.034146993972704515,0.0,100.0,12,2.6543595193774103,1.2670101137812415
Dueling DQN,404,184,5.442449923733424,12,1,0.8712183262444853,0.8920024072495958,-0.020784081005110533,-2.385634045911703,92.86342383028872,74.87836628783319,-17.985057542455536,83.09485704558303,0.0,100.0,0.13027757531679532,0.13250571171948758,0.00222813640269226,0.0,100.0,12,2.441001549790255,1.2317867358183516
Dueling DQN,404,185,5.099863114537819,12,1,0.7401750654203051,0.7983452348556571,-0.058170169435352026,-7.858974471440801,83.02014121170654,68.63803366200601,-14.382107549700535,78.70214695238046,0.0,100.0,0.21245492375139913,0.21831477646063277,0.005859852709233643,0.0,100.0,12,2.6987271906068724,1.257876429474589
Dueling DQN,404,186,5.541082459017744,12,1,0.9371382849127293,0.8995192667637257,0.03761901814900359,4.014244082719003,73.24799734882674,94.23380679437977,20.98580944555303,81.08187122355307,0.0,100.0,0.09880730935501611,0.11263028105095822,0.013822971695942113,0.0,91.66666666666666,12,2.439466966251147,1.0711466933009282
Dueling DQN,404,187,5.702400028162339,12,1,0.8868460800367222,0.8712725069818484,0.015573573054873724,1.7560626816131228,74.97930081689346,100.0,25.020699183106544,90.32455095153342,0.0,100.0,0.12487307444946559,0.126558677475313,0.0016856030258474014,0.0,100.0,12,2.4800870714058494,1.1805375128441644
Dueling DQN,404,188,5.252298731282492,12,1,0.8337393947865707,0.7974959114688339,0.03624348331773675,4.347099770548174,91.24975622135294,76.62405152778547,-14.62570469356747,81.61764487454123,0.0,100.0,0.18107697063879843,0.1912954085492567,0.010218437910458261,0.0,91.66666666666666,12,2.563127818182459,1.2039593388649887
Dueling DQN,404,189,5.089049607919371,12,1,0.7957240445382403,0.8691423124784862,-0.07341826794024586,-9.226599151323947,85.42445447134301,66.04160377108687,-19.382850700256142,78.73157651703518,0.0,100.0,0.15633651275963903,0.1387163084789903,-0.017620204280648727,0.0,91.66666666666666,12,2.503133610655681,1.1761691312418168
Dueling DQN,404,190,5.532644187645343,12,1,0.847441737066481,0.8140555979128299,0.03338613915365107,3.939638289379175,85.93480521653042,94.98949623423609,9.054691017705665,89.85657574840911,0.0,100.0,0.15187334687858559,0.17857919405315517,0.026705847174569586,0.0,100.0,12,2.4901782160191606,1.1977671253320468
Dueling DQN,404,191,5.144743814209372,12,1,0.8065345604391381,0.9475270516137282,-0.14099249117459012,-17.481270870503455,97.23112537571942,51.98734197973556,-45.243783395983854,82.32462660922106,0.0,100.0,0.16836163430604667,0.0888075994805802,-0.07955403482546647,0.0,83.33333333333334,12,2.569698057801506,1.252544526475652
Dueling DQN,404,192,5.493837510703563,12,1,0.8149628279488554,0.8667484758430867,-0.051785647894231235,-6.354357047740236,80.69002181399249,87.91273408076455,7.222712266772064,87.88436175119261,0.0,100.0,0.18846723222099981,0.10785073547966056,-0.08061649674133925,0.0,100.0,12,2.5752718108007446,1.2466629097663928
Dueling DQN,404,193,4.77279109681946,12,1,0.8842740354309664,0.8256175513925342,0.058656484038432155,6.6332925867087,97.26863623203316,20.91588800618314,-76.35274822585002,67.9000199169587,0.0,100.0,0.1395570567253638,0.1548069603066488,0.015249903581285001,0.0,75.0,12,2.585920295708039,1.2047697439389706
Dueling DQN,404,194,5.584203779229545,12,1,0.862767359424548,0.906259932453569,-0.04349257302902099,-5.041054526915556,88.14630869548249,75.96703604906436,-12.179272646418127,91.45448225559188,0.0,100.0,0.1539128242905602,0.1152289516895507,-0.038683872601009486,0.0,100.0,12,2.660691580126225,1.200241450546509
Dueling DQN,404,195,5.183877223309789,12,1,0.7699677452802006,0.9199809856092094,-0.15001324032900876,-19.483055134266323,81.84835150073904,83.11206239193045,1.2637108911914083,78.14048843450792,0.0,100.0,0.17576497376359612,0.10072188357671866,-0.07504309018687746,0.0,91.66666666666666,12,2.4444392597770705,1.171987755014458
Dueling DQN,404,196,5.3219417352052805,12,1,0.8495953545419204,0.8999051171554502,-0.05030976261352982,-5.9216146068331,66.86606513729872,100.0,33.13393486270128,77.78430379652787,0.0,100.0,0.12124211958872919,0.13341816704939002,0.012176047460660838,0.0,91.66666666666666,12,2.2845393302675996,1.1929232225206052
Dueling DQN,404,197,5.640922877919751,12,1,0.8312247030276145,0.899993860199715,-0.06876915717210041,-8.27323308867251,92.08962439978903,73.66633028733457,-18.423294112454457,86.77812016745953,0.0,100.0,0.15303723971849417,0.10369999625414092,-0.04933724346435325,0.0,100.0,12,2.4401837844491565,1.198870674090882
Dueling DQN,404,198,5.464445396293618,12,1,0.8408321882165801,0.9472730325793289,-0.10644084436274881,-12.658987828298024,95.21079478919295,69.28305242827211,-25.92774236092083,86.16716481184567,0.0,100.0,0.16177903148401782,0.09879745847109866,-0.06298157301291915,0.0,100.0,12,2.4680206778972607,1.144297390192097
Dueling DQN,404,199,5.489739678610332,12,1,0.8860146706558372,0.8969305994086207,-0.010915928752783577,-1.2320257343711358,99.17867700725928,70.57056134155962,-28.608115665699657,84.44273584190073,0.0,100.0,0.11106812881614703,0.16474993851274833,0.0536818096966013,0.0,100.0,12,2.5102056593602193,1.1923297744481622
Dueling DQN,404,200,5.551254808530694,12,1,0.903600058091904,0.8169644674133838,0.08663559067852022,9.587824823901087,84.88148336496477,79.04369473594372,-5.837788629021048,82.24506110722963,0.0,100.0,0.10495374299576181,0.12093208603596778,0.01597834304020597,0.0,100.0,12,2.4437033131565538,1.1940006995791974
